image,x,y,w,h,contrast,area_px,aspect,polarity,evidence_class,matches_coord,agrees,disagrees,near_edge,persistence,compactness,bg_std,smooth,grid_energy,edge_sharpness,contrast_stability,interest,score,verdict,confidence,flags,recommendation,path,baseline_fp,fdr_q,solar_elevation_deg,solar_azimuth_deg,pixel_scale_m,size_m,shadow_alignment,inferred_height_m,spacecraft_altitude_km
ESP_013236_1410_MIRB.abrowse_enh.png,752,5296,12,28,3.77,336,2.33,dark,3,2,2,0,False,1.0,1.0,22.63,no,0.8626,1.262,0.9715,60.9,100.0,CONFIRMED-LEAD,high,small_blob,"Real feature confirmed at the same pixels in the corresponding band variant(s) of one acquisition. Fetch the EDR original, geolocate on Trek, and check for an independent pass at a different lighting before writing a finding.",data/processed\ESP_013236_1410\ESP_013236_1410_MIRB.abrowse_enh.png,,0.025,,,,,,,
ESP_013236_1410_MIRB.browse_enh.png,1276,2732,12,32,3.86,384,2.67,dark,3,2,2,0,False,1.0,1.0,13.18,no,0.79,1.5945,0.8818,61.2,100.0,CONFIRMED-LEAD,high,small_blob,"Real feature confirmed at the same pixels in the corresponding band variant(s) of one acquisition. Fetch the EDR original, geolocate on Trek, and check for an independent pass at a different lighting before writing a finding.",data/processed\ESP_013236_1410\ESP_013236_1410_MIRB.browse_enh.png,,0.025,,,,,,,
ESP_013236_1410_MRGB.abrowse_enh.png,752,5296,12,28,3.77,336,2.33,dark,3,2,2,0,False,1.0,1.0,22.63,no,0.8626,1.262,0.9715,60.9,100.0,CONFIRMED-LEAD,high,small_blob,"Real feature confirmed at the same pixels in the corresponding band variant(s) of one acquisition. Fetch the EDR original, geolocate on Trek, and check for an independent pass at a different lighting before writing a finding.",data/processed\ESP_013236_1410\ESP_013236_1410_MRGB.abrowse_enh.png,,0.025,,,,,,,
ESP_013236_1410_MRGB.browse_enh.png,1276,2732,12,32,3.86,384,2.67,dark,3,2,2,0,False,1.0,1.0,13.18,no,0.79,1.5945,0.8818,61.2,100.0,CONFIRMED-LEAD,high,small_blob,"Real feature confirmed at the same pixels in the corresponding band variant(s) of one acquisition. Fetch the EDR original, geolocate on Trek, and check for an independent pass at a different lighting before writing a finding.",data/processed\ESP_013236_1410\ESP_013236_1410_MRGB.browse_enh.png,,0.025,,,,,,,
ESP_013236_1410_RED.abrowse_enh.png,752,5296,12,28,3.88,336,2.33,dark,3,2,2,0,False,1.0,1.0,22.86,no,0.8691,1.2294,0.9635,61.9,100.0,CONFIRMED-LEAD,high,small_blob,"Real feature confirmed at the same pixels in the corresponding band variant(s) of one acquisition. Fetch the EDR original, geolocate on Trek, and check for an independent pass at a different lighting before writing a finding.",data/processed\ESP_013236_1410\ESP_013236_1410_RED.abrowse_enh.png,,0.025,,,,,,,
ESP_013236_1410_RED.browse_enh.png,1276,2732,12,32,3.88,384,2.67,dark,3,2,2,0,False,1.0,1.0,14.04,no,0.7921,1.5854,0.8926,61.4,100.0,CONFIRMED-LEAD,high,small_blob,"Real feature confirmed at the same pixels in the corresponding band variant(s) of one acquisition. Fetch the EDR original, geolocate on Trek, and check for an independent pass at a different lighting before writing a finding.",data/processed\ESP_013236_1410\ESP_013236_1410_RED.browse_enh.png,,0.025,,,,,,,
ESP_013948_1410_MIRB.abrowse_enh.png,2084,9972,20,24,3.49,480,1.2,bright,3,2,2,0,False,1.0,1.0,20.99,no,0.8105,1.5477,0.9002,60.4,100.0,CONFIRMED-LEAD,high,small_blob,"Real feature confirmed at the same pixels in the corresponding band variant(s) of one acquisition. Fetch the EDR original, geolocate on Trek, and check for an independent pass at a different lighting before writing a finding.",data/processed\ESP_013948_1410\ESP_013948_1410_MIRB.abrowse_enh.png,,0.049,,,,,,,
ESP_013948_1410_MIRB.browse_enh.png,728,5516,16,28,3.97,448,1.75,dark,3,2,2,0,False,1.0,1.0,19.52,no,0.8885,1.5306,0.9349,63.7,100.0,CONFIRMED-LEAD,high,small_blob,"Real feature confirmed at the same pixels in the corresponding band variant(s) of one acquisition. Fetch the EDR original, geolocate on Trek, and check for an independent pass at a different lighting before writing a finding.",data/processed\ESP_013948_1410\ESP_013948_1410_MIRB.browse_enh.png,,0.025,,,,,,,
ESP_013948_1410_MRGB.abrowse_enh.png,2084,9972,20,24,3.64,480,1.2,bright,3,2,2,0,False,1.0,1.0,20.58,no,0.8176,1.5227,0.8915,61.8,100.0,CONFIRMED-LEAD,high,small_blob,"Real feature confirmed at the same pixels in the corresponding band variant(s) of one acquisition. Fetch the EDR original, geolocate on Trek, and check for an independent pass at a different lighting before writing a finding.",data/processed\ESP_013948_1410\ESP_013948_1410_MRGB.abrowse_enh.png,,0.034,,,,,,,
ESP_013948_1410_MRGB.browse_enh.png,728,5516,16,28,3.95,448,1.75,dark,3,2,2,0,False,1.0,1.0,19.73,no,0.8879,1.5159,0.936,63.5,100.0,CONFIRMED-LEAD,high,small_blob,"Real feature confirmed at the same pixels in the corresponding band variant(s) of one acquisition. Fetch the EDR original, geolocate on Trek, and check for an independent pass at a different lighting before writing a finding.",data/processed\ESP_013948_1410\ESP_013948_1410_MRGB.browse_enh.png,,0.025,,,,,,,
ESP_013948_1410_RED.browse_enh.png,728,5516,16,28,3.94,448,1.75,dark,3,2,2,0,False,1.0,1.0,20.91,no,0.895,1.4882,0.9453,63.4,100.0,CONFIRMED-LEAD,high,small_blob,"Real feature confirmed at the same pixels in the corresponding band variant(s) of one acquisition. Fetch the EDR original, geolocate on Trek, and check for an independent pass at a different lighting before writing a finding.",data/processed\ESP_013948_1410\ESP_013948_1410_RED.browse_enh.png,,0.025,,,,,,,
ESP_013236_1410_RED.browse_enh.png,752,5100,16,28,3.5,448,1.75,dark,3,2,2,0,False,1.0,1.0,22.41,no,0.8551,1.1738,0.8913,59.6,99.6,CONFIRMED-LEAD,high,small_blob,"Real feature confirmed at the same pixels in the corresponding band variant(s) of one acquisition. Fetch the EDR original, geolocate on Trek, and check for an independent pass at a different lighting before writing a finding.",data/processed\ESP_013236_1410\ESP_013236_1410_RED.browse_enh.png,,0.049,,,,,,,
ESP_013236_1410_MIRB.browse_enh.png,752,5100,16,28,3.45,448,1.75,dark,3,2,2,0,False,1.0,1.0,21.8,no,0.849,1.2528,0.8911,59.2,99.2,CONFIRMED-LEAD,high,small_blob,"Real feature confirmed at the same pixels in the corresponding band variant(s) of one acquisition. Fetch the EDR original, geolocate on Trek, and check for an independent pass at a different lighting before writing a finding.",data/processed\ESP_013236_1410\ESP_013236_1410_MIRB.browse_enh.png,,0.049,,,,,,,
ESP_013236_1410_MRGB.browse_enh.png,752,5100,16,28,3.45,448,1.75,dark,3,2,2,0,False,1.0,1.0,21.8,no,0.849,1.2528,0.8911,59.2,99.2,CONFIRMED-LEAD,high,small_blob,"Real feature confirmed at the same pixels in the corresponding band variant(s) of one acquisition. Fetch the EDR original, geolocate on Trek, and check for an independent pass at a different lighting before writing a finding.",data/processed\ESP_013236_1410\ESP_013236_1410_MRGB.browse_enh.png,,0.049,,,,,,,
ESP_013948_1410_MIRB.abrowse_enh.png,728,5712,12,28,3.4,336,2.33,dark,3,2,2,0,False,1.0,1.0,23.34,no,0.8932,1.514,0.8718,57.7,97.7,CONFIRMED-LEAD,high,small_blob,"Real feature confirmed at the same pixels in the corresponding band variant(s) of one acquisition. Fetch the EDR original, geolocate on Trek, and check for an independent pass at a different lighting before writing a finding.",data/processed\ESP_013948_1410\ESP_013948_1410_MIRB.abrowse_enh.png,,0.056,,,,,,,
ESP_013948_1410_MRGB.abrowse_enh.png,728,5712,12,28,3.4,336,2.33,dark,3,2,2,0,False,1.0,1.0,23.35,no,0.8931,1.514,0.8717,57.7,97.7,CONFIRMED-LEAD,high,small_blob,"Real feature confirmed at the same pixels in the corresponding band variant(s) of one acquisition. Fetch the EDR original, geolocate on Trek, and check for an independent pass at a different lighting before writing a finding.",data/processed\ESP_013948_1410\ESP_013948_1410_MRGB.abrowse_enh.png,,0.056,,,,,,,
ESP_013948_1410_RED.abrowse_enh.png,728,5712,12,28,3.31,336,2.33,dark,3,2,2,0,False,1.0,1.0,25.32,no,0.9011,1.4508,0.8689,56.9,96.9,CONFIRMED-LEAD,high,small_blob,"Real feature confirmed at the same pixels in the corresponding band variant(s) of one acquisition. Fetch the EDR original, geolocate on Trek, and check for an independent pass at a different lighting before writing a finding.",data/processed\ESP_013948_1410\ESP_013948_1410_RED.abrowse_enh.png,,0.076,,,,,,,
ESP_013948_1410_MRGB.browse_enh.png,2084,9776,24,24,3.03,576,1.0,bright,3,2,2,0,False,1.0,0.824,19.03,no,0.8304,1.4495,0.9307,56.8,96.8,CONFIRMED-LEAD,high,small_blob,"Real feature confirmed at the same pixels in the corresponding band variant(s) of one acquisition. Fetch the EDR original, geolocate on Trek, and check for an independent pass at a different lighting before writing a finding.",data/processed\ESP_013948_1410\ESP_013948_1410_MRGB.browse_enh.png,,0.144,,,,,,,
ESP_013948_1410_MRGB.browse_enh.png,1312,4128,16,24,3.05,384,1.5,dark,3,2,2,0,False,1.0,1.0,24.36,no,0.8076,1.5299,0.907,56.0,96.0,CONFIRMED-LEAD,high,small_blob,"Real feature confirmed at the same pixels in the corresponding band variant(s) of one acquisition. Fetch the EDR original, geolocate on Trek, and check for an independent pass at a different lighting before writing a finding.",data/processed\ESP_013948_1410\ESP_013948_1410_MRGB.browse_enh.png,,0.140,,,,,,,
ESP_013948_1410_MIRB.browse_enh.png,1312,4128,16,24,3.02,384,1.5,dark,3,2,2,0,False,1.0,1.0,24.72,no,0.8073,1.5206,0.9049,55.8,95.8,CONFIRMED-LEAD,high,small_blob,"Real feature confirmed at the same pixels in the corresponding band variant(s) of one acquisition. Fetch the EDR original, geolocate on Trek, and check for an independent pass at a different lighting before writing a finding.",data/processed\ESP_013948_1410\ESP_013948_1410_MIRB.browse_enh.png,,0.144,,,,,,,
ESP_013948_1410_MIRB.browse_enh.png,2084,9776,24,24,2.87,576,1.0,bright,3,2,2,0,False,1.0,0.911,19.9,no,0.8303,1.4548,0.9404,55.4,95.4,CONFIRMED-LEAD,high,small_blob,"Real feature confirmed at the same pixels in the corresponding band variant(s) of one acquisition. Fetch the EDR original, geolocate on Trek, and check for an independent pass at a different lighting before writing a finding.",data/processed\ESP_013948_1410\ESP_013948_1410_MIRB.browse_enh.png,,0.193,,,,,,,
ESP_013948_1410_RED.browse_enh.png,1312,4128,16,24,2.98,384,1.5,dark,3,2,2,0,False,1.0,1.0,27.05,no,0.8061,1.4447,0.9056,55.4,95.4,CONFIRMED-LEAD,high,small_blob,"Real feature confirmed at the same pixels in the corresponding band variant(s) of one acquisition. Fetch the EDR original, geolocate on Trek, and check for an independent pass at a different lighting before writing a finding.",data/processed\ESP_013948_1410\ESP_013948_1410_RED.browse_enh.png,,0.156,,,,,,,
ESP_013948_1410_RED.abrowse_enh.png,1312,4328,16,20,2.84,320,1.25,dark,3,2,2,0,False,1.0,1.0,31.45,no,0.8544,1.1827,0.9182,54.6,94.6,CONFIRMED-LEAD,high,small_blob,"Real feature confirmed at the same pixels in the corresponding band variant(s) of one acquisition. Fetch the EDR original, geolocate on Trek, and check for an independent pass at a different lighting before writing a finding.",data/processed\ESP_013948_1410\ESP_013948_1410_RED.abrowse_enh.png,,0.198,,,,,,,
ESP_013948_1410_MIRB.abrowse_enh.png,1312,4328,16,20,2.8,320,1.25,dark,3,2,2,0,False,1.0,1.0,29.47,no,0.8535,1.1729,0.9347,54.2,94.2,CONFIRMED-LEAD,high,small_blob,"Real feature confirmed at the same pixels in the corresponding band variant(s) of one acquisition. Fetch the EDR original, geolocate on Trek, and check for an independent pass at a different lighting before writing a finding.",data/processed\ESP_013948_1410\ESP_013948_1410_MIRB.abrowse_enh.png,,0.210,,,,,,,
ESP_013948_1410_MRGB.abrowse_enh.png,1312,4328,16,20,2.8,320,1.25,dark,3,2,2,0,False,1.0,1.0,29.47,no,0.8535,1.1729,0.9347,54.2,94.2,CONFIRMED-LEAD,high,small_blob,"Real feature confirmed at the same pixels in the corresponding band variant(s) of one acquisition. Fetch the EDR original, geolocate on Trek, and check for an independent pass at a different lighting before writing a finding.",data/processed\ESP_013948_1410\ESP_013948_1410_MRGB.abrowse_enh.png,,0.210,,,,,,,
ESP_013948_1410_MIRB.abrowse_enh.png,540,5128,16,20,2.67,320,1.25,dark,3,2,2,0,False,1.0,0.961,28.0,no,0.7904,1.2308,0.9486,53.1,93.1,CONFIRMED-LEAD,high,small_blob,"Real feature confirmed at the same pixels in the corresponding band variant(s) of one acquisition. Fetch the EDR original, geolocate on Trek, and check for an independent pass at a different lighting before writing a finding.",data/processed\ESP_013948_1410\ESP_013948_1410_MIRB.abrowse_enh.png,,0.254,,,,,,,
ESP_013948_1410_MRGB.abrowse_enh.png,540,5128,16,20,2.67,320,1.25,dark,3,2,2,0,False,1.0,0.961,28.0,no,0.7904,1.2308,0.9485,53.1,93.1,CONFIRMED-LEAD,high,small_blob,"Real feature confirmed at the same pixels in the corresponding band variant(s) of one acquisition. Fetch the EDR original, geolocate on Trek, and check for an independent pass at a different lighting before writing a finding.",data/processed\ESP_013948_1410\ESP_013948_1410_MRGB.abrowse_enh.png,,0.254,,,,,,,
ESP_013948_1410_MRGB.browse_enh.png,532,4932,24,20,2.59,480,1.2,dark,3,2,2,0,False,1.0,0.903,24.46,no,0.7673,1.3134,0.9314,52.6,92.6,CONFIRMED-LEAD,high,small_blob,"Real feature confirmed at the same pixels in the corresponding band variant(s) of one acquisition. Fetch the EDR original, geolocate on Trek, and check for an independent pass at a different lighting before writing a finding.",data/processed\ESP_013948_1410\ESP_013948_1410_MRGB.browse_enh.png,,0.292,,,,,,,
ESP_013948_1410_RED.browse_enh.png,532,4932,24,24,2.53,576,1.0,dark,3,2,2,0,False,1.0,0.942,24.78,no,0.7894,1.3504,0.9374,52.4,92.4,CONFIRMED-LEAD,high,small_blob,"Real feature confirmed at the same pixels in the corresponding band variant(s) of one acquisition. Fetch the EDR original, geolocate on Trek, and check for an independent pass at a different lighting before writing a finding.",data/processed\ESP_013948_1410\ESP_013948_1410_RED.browse_enh.png,,0.314,,,,,,,
ESP_013236_1410_RED.thumb_enh.png,708,2532,20,12,2.52,240,1.67,bright,3,2,2,0,False,1.0,1.0,31.54,no,0.8174,1.3203,0.9671,51.1,91.1,CONFIRMED-LEAD,high,small_blob,"Real feature confirmed at the same pixels in the corresponding band variant(s) of one acquisition. Fetch the EDR original, geolocate on Trek, and check for an independent pass at a different lighting before writing a finding.",data/processed\ESP_013236_1410\ESP_013236_1410_RED.thumb_enh.png,,0.318,,,,,,,
ESP_013236_1410_MIRB.browse_enh.png,1352,3672,24,24,2.32,576,1.0,dark,3,2,2,0,False,1.0,1.0,29.2,no,0.8159,1.2683,0.8319,50.6,90.6,CONFIRMED-LEAD,high,small_blob,"Real feature confirmed at the same pixels in the corresponding band variant(s) of one acquisition. Fetch the EDR original, geolocate on Trek, and check for an independent pass at a different lighting before writing a finding.",data/processed\ESP_013236_1410\ESP_013236_1410_MIRB.browse_enh.png,,0.376,,,,,,,
ESP_013236_1410_MRGB.browse_enh.png,1352,3672,24,24,2.32,576,1.0,dark,3,2,2,0,False,1.0,1.0,29.2,no,0.8159,1.2683,0.8319,50.6,90.6,CONFIRMED-LEAD,high,small_blob,"Real feature confirmed at the same pixels in the corresponding band variant(s) of one acquisition. Fetch the EDR original, geolocate on Trek, and check for an independent pass at a different lighting before writing a finding.",data/processed\ESP_013236_1410\ESP_013236_1410_MRGB.browse_enh.png,,0.376,,,,,,,
ESP_013236_1410_RED.browse_enh.png,1352,3672,24,24,2.3,576,1.0,dark,3,2,2,0,False,1.0,1.0,31.09,no,0.825,1.3266,0.8327,50.4,90.4,CONFIRMED-LEAD,high,small_blob,"Real feature confirmed at the same pixels in the corresponding band variant(s) of one acquisition. Fetch the EDR original, geolocate on Trek, and check for an independent pass at a different lighting before writing a finding.",data/processed\ESP_013236_1410\ESP_013236_1410_RED.browse_enh.png,,0.376,,,,,,,
ESP_013948_1410_RED.abrowse_enh.png,536,5128,20,20,2.75,400,1.0,dark,3,2,2,0,False,1.0,0.589,26.98,no,0.8141,1.3393,0.9518,54.3,90.3,CONFIRMED-LEAD,high,small_blob,"Real feature confirmed at the same pixels in the corresponding band variant(s) of one acquisition. Fetch the EDR original, geolocate on Trek, and check for an independent pass at a different lighting before writing a finding.",data/processed\ESP_013948_1410\ESP_013948_1410_RED.abrowse_enh.png,,0.225,,,,,,,
ESP_013948_1410_MIRB.browse_enh.png,536,4932,20,20,2.71,400,1.0,dark,3,2,2,0,False,1.0,0.655,25.35,no,0.7902,1.2841,0.9479,53.9,89.9,CONFIRMED-LEAD,high,small_blob,"Real feature confirmed at the same pixels in the corresponding band variant(s) of one acquisition. Fetch the EDR original, geolocate on Trek, and check for an independent pass at a different lighting before writing a finding.",data/processed\ESP_013948_1410\ESP_013948_1410_MIRB.browse_enh.png,,0.243,,,,,,,
ESP_013236_1410_RED.abrowse_enh.png,1352,3868,24,24,2.23,576,1.0,dark,3,2,2,0,False,1.0,1.0,32.3,no,0.8211,1.3693,0.8271,49.8,89.8,CONFIRMED-LEAD,high,small_blob,"Real feature confirmed at the same pixels in the corresponding band variant(s) of one acquisition. Fetch the EDR original, geolocate on Trek, and check for an independent pass at a different lighting before writing a finding.",data/processed\ESP_013236_1410\ESP_013236_1410_RED.abrowse_enh.png,,0.376,,,,,,,
ESP_013236_1410_RED.abrowse_enh.png,548,4696,20,20,2.21,400,1.0,dark,3,2,2,0,False,1.0,1.0,30.04,no,0.8294,1.1788,0.8773,49.5,89.5,CONFIRMED-LEAD,high,small_blob,"Real feature confirmed at the same pixels in the corresponding band variant(s) of one acquisition. Fetch the EDR original, geolocate on Trek, and check for an independent pass at a different lighting before writing a finding.",data/processed\ESP_013236_1410\ESP_013236_1410_RED.abrowse_enh.png,,0.376,,,,,,,
ESP_013948_1410_MRGB.browse_enh.png,1076,4680,28,60,0.61,1680,2.14,bright,3,2,2,0,False,1.0,0.739,73.07,no,0.9018,0.7285,0.9097,49.3,89.3,CONFIRMED-LEAD,high,,"Real feature confirmed at the same pixels in the corresponding band variant(s) of one acquisition. Fetch the EDR original, geolocate on Trek, and check for an independent pass at a different lighting before writing a finding.",data/processed\ESP_013948_1410\ESP_013948_1410_MRGB.browse_enh.png,,0.448,,,,,,,
ESP_013948_1410_RED.browse_enh.png,1076,4680,28,60,0.61,1680,2.14,bright,3,2,2,0,False,1.0,0.804,78.99,no,0.9069,0.7122,0.9116,49.3,89.3,CONFIRMED-LEAD,high,,"Real feature confirmed at the same pixels in the corresponding band variant(s) of one acquisition. Fetch the EDR original, geolocate on Trek, and check for an independent pass at a different lighting before writing a finding.",data/processed\ESP_013948_1410\ESP_013948_1410_RED.browse_enh.png,,0.448,,,,,,,
ESP_013948_1410_RED.browse_enh.png,1660,9260,24,20,2.19,480,1.2,bright,3,2,2,0,False,1.0,1.0,23.84,no,0.8198,0.943,0.9233,49.1,89.1,CONFIRMED-LEAD,high,small_blob,"Real feature confirmed at the same pixels in the corresponding band variant(s) of one acquisition. Fetch the EDR original, geolocate on Trek, and check for an independent pass at a different lighting before writing a finding.",data/processed\ESP_013948_1410\ESP_013948_1410_RED.browse_enh.png,,0.376,,,,,,,
ESP_013236_1410_MRGB.thumb_enh.png,708,2532,20,12,2.28,240,1.67,bright,3,2,2,0,False,1.0,1.0,31.13,no,0.8099,1.2676,0.9541,49.0,89.0,CONFIRMED-LEAD,high,small_blob,"Real feature confirmed at the same pixels in the corresponding band variant(s) of one acquisition. Fetch the EDR original, geolocate on Trek, and check for an independent pass at a different lighting before writing a finding.",data/processed\ESP_013236_1410\ESP_013236_1410_MRGB.thumb_enh.png,,0.376,,,,,,,
ESP_013236_1410_RED.browse_enh.png,2012,6708,40,48,0.39,1920,1.2,dark,3,2,2,0,False,1.0,1.0,55.58,no,0.9052,0.9644,0.9086,49.0,89.0,CONFIRMED-LEAD,high,,"Real feature confirmed at the same pixels in the corresponding band variant(s) of one acquisition. Fetch the EDR original, geolocate on Trek, and check for an independent pass at a different lighting before writing a finding.",data/processed\ESP_013236_1410\ESP_013236_1410_RED.browse_enh.png,,0.485,,,,,,,
ESP_013236_1410_MIRB.abrowse_enh.png,1352,3868,24,20,2.15,480,1.2,dark,3,2,2,0,False,1.0,1.0,33.05,no,0.8587,1.3285,0.8808,48.7,88.7,CONFIRMED-LEAD,high,small_blob,"Real feature confirmed at the same pixels in the corresponding band variant(s) of one acquisition. Fetch the EDR original, geolocate on Trek, and check for an independent pass at a different lighting before writing a finding.",data/processed\ESP_013236_1410\ESP_013236_1410_MIRB.abrowse_enh.png,,0.376,,,,,,,
ESP_013236_1410_MRGB.abrowse_enh.png,1352,3868,24,20,2.15,480,1.2,dark,3,2,2,0,False,1.0,1.0,33.05,no,0.8587,1.3285,0.8808,48.7,88.7,CONFIRMED-LEAD,high,small_blob,"Real feature confirmed at the same pixels in the corresponding band variant(s) of one acquisition. Fetch the EDR original, geolocate on Trek, and check for an independent pass at a different lighting before writing a finding.",data/processed\ESP_013236_1410\ESP_013236_1410_MRGB.abrowse_enh.png,,0.376,,,,,,,
ESP_013236_1410_RED.abrowse_enh.png,1072,3648,20,20,2.11,400,1.0,dark,3,2,2,0,False,1.0,1.0,24.21,no,0.6896,1.4555,0.8685,48.7,88.7,CONFIRMED-LEAD,high,small_blob,"Real feature confirmed at the same pixels in the corresponding band variant(s) of one acquisition. Fetch the EDR original, geolocate on Trek, and check for an independent pass at a different lighting before writing a finding.",data/processed\ESP_013236_1410\ESP_013236_1410_RED.abrowse_enh.png,,0.376,,,,,,,
ESP_013236_1410_RED.browse_enh.png,1708,8952,24,16,2.21,384,1.5,bright,3,2,2,0,False,1.0,1.0,25.45,no,0.8102,1.067,0.9446,48.7,88.7,CONFIRMED-LEAD,high,small_blob,"Real feature confirmed at the same pixels in the corresponding band variant(s) of one acquisition. Fetch the EDR original, geolocate on Trek, and check for an independent pass at a different lighting before writing a finding.",data/processed\ESP_013236_1410\ESP_013236_1410_RED.browse_enh.png,,0.376,,,,,,,
ESP_013948_1410_RED.browse_enh.png,2964,10236,36,16,2.34,576,2.25,bright,3,2,2,0,False,1.0,1.0,21.28,no,0.8491,1.1286,0.9445,48.7,88.7,CONFIRMED-LEAD,high,small_blob,"Real feature confirmed at the same pixels in the corresponding band variant(s) of one acquisition. Fetch the EDR original, geolocate on Trek, and check for an independent pass at a different lighting before writing a finding.",data/processed\ESP_013948_1410\ESP_013948_1410_RED.browse_enh.png,,0.376,,,,,,,
ESP_013236_1410_MRGB.browse_enh.png,1708,8952,28,16,2.24,448,1.75,bright,3,2,2,0,False,1.0,1.0,24.58,no,0.8303,1.0703,0.8996,48.6,88.6,CONFIRMED-LEAD,high,small_blob,"Real feature confirmed at the same pixels in the corresponding band variant(s) of one acquisition. Fetch the EDR original, geolocate on Trek, and check for an independent pass at a different lighting before writing a finding.",data/processed\ESP_013236_1410\ESP_013236_1410_MRGB.browse_enh.png,,0.376,,,,,,,
ESP_013236_1410_MIRB.thumb_enh.png,708,2532,20,12,2.22,240,1.67,bright,3,2,2,0,False,1.0,1.0,31.56,no,0.8011,1.3023,0.9477,48.4,88.4,CONFIRMED-LEAD,high,small_blob,"Real feature confirmed at the same pixels in the corresponding band variant(s) of one acquisition. Fetch the EDR original, geolocate on Trek, and check for an independent pass at a different lighting before writing a finding.",data/processed\ESP_013236_1410\ESP_013236_1410_MIRB.thumb_enh.png,,0.376,,,,,,,
ESP_013236_1410_MIRB.abrowse_enh.png,548,4696,20,20,2.07,400,1.0,dark,3,2,2,0,False,1.0,1.0,29.77,no,0.8063,1.2099,0.8731,48.3,88.3,CONFIRMED-LEAD,high,small_blob,"Real feature confirmed at the same pixels in the corresponding band variant(s) of one acquisition. Fetch the EDR original, geolocate on Trek, and check for an independent pass at a different lighting before writing a finding.",data/processed\ESP_013236_1410\ESP_013236_1410_MIRB.abrowse_enh.png,,0.376,,,,,,,
ESP_013236_1410_MRGB.abrowse_enh.png,548,4696,20,20,2.07,400,1.0,dark,3,2,2,0,False,1.0,1.0,29.77,no,0.8063,1.2099,0.8731,48.3,88.3,CONFIRMED-LEAD,high,small_blob,"Real feature confirmed at the same pixels in the corresponding band variant(s) of one acquisition. Fetch the EDR original, geolocate on Trek, and check for an independent pass at a different lighting before writing a finding.",data/processed\ESP_013236_1410\ESP_013236_1410_MRGB.abrowse_enh.png,,0.376,,,,,,,
ESP_013236_1410_MIRB.browse_enh.png,1708,8952,24,16,2.15,384,1.5,bright,3,2,2,0,False,1.0,1.0,24.19,no,0.8029,1.1053,0.9432,48.2,88.2,CONFIRMED-LEAD,high,small_blob,"Real feature confirmed at the same pixels in the corresponding band variant(s) of one acquisition. Fetch the EDR original, geolocate on Trek, and check for an independent pass at a different lighting before writing a finding.",data/processed\ESP_013236_1410\ESP_013236_1410_MIRB.browse_enh.png,,0.376,,,,,,,
ESP_013236_1410_MIRB.abrowse_enh.png,1072,3648,20,20,2.01,400,1.0,dark,3,2,2,0,False,1.0,1.0,23.67,no,0.6686,1.4805,0.8764,47.8,87.8,CONFIRMED-LEAD,high,small_blob,"Real feature confirmed at the same pixels in the corresponding band variant(s) of one acquisition. Fetch the EDR original, geolocate on Trek, and check for an independent pass at a different lighting before writing a finding.",data/processed\ESP_013236_1410\ESP_013236_1410_MIRB.abrowse_enh.png,,0.376,,,,,,,
ESP_013236_1410_MRGB.abrowse_enh.png,1072,3648,20,20,2.01,400,1.0,dark,3,2,2,0,False,1.0,1.0,23.67,no,0.6686,1.4805,0.8764,47.8,87.8,CONFIRMED-LEAD,high,small_blob,"Real feature confirmed at the same pixels in the corresponding band variant(s) of one acquisition. Fetch the EDR original, geolocate on Trek, and check for an independent pass at a different lighting before writing a finding.",data/processed\ESP_013236_1410\ESP_013236_1410_MRGB.abrowse_enh.png,,0.376,,,,,,,
ESP_013236_1410_RED.browse_enh.png,1504,7476,24,20,2.04,480,1.2,bright,3,2,2,0,False,1.0,0.855,16.71,no,0.6992,1.472,0.9571,47.8,87.8,CONFIRMED-LEAD,high,small_blob,"Real feature confirmed at the same pixels in the corresponding band variant(s) of one acquisition. Fetch the EDR original, geolocate on Trek, and check for an independent pass at a different lighting before writing a finding.",data/processed\ESP_013236_1410\ESP_013236_1410_RED.browse_enh.png,,0.376,,,,,,,
ESP_013948_1410_RED.abrowse_enh.png,1208,4604,44,76,0.2,3344,1.73,bright,3,2,2,0,False,1.0,0.776,67.7,no,0.9078,0.7204,0.5321,47.2,87.2,CONFIRMED-LEAD,high,,"Real feature confirmed at the same pixels in the corresponding band variant(s) of one acquisition. Fetch the EDR original, geolocate on Trek, and check for an independent pass at a different lighting before writing a finding.",data/processed\ESP_013948_1410\ESP_013948_1410_RED.abrowse_enh.png,,0.498,,,,,,,
ESP_013236_1410_MIRB.browse_enh.png,1504,7476,24,20,1.96,480,1.2,bright,3,2,2,0,False,1.0,0.831,16.42,no,0.6944,1.4206,0.9371,47.1,87.1,CONFIRMED-LEAD,high,small_blob,"Real feature confirmed at the same pixels in the corresponding band variant(s) of one acquisition. Fetch the EDR original, geolocate on Trek, and check for an independent pass at a different lighting before writing a finding.",data/processed\ESP_013236_1410\ESP_013236_1410_MIRB.browse_enh.png,,0.376,,,,,,,
ESP_013236_1410_MRGB.browse_enh.png,1504,7476,24,20,1.96,480,1.2,bright,3,2,2,0,False,1.0,0.831,16.42,no,0.6944,1.4206,0.9371,47.1,87.1,CONFIRMED-LEAD,high,small_blob,"Real feature confirmed at the same pixels in the corresponding band variant(s) of one acquisition. Fetch the EDR original, geolocate on Trek, and check for an independent pass at a different lighting before writing a finding.",data/processed\ESP_013236_1410\ESP_013236_1410_MRGB.browse_enh.png,,0.376,,,,,,,
ESP_013236_1410_RED.browse_enh.png,2148,4396,12,32,2.2,384,2.67,dark,3,2,2,0,False,1.0,1.0,18.82,no,0.7233,1.5008,0.9461,46.7,86.7,CONFIRMED-LEAD,high,small_blob,"Real feature confirmed at the same pixels in the corresponding band variant(s) of one acquisition. Fetch the EDR original, geolocate on Trek, and check for an independent pass at a different lighting before writing a finding.",data/processed\ESP_013236_1410\ESP_013236_1410_RED.browse_enh.png,,0.376,,,,,,,
ESP_013236_1410_RED.browse_enh.png,544,4496,24,24,2.32,576,1.0,dark,3,2,2,0,False,1.0,0.576,26.5,no,0.8484,1.1862,0.8727,50.6,86.6,CONFIRMED-LEAD,high,small_blob,"Real feature confirmed at the same pixels in the corresponding band variant(s) of one acquisition. Fetch the EDR original, geolocate on Trek, and check for an independent pass at a different lighting before writing a finding.",data/processed\ESP_013236_1410\ESP_013236_1410_RED.browse_enh.png,,0.376,,,,,,,
ESP_013236_1410_RED.abrowse_enh.png,1708,9148,20,16,1.9,320,1.25,bright,3,2,2,0,False,1.0,1.0,27.09,no,0.8259,1.0133,0.9422,46.4,86.4,CONFIRMED-LEAD,high,small_blob,"Real feature confirmed at the same pixels in the corresponding band variant(s) of one acquisition. Fetch the EDR original, geolocate on Trek, and check for an independent pass at a different lighting before writing a finding.",data/processed\ESP_013236_1410\ESP_013236_1410_RED.abrowse_enh.png,,0.376,,,,,,,
ESP_013948_1410_MRGB.browse_enh.png,784,4628,20,20,1.84,400,1.0,dark,3,2,2,0,False,1.0,1.0,38.64,no,0.7305,1.1988,0.9135,46.3,86.3,CONFIRMED-LEAD,high,small_blob,"Real feature confirmed at the same pixels in the corresponding band variant(s) of one acquisition. Fetch the EDR original, geolocate on Trek, and check for an independent pass at a different lighting before writing a finding.",data/processed\ESP_013948_1410\ESP_013948_1410_MRGB.browse_enh.png,,0.376,,,,,,,
ESP_013948_1410_MIRB.browse_enh.png,784,4628,20,20,1.83,400,1.0,dark,3,2,2,0,False,1.0,1.0,38.83,no,0.7303,1.1765,0.9121,46.2,86.2,CONFIRMED-LEAD,high,small_blob,"Real feature confirmed at the same pixels in the corresponding band variant(s) of one acquisition. Fetch the EDR original, geolocate on Trek, and check for an independent pass at a different lighting before writing a finding.",data/processed\ESP_013948_1410\ESP_013948_1410_MIRB.browse_enh.png,,0.376,,,,,,,
ESP_013236_1410_MIRB.abrowse_enh.png,1708,9148,20,16,1.87,320,1.25,bright,3,2,2,0,False,1.0,1.0,25.74,no,0.828,1.1212,0.943,46.1,86.1,CONFIRMED-LEAD,high,small_blob,"Real feature confirmed at the same pixels in the corresponding band variant(s) of one acquisition. Fetch the EDR original, geolocate on Trek, and check for an independent pass at a different lighting before writing a finding.",data/processed\ESP_013236_1410\ESP_013236_1410_MIRB.abrowse_enh.png,,0.376,,,,,,,
ESP_013236_1410_MRGB.abrowse_enh.png,1708,9148,20,16,1.87,320,1.25,bright,3,2,2,0,False,1.0,1.0,25.74,no,0.828,1.1212,0.943,46.1,86.1,CONFIRMED-LEAD,high,small_blob,"Real feature confirmed at the same pixels in the corresponding band variant(s) of one acquisition. Fetch the EDR original, geolocate on Trek, and check for an independent pass at a different lighting before writing a finding.",data/processed\ESP_013236_1410\ESP_013236_1410_MRGB.abrowse_enh.png,,0.376,,,,,,,
ESP_013236_1410_MIRB.browse_enh.png,1924,4576,16,16,1.81,256,1.0,dark,3,2,2,0,False,1.0,1.0,32.59,no,0.7659,0.8973,0.876,46.0,86.0,CONFIRMED-LEAD,high,small_blob,"Real feature confirmed at the same pixels in the corresponding band variant(s) of one acquisition. Fetch the EDR original, geolocate on Trek, and check for an independent pass at a different lighting before writing a finding.",data/processed\ESP_013236_1410\ESP_013236_1410_MIRB.browse_enh.png,,0.376,,,,,,,
ESP_013236_1410_RED.abrowse_enh.png,2212,4824,24,16,1.89,384,1.5,bright,3,2,2,0,False,1.0,1.0,39.71,no,0.8421,0.8398,0.8983,45.9,85.9,CONFIRMED-LEAD,high,small_blob,"Real feature confirmed at the same pixels in the corresponding band variant(s) of one acquisition. Fetch the EDR original, geolocate on Trek, and check for an independent pass at a different lighting before writing a finding.",data/processed\ESP_013236_1410\ESP_013236_1410_RED.abrowse_enh.png,,0.376,,,,,,,
ESP_013236_1410_MIRB.browse_enh.png,2212,4624,24,20,1.82,480,1.2,bright,3,2,2,0,False,1.0,1.0,36.62,no,0.841,0.8794,0.9051,45.8,85.8,CONFIRMED-LEAD,high,small_blob,"Real feature confirmed at the same pixels in the corresponding band variant(s) of one acquisition. Fetch the EDR original, geolocate on Trek, and check for an independent pass at a different lighting before writing a finding.",data/processed\ESP_013236_1410\ESP_013236_1410_MIRB.browse_enh.png,,0.376,,,,,,,
ESP_013236_1410_MRGB.browse_enh.png,2212,4624,24,20,1.82,480,1.2,bright,3,2,2,0,False,1.0,1.0,36.64,no,0.8412,0.8791,0.9052,45.8,85.8,CONFIRMED-LEAD,high,small_blob,"Real feature confirmed at the same pixels in the corresponding band variant(s) of one acquisition. Fetch the EDR original, geolocate on Trek, and check for an independent pass at a different lighting before writing a finding.",data/processed\ESP_013236_1410\ESP_013236_1410_MRGB.browse_enh.png,,0.376,,,,,,,
ESP_013236_1410_RED.browse_enh.png,1400,3292,16,20,1.83,320,1.25,dark,3,2,2,0,False,1.0,1.0,32.99,no,0.59,1.1489,0.9261,45.8,85.8,CONFIRMED-LEAD,high,small_blob,"Real feature confirmed at the same pixels in the corresponding band variant(s) of one acquisition. Fetch the EDR original, geolocate on Trek, and check for an independent pass at a different lighting before writing a finding.",data/processed\ESP_013236_1410\ESP_013236_1410_RED.browse_enh.png,,0.376,,,,,,,
ESP_013948_1410_MIRB.abrowse_enh.png,784,4824,20,20,1.78,400,1.0,dark,3,2,2,0,False,1.0,1.0,39.58,no,0.7206,1.144,0.9192,45.8,85.8,CONFIRMED-LEAD,high,small_blob,"Real feature confirmed at the same pixels in the corresponding band variant(s) of one acquisition. Fetch the EDR original, geolocate on Trek, and check for an independent pass at a different lighting before writing a finding.",data/processed\ESP_013948_1410\ESP_013948_1410_MIRB.abrowse_enh.png,,0.376,,,,,,,
ESP_013948_1410_MRGB.abrowse_enh.png,784,4824,20,20,1.78,400,1.0,dark,3,2,2,0,False,1.0,1.0,39.58,no,0.7205,1.144,0.9192,45.8,85.8,CONFIRMED-LEAD,high,small_blob,"Real feature confirmed at the same pixels in the corresponding band variant(s) of one acquisition. Fetch the EDR original, geolocate on Trek, and check for an independent pass at a different lighting before writing a finding.",data/processed\ESP_013948_1410\ESP_013948_1410_MRGB.abrowse_enh.png,,0.376,,,,,,,
ESP_013236_1410_RED.browse_enh.png,1120,1700,16,36,2.0,576,2.25,dark,3,2,2,0,False,1.0,1.0,30.99,no,0.6806,1.4006,0.7596,45.7,85.7,CONFIRMED-LEAD,high,small_blob,"Real feature confirmed at the same pixels in the corresponding band variant(s) of one acquisition. Fetch the EDR original, geolocate on Trek, and check for an independent pass at a different lighting before writing a finding.",data/processed\ESP_013236_1410\ESP_013236_1410_RED.browse_enh.png,,0.376,,,,,,,
ESP_013948_1410_RED.browse_enh.png,1740,7376,24,20,1.8,480,1.2,bright,3,2,2,0,False,1.0,0.74,27.17,no,0.8204,1.4363,0.9563,45.7,85.7,CONFIRMED-LEAD,high,small_blob,"Real feature confirmed at the same pixels in the corresponding band variant(s) of one acquisition. Fetch the EDR original, geolocate on Trek, and check for an independent pass at a different lighting before writing a finding.",data/processed\ESP_013948_1410\ESP_013948_1410_RED.browse_enh.png,,0.376,,,,,,,
ESP_013236_1410_MIRB.browse_enh.png,1120,1700,16,36,1.99,576,2.25,dark,3,2,2,0,False,1.0,0.822,29.36,no,0.6738,1.3713,0.7558,45.6,85.6,CONFIRMED-LEAD,high,small_blob,"Real feature confirmed at the same pixels in the corresponding band variant(s) of one acquisition. Fetch the EDR original, geolocate on Trek, and check for an independent pass at a different lighting before writing a finding.",data/processed\ESP_013236_1410\ESP_013236_1410_MIRB.browse_enh.png,,0.376,,,,,,,
ESP_013236_1410_MRGB.browse_enh.png,1120,1700,16,36,1.99,576,2.25,dark,3,2,2,0,False,1.0,0.822,29.36,no,0.6738,1.3713,0.7558,45.6,85.6,CONFIRMED-LEAD,high,small_blob,"Real feature confirmed at the same pixels in the corresponding band variant(s) of one acquisition. Fetch the EDR original, geolocate on Trek, and check for an independent pass at a different lighting before writing a finding.",data/processed\ESP_013236_1410\ESP_013236_1410_MRGB.browse_enh.png,,0.376,,,,,,,
ESP_013236_1410_RED.browse_enh.png,2212,4624,24,20,1.79,480,1.2,bright,3,2,2,0,False,1.0,1.0,38.92,no,0.8473,0.8615,0.905,45.6,85.6,CONFIRMED-LEAD,high,small_blob,"Real feature confirmed at the same pixels in the corresponding band variant(s) of one acquisition. Fetch the EDR original, geolocate on Trek, and check for an independent pass at a different lighting before writing a finding.",data/processed\ESP_013236_1410\ESP_013236_1410_RED.browse_enh.png,,0.376,,,,,,,
ESP_013236_1410_RED.browse_enh.png,1300,6472,20,16,1.81,320,1.25,bright,3,2,2,0,False,1.0,1.0,30.2,no,0.7702,1.5187,0.7571,45.6,85.6,CONFIRMED-LEAD,high,small_blob,"Real feature confirmed at the same pixels in the corresponding band variant(s) of one acquisition. Fetch the EDR original, geolocate on Trek, and check for an independent pass at a different lighting before writing a finding.",data/processed\ESP_013236_1410\ESP_013236_1410_RED.browse_enh.png,,0.376,,,,,,,
ESP_013236_1410_MIRB.abrowse_enh.png,1120,1896,16,36,1.98,576,2.25,dark,3,2,2,0,False,1.0,0.732,29.35,no,0.6735,1.443,0.7563,45.5,85.5,CONFIRMED-LEAD,high,small_blob,"Real feature confirmed at the same pixels in the corresponding band variant(s) of one acquisition. Fetch the EDR original, geolocate on Trek, and check for an independent pass at a different lighting before writing a finding.",data/processed\ESP_013236_1410\ESP_013236_1410_MIRB.abrowse_enh.png,,0.376,,,,,,,
ESP_013236_1410_MRGB.abrowse_enh.png,1120,1896,16,36,1.98,576,2.25,dark,3,2,2,0,False,1.0,0.732,29.35,no,0.6735,1.443,0.7563,45.5,85.5,CONFIRMED-LEAD,high,small_blob,"Real feature confirmed at the same pixels in the corresponding band variant(s) of one acquisition. Fetch the EDR original, geolocate on Trek, and check for an independent pass at a different lighting before writing a finding.",data/processed\ESP_013236_1410\ESP_013236_1410_MRGB.abrowse_enh.png,,0.376,,,,,,,
ESP_013236_1410_RED.abrowse_enh.png,1120,1896,16,36,1.98,576,2.25,dark,3,2,2,0,False,1.0,1.0,30.84,no,0.6791,1.4107,0.7578,45.5,85.5,CONFIRMED-LEAD,high,small_blob,"Real feature confirmed at the same pixels in the corresponding band variant(s) of one acquisition. Fetch the EDR original, geolocate on Trek, and check for an independent pass at a different lighting before writing a finding.",data/processed\ESP_013236_1410\ESP_013236_1410_RED.abrowse_enh.png,,0.376,,,,,,,
ESP_013236_1410_RED.browse_enh.png,1116,4248,32,52,0.53,1664,1.62,bright,3,2,2,0,False,1.0,0.671,72.66,no,0.8997,0.7336,0.904,49.4,85.4,CONFIRMED-LEAD,high,,"Real feature confirmed at the same pixels in the corresponding band variant(s) of one acquisition. Fetch the EDR original, geolocate on Trek, and check for an independent pass at a different lighting before writing a finding.",data/processed\ESP_013236_1410\ESP_013236_1410_RED.browse_enh.png,,0.465,,,,,,,
ESP_013948_1410_RED.browse_enh.png,1356,3684,24,20,1.77,480,1.2,dark,3,2,2,0,False,1.0,0.931,24.0,no,0.8157,1.4252,0.9375,45.4,85.4,CONFIRMED-LEAD,high,small_blob,"Real feature confirmed at the same pixels in the corresponding band variant(s) of one acquisition. Fetch the EDR original, geolocate on Trek, and check for an independent pass at a different lighting before writing a finding.",data/processed\ESP_013948_1410\ESP_013948_1410_RED.browse_enh.png,,0.376,,,,,,,
ESP_013948_1410_RED.browse_enh.png,768,4684,24,20,1.77,480,1.2,dark,3,2,2,0,False,1.0,1.0,34.67,no,0.8003,1.2537,0.7819,45.4,85.4,CONFIRMED-LEAD,high,small_blob,"Real feature confirmed at the same pixels in the corresponding band variant(s) of one acquisition. Fetch the EDR original, geolocate on Trek, and check for an independent pass at a different lighting before writing a finding.",data/processed\ESP_013948_1410\ESP_013948_1410_RED.browse_enh.png,,0.376,,,,,,,
ESP_013236_1410_RED.browse_enh.png,1340,2068,36,44,0.44,1584,1.22,bright,3,2,2,0,False,1.0,0.579,45.09,no,0.8732,0.7797,0.8249,49.3,85.3,CONFIRMED-LEAD,high,,"Real feature confirmed at the same pixels in the corresponding band variant(s) of one acquisition. Fetch the EDR original, geolocate on Trek, and check for an independent pass at a different lighting before writing a finding.",data/processed\ESP_013236_1410\ESP_013236_1410_RED.browse_enh.png,,0.478,,,,,,,
ESP_013948_1410_MRGB.browse_enh.png,1356,3684,24,20,1.76,480,1.2,dark,3,2,2,0,False,1.0,1.0,21.76,no,0.7974,1.5328,0.9393,45.3,85.3,CONFIRMED-LEAD,high,small_blob,"Real feature confirmed at the same pixels in the corresponding band variant(s) of one acquisition. Fetch the EDR original, geolocate on Trek, and check for an independent pass at a different lighting before writing a finding.",data/processed\ESP_013948_1410\ESP_013948_1410_MRGB.browse_enh.png,,0.376,,,,,,,
ESP_013948_1410_RED.abrowse_enh.png,1008,2296,12,28,1.98,336,2.33,dark,3,2,2,0,False,1.0,0.764,35.26,no,0.669,1.4489,0.8894,45.3,85.3,CONFIRMED-LEAD,high,small_blob,"Real feature confirmed at the same pixels in the corresponding band variant(s) of one acquisition. Fetch the EDR original, geolocate on Trek, and check for an independent pass at a different lighting before writing a finding.",data/processed\ESP_013948_1410\ESP_013948_1410_RED.abrowse_enh.png,,0.376,,,,,,,
ESP_013948_1410_MIRB.browse_enh.png,1356,3684,24,20,1.74,480,1.2,dark,3,2,2,0,False,1.0,1.0,21.99,no,0.7971,1.5386,0.9353,45.1,85.1,CONFIRMED-LEAD,high,small_blob,"Real feature confirmed at the same pixels in the corresponding band variant(s) of one acquisition. Fetch the EDR original, geolocate on Trek, and check for an independent pass at a different lighting before writing a finding.",data/processed\ESP_013948_1410\ESP_013948_1410_MIRB.browse_enh.png,,0.376,,,,,,,
ESP_013948_1410_RED.abrowse_enh.png,544,5308,44,44,0.36,1936,1.0,bright,3,2,2,0,False,0.992,0.697,65.58,no,0.8926,0.8275,0.6761,49.1,85.1,CONFIRMED-LEAD,high,,"Real feature confirmed at the same pixels in the corresponding band variant(s) of one acquisition. Fetch the EDR original, geolocate on Trek, and check for an independent pass at a different lighting before writing a finding.",data/processed\ESP_013948_1410\ESP_013948_1410_RED.abrowse_enh.png,,0.489,,,,,,,
ESP_013236_1410_RED.abrowse_enh.png,672,4544,24,20,1.72,480,1.2,dark,3,2,2,0,False,1.0,0.779,32.34,no,0.7275,1.3609,0.7666,45.0,85.0,CONFIRMED-LEAD,high,small_blob,"Real feature confirmed at the same pixels in the corresponding band variant(s) of one acquisition. Fetch the EDR original, geolocate on Trek, and check for an independent pass at a different lighting before writing a finding.",data/processed\ESP_013236_1410\ESP_013236_1410_RED.abrowse_enh.png,,0.376,,,,,,,
ESP_013948_1410_MRGB.browse_enh.png,2536,5228,20,24,1.72,480,1.2,dark,3,2,2,0,False,1.0,0.736,19.15,no,0.7387,1.9212,0.7619,45.0,85.0,CONFIRMED-LEAD,high,small_blob,"Real feature confirmed at the same pixels in the corresponding band variant(s) of one acquisition. Fetch the EDR original, geolocate on Trek, and check for an independent pass at a different lighting before writing a finding.",data/processed\ESP_013948_1410\ESP_013948_1410_MRGB.browse_enh.png,,0.376,,,,,,,
ESP_013236_1410_RED.abrowse_enh.png,3200,6492,12,28,1.94,336,2.33,dark,3,2,2,0,False,1.0,1.0,27.37,no,0.6705,0.991,0.8507,44.9,84.9,CONFIRMED-LEAD,high,small_blob,"Real feature confirmed at the same pixels in the corresponding band variant(s) of one acquisition. Fetch the EDR original, geolocate on Trek, and check for an independent pass at a different lighting before writing a finding.",data/processed\ESP_013236_1410\ESP_013236_1410_RED.abrowse_enh.png,,0.376,,,,,,,
ESP_013948_1410_RED.abrowse_enh.png,1356,3880,24,20,1.71,480,1.2,dark,3,2,2,0,False,1.0,0.97,24.84,no,0.8086,1.3469,0.9373,44.9,84.9,CONFIRMED-LEAD,high,small_blob,"Real feature confirmed at the same pixels in the corresponding band variant(s) of one acquisition. Fetch the EDR original, geolocate on Trek, and check for an independent pass at a different lighting before writing a finding.",data/processed\ESP_013948_1410\ESP_013948_1410_RED.abrowse_enh.png,,0.376,,,,,,,
ESP_013948_1410_RED.abrowse_enh.png,768,4880,24,20,1.71,480,1.2,dark,3,2,2,0,False,1.0,1.0,35.2,no,0.7998,1.2542,0.7763,44.9,84.9,CONFIRMED-LEAD,high,small_blob,"Real feature confirmed at the same pixels in the corresponding band variant(s) of one acquisition. Fetch the EDR original, geolocate on Trek, and check for an independent pass at a different lighting before writing a finding.",data/processed\ESP_013948_1410\ESP_013948_1410_RED.abrowse_enh.png,,0.376,,,,,,,
ESP_013236_1410_RED.browse_enh.png,1232,3328,24,20,1.7,480,1.2,dark,3,2,2,0,False,1.0,1.0,25.49,no,0.7114,1.4319,0.8296,44.8,84.8,CONFIRMED-LEAD,high,small_blob,"Real feature confirmed at the same pixels in the corresponding band variant(s) of one acquisition. Fetch the EDR original, geolocate on Trek, and check for an independent pass at a different lighting before writing a finding.",data/processed\ESP_013236_1410\ESP_013236_1410_RED.browse_enh.png,,0.376,,,,,,,
ESP_013948_1410_MIRB.browse_enh.png,2536,5228,20,24,1.69,480,1.2,dark,3,2,2,0,False,1.0,0.736,19.2,no,0.737,1.9415,0.7587,44.7,84.7,CONFIRMED-LEAD,high,small_blob,"Real feature confirmed at the same pixels in the corresponding band variant(s) of one acquisition. Fetch the EDR original, geolocate on Trek, and check for an independent pass at a different lighting before writing a finding.",data/processed\ESP_013948_1410\ESP_013948_1410_MIRB.browse_enh.png,,0.376,,,,,,,
ESP_013948_1410_MIRB.abrowse_enh.png,1008,2296,12,28,1.9,336,2.33,dark,3,2,2,0,False,1.0,0.742,32.63,no,0.6635,1.85,0.8794,44.6,84.6,CONFIRMED-LEAD,high,small_blob,"Real feature confirmed at the same pixels in the corresponding band variant(s) of one acquisition. Fetch the EDR original, geolocate on Trek, and check for an independent pass at a different lighting before writing a finding.",data/processed\ESP_013948_1410\ESP_013948_1410_MIRB.abrowse_enh.png,,0.376,,,,,,,
ESP_013948_1410_MRGB.abrowse_enh.png,1008,2296,12,28,1.9,336,2.33,dark,3,2,2,0,False,1.0,0.742,32.63,no,0.6635,1.85,0.8794,44.6,84.6,CONFIRMED-LEAD,high,small_blob,"Real feature confirmed at the same pixels in the corresponding band variant(s) of one acquisition. Fetch the EDR original, geolocate on Trek, and check for an independent pass at a different lighting before writing a finding.",data/processed\ESP_013948_1410\ESP_013948_1410_MRGB.abrowse_enh.png,,0.376,,,,,,,
ESP_013948_1410_RED.browse_enh.png,2488,1524,16,28,1.79,448,1.75,bright,3,2,2,0,False,1.0,1.0,23.19,no,0.82,1.6435,0.9247,44.6,84.6,CONFIRMED-LEAD,high,small_blob,"Real feature confirmed at the same pixels in the corresponding band variant(s) of one acquisition. Fetch the EDR original, geolocate on Trek, and check for an independent pass at a different lighting before writing a finding.",data/processed\ESP_013948_1410\ESP_013948_1410_RED.browse_enh.png,,0.376,,,,,,,
ESP_013236_1410_MIRB.browse_enh.png,1072,3448,20,24,1.67,480,1.2,dark,3,2,2,0,False,1.0,1.0,23.49,no,0.6719,1.5733,0.7811,44.5,84.5,CONFIRMED-LEAD,high,small_blob,"Real feature confirmed at the same pixels in the corresponding band variant(s) of one acquisition. Fetch the EDR original, geolocate on Trek, and check for an independent pass at a different lighting before writing a finding.",data/processed\ESP_013236_1410\ESP_013236_1410_MIRB.browse_enh.png,,0.376,,,,,,,
ESP_013236_1410_MRGB.browse_enh.png,1072,3448,20,24,1.67,480,1.2,dark,3,2,2,0,False,1.0,1.0,23.49,no,0.6719,1.5733,0.7811,44.5,84.5,CONFIRMED-LEAD,high,small_blob,"Real feature confirmed at the same pixels in the corresponding band variant(s) of one acquisition. Fetch the EDR original, geolocate on Trek, and check for an independent pass at a different lighting before writing a finding.",data/processed\ESP_013236_1410\ESP_013236_1410_MRGB.browse_enh.png,,0.376,,,,,,,
ESP_013236_1410_MRGB.browse_enh.png,1924,4572,16,20,1.69,320,1.25,dark,3,2,2,0,False,1.0,1.0,29.5,no,0.8077,0.9752,0.9155,44.5,84.5,CONFIRMED-LEAD,high,small_blob,"Real feature confirmed at the same pixels in the corresponding band variant(s) of one acquisition. Fetch the EDR original, geolocate on Trek, and check for an independent pass at a different lighting before writing a finding.",data/processed\ESP_013236_1410\ESP_013236_1410_MRGB.browse_enh.png,,0.376,,,,,,,
ESP_013948_1410_RED.browse_enh.png,1092,2208,16,36,1.85,576,2.25,dark,3,2,2,0,False,1.0,1.0,33.14,no,0.6556,1.3072,0.7304,44.4,84.4,CONFIRMED-LEAD,high,small_blob,"Real feature confirmed at the same pixels in the corresponding band variant(s) of one acquisition. Fetch the EDR original, geolocate on Trek, and check for an independent pass at a different lighting before writing a finding.",data/processed\ESP_013948_1410\ESP_013948_1410_RED.browse_enh.png,,0.376,,,,,,,
ESP_013236_1410_RED.browse_enh.png,1392,3340,16,28,1.73,448,1.75,dark,3,2,2,0,False,1.0,1.0,31.52,no,0.7329,1.1743,0.8652,44.1,84.1,CONFIRMED-LEAD,high,small_blob,"Real feature confirmed at the same pixels in the corresponding band variant(s) of one acquisition. Fetch the EDR original, geolocate on Trek, and check for an independent pass at a different lighting before writing a finding.",data/processed\ESP_013236_1410\ESP_013236_1410_RED.browse_enh.png,,0.376,,,,,,,
ESP_013948_1410_RED.browse_enh.png,2536,5228,20,24,1.62,480,1.2,dark,3,2,2,0,False,1.0,0.736,21.15,no,0.7547,1.9088,0.7408,44.1,84.1,CONFIRMED-LEAD,high,small_blob,"Real feature confirmed at the same pixels in the corresponding band variant(s) of one acquisition. Fetch the EDR original, geolocate on Trek, and check for an independent pass at a different lighting before writing a finding.",data/processed\ESP_013948_1410\ESP_013948_1410_RED.browse_enh.png,,0.376,,,,,,,
ESP_013948_1410_MIRB.abrowse_enh.png,1356,3880,24,20,1.61,480,1.2,dark,3,2,2,0,False,1.0,1.0,23.74,no,0.7796,1.4688,0.9329,44.0,84.0,CONFIRMED-LEAD,high,small_blob,"Real feature confirmed at the same pixels in the corresponding band variant(s) of one acquisition. Fetch the EDR original, geolocate on Trek, and check for an independent pass at a different lighting before writing a finding.",data/processed\ESP_013948_1410\ESP_013948_1410_MIRB.abrowse_enh.png,,0.376,,,,,,,
ESP_013948_1410_MIRB.browse_enh.png,2488,1524,16,28,1.72,448,1.75,bright,3,2,2,0,False,1.0,1.0,21.38,no,0.7998,1.7065,0.9219,44.0,84.0,CONFIRMED-LEAD,high,small_blob,"Real feature confirmed at the same pixels in the corresponding band variant(s) of one acquisition. Fetch the EDR original, geolocate on Trek, and check for an independent pass at a different lighting before writing a finding.",data/processed\ESP_013948_1410\ESP_013948_1410_MIRB.browse_enh.png,,0.376,,,,,,,
ESP_013948_1410_MIRB.browse_enh.png,1700,5652,16,28,1.72,448,1.75,dark,3,2,2,0,False,1.0,1.0,32.05,no,0.7879,1.3341,0.8486,44.0,84.0,CONFIRMED-LEAD,high,small_blob,"Real feature confirmed at the same pixels in the corresponding band variant(s) of one acquisition. Fetch the EDR original, geolocate on Trek, and check for an independent pass at a different lighting before writing a finding.",data/processed\ESP_013948_1410\ESP_013948_1410_MIRB.browse_enh.png,,0.376,,,,,,,
ESP_013948_1410_MIRB.browse_enh.png,2984,10236,20,16,1.63,320,1.25,bright,3,2,2,0,False,1.0,1.0,29.81,no,0.8242,0.9486,0.9708,44.0,84.0,CONFIRMED-LEAD,high,small_blob,"Real feature confirmed at the same pixels in the corresponding band variant(s) of one acquisition. Fetch the EDR original, geolocate on Trek, and check for an independent pass at a different lighting before writing a finding.",data/processed\ESP_013948_1410\ESP_013948_1410_MIRB.browse_enh.png,,0.376,,,,,,,
ESP_013948_1410_MRGB.abrowse_enh.png,1356,3880,24,20,1.61,480,1.2,dark,3,2,2,0,False,1.0,1.0,23.74,no,0.7795,1.469,0.9328,44.0,84.0,CONFIRMED-LEAD,high,small_blob,"Real feature confirmed at the same pixels in the corresponding band variant(s) of one acquisition. Fetch the EDR original, geolocate on Trek, and check for an independent pass at a different lighting before writing a finding.",data/processed\ESP_013948_1410\ESP_013948_1410_MRGB.abrowse_enh.png,,0.376,,,,,,,
ESP_013948_1410_MRGB.browse_enh.png,2488,1524,16,28,1.71,448,1.75,bright,3,2,2,0,False,1.0,0.925,21.51,no,0.8004,1.6842,0.9215,43.9,83.9,CONFIRMED-LEAD,high,small_blob,"Real feature confirmed at the same pixels in the corresponding band variant(s) of one acquisition. Fetch the EDR original, geolocate on Trek, and check for an independent pass at a different lighting before writing a finding.",data/processed\ESP_013948_1410\ESP_013948_1410_MRGB.browse_enh.png,,0.376,,,,,,,
ESP_013948_1410_MRGB.browse_enh.png,2984,10236,20,16,1.62,320,1.25,bright,3,2,2,0,False,1.0,1.0,30.01,no,0.8256,0.9434,0.9711,43.9,83.9,CONFIRMED-LEAD,high,small_blob,"Real feature confirmed at the same pixels in the corresponding band variant(s) of one acquisition. Fetch the EDR original, geolocate on Trek, and check for an independent pass at a different lighting before writing a finding.",data/processed\ESP_013948_1410\ESP_013948_1410_MRGB.browse_enh.png,,0.376,,,,,,,
ESP_013236_1410_RED.browse_enh.png,2540,996,16,32,2.2,512,2.0,bright,3,2,2,0,False,1.0,0.569,21.28,no,0.7955,1.5636,0.9447,47.8,83.8,CONFIRMED-LEAD,high,small_blob,"Real feature confirmed at the same pixels in the corresponding band variant(s) of one acquisition. Fetch the EDR original, geolocate on Trek, and check for an independent pass at a different lighting before writing a finding.",data/processed\ESP_013236_1410\ESP_013236_1410_RED.browse_enh.png,,0.376,,,,,,,
ESP_013948_1410_MIRB.abrowse_enh.png,1380,6712,36,20,1.67,720,1.8,bright,3,2,2,0,False,1.0,1.0,28.56,no,0.8486,1.4254,0.7944,43.6,83.6,CONFIRMED-LEAD,high,small_blob,"Real feature confirmed at the same pixels in the corresponding band variant(s) of one acquisition. Fetch the EDR original, geolocate on Trek, and check for an independent pass at a different lighting before writing a finding.",data/processed\ESP_013948_1410\ESP_013948_1410_MIRB.abrowse_enh.png,,0.376,,,,,,,
ESP_013948_1410_MRGB.abrowse_enh.png,1380,6712,36,20,1.67,720,1.8,bright,3,2,2,0,False,1.0,1.0,28.56,no,0.8487,1.413,0.7943,43.6,83.6,CONFIRMED-LEAD,high,small_blob,"Real feature confirmed at the same pixels in the corresponding band variant(s) of one acquisition. Fetch the EDR original, geolocate on Trek, and check for an independent pass at a different lighting before writing a finding.",data/processed\ESP_013948_1410\ESP_013948_1410_MRGB.abrowse_enh.png,,0.376,,,,,,,
ESP_013236_1410_MIRB.browse_enh.png,1380,5868,12,32,1.84,384,2.67,dark,3,2,2,0,False,1.0,1.0,24.11,no,0.7492,1.7691,0.888,43.5,83.5,CONFIRMED-LEAD,high,small_blob,"Real feature confirmed at the same pixels in the corresponding band variant(s) of one acquisition. Fetch the EDR original, geolocate on Trek, and check for an independent pass at a different lighting before writing a finding.",data/processed\ESP_013236_1410\ESP_013236_1410_MIRB.browse_enh.png,,0.376,,,,,,,
ESP_013236_1410_MRGB.browse_enh.png,1380,5868,12,32,1.84,384,2.67,dark,3,2,2,0,False,1.0,1.0,24.11,no,0.7492,1.7691,0.888,43.5,83.5,CONFIRMED-LEAD,high,small_blob,"Real feature confirmed at the same pixels in the corresponding band variant(s) of one acquisition. Fetch the EDR original, geolocate on Trek, and check for an independent pass at a different lighting before writing a finding.",data/processed\ESP_013236_1410\ESP_013236_1410_MRGB.browse_enh.png,,0.376,,,,,,,
ESP_013236_1410_MIRB.browse_enh.png,2540,996,16,32,2.15,512,2.0,bright,3,2,2,0,False,1.0,0.569,20.36,no,0.776,1.6136,0.9423,47.4,83.4,CONFIRMED-LEAD,high,small_blob,"Real feature confirmed at the same pixels in the corresponding band variant(s) of one acquisition. Fetch the EDR original, geolocate on Trek, and check for an independent pass at a different lighting before writing a finding.",data/processed\ESP_013236_1410\ESP_013236_1410_MIRB.browse_enh.png,,0.376,,,,,,,
ESP_013236_1410_MIRB.browse_enh.png,1728,8996,12,24,1.71,288,2.0,bright,3,2,2,0,False,1.0,1.0,26.5,no,0.7395,0.9464,0.9482,43.4,83.4,CONFIRMED-LEAD,high,small_blob,"Real feature confirmed at the same pixels in the corresponding band variant(s) of one acquisition. Fetch the EDR original, geolocate on Trek, and check for an independent pass at a different lighting before writing a finding.",data/processed\ESP_013236_1410\ESP_013236_1410_MIRB.browse_enh.png,,0.376,,,,,,,
ESP_013236_1410_MRGB.browse_enh.png,2540,996,16,32,2.15,512,2.0,bright,3,2,2,0,False,1.0,0.569,20.36,no,0.776,1.6136,0.9423,47.4,83.4,CONFIRMED-LEAD,high,small_blob,"Real feature confirmed at the same pixels in the corresponding band variant(s) of one acquisition. Fetch the EDR original, geolocate on Trek, and check for an independent pass at a different lighting before writing a finding.",data/processed\ESP_013236_1410\ESP_013236_1410_MRGB.browse_enh.png,,0.376,,,,,,,
ESP_013236_1410_MRGB.browse_enh.png,1728,8996,12,24,1.71,288,2.0,bright,3,2,2,0,False,1.0,1.0,26.5,no,0.7395,0.9464,0.9482,43.4,83.4,CONFIRMED-LEAD,high,small_blob,"Real feature confirmed at the same pixels in the corresponding band variant(s) of one acquisition. Fetch the EDR original, geolocate on Trek, and check for an independent pass at a different lighting before writing a finding.",data/processed\ESP_013236_1410\ESP_013236_1410_MRGB.browse_enh.png,,0.376,,,,,,,
ESP_013236_1410_RED.browse_enh.png,1728,8996,12,24,1.71,288,2.0,bright,3,2,2,0,False,1.0,1.0,27.59,no,0.7651,0.8595,0.9594,43.4,83.4,CONFIRMED-LEAD,high,small_blob,"Real feature confirmed at the same pixels in the corresponding band variant(s) of one acquisition. Fetch the EDR original, geolocate on Trek, and check for an independent pass at a different lighting before writing a finding.",data/processed\ESP_013236_1410\ESP_013236_1410_RED.browse_enh.png,,0.376,,,,,,,
ESP_013948_1410_RED.abrowse_enh.png,1380,6712,36,20,1.64,720,1.8,bright,3,2,2,0,False,1.0,1.0,31.03,no,0.8637,1.2635,0.7954,43.4,83.4,CONFIRMED-LEAD,high,small_blob,"Real feature confirmed at the same pixels in the corresponding band variant(s) of one acquisition. Fetch the EDR original, geolocate on Trek, and check for an independent pass at a different lighting before writing a finding.",data/processed\ESP_013948_1410\ESP_013948_1410_RED.abrowse_enh.png,,0.376,,,,,,,
ESP_013236_1410_MIRB.browse_enh.png,780,4184,28,24,1.51,672,1.17,dark,3,2,2,0,False,1.0,1.0,40.01,no,0.8384,0.9062,0.8078,43.3,83.3,CONFIRMED-LEAD,high,small_blob,"Real feature confirmed at the same pixels in the corresponding band variant(s) of one acquisition. Fetch the EDR original, geolocate on Trek, and check for an independent pass at a different lighting before writing a finding.",data/processed\ESP_013236_1410\ESP_013236_1410_MIRB.browse_enh.png,,0.379,,,,,,,
ESP_013236_1410_MRGB.browse_enh.png,780,4184,28,24,1.51,672,1.17,dark,3,2,2,0,False,1.0,1.0,40.01,no,0.8384,0.9062,0.8078,43.3,83.3,CONFIRMED-LEAD,high,small_blob,"Real feature confirmed at the same pixels in the corresponding band variant(s) of one acquisition. Fetch the EDR original, geolocate on Trek, and check for an independent pass at a different lighting before writing a finding.",data/processed\ESP_013236_1410\ESP_013236_1410_MRGB.browse_enh.png,,0.379,,,,,,,
ESP_013236_1410_MIRB.abrowse_enh.png,1356,3776,16,28,1.63,448,1.75,dark,3,2,2,0,False,1.0,0.857,30.92,no,0.7685,1.3916,0.8438,43.2,83.2,CONFIRMED-LEAD,high,small_blob,"Real feature confirmed at the same pixels in the corresponding band variant(s) of one acquisition. Fetch the EDR original, geolocate on Trek, and check for an independent pass at a different lighting before writing a finding.",data/processed\ESP_013236_1410\ESP_013236_1410_MIRB.abrowse_enh.png,,0.376,,,,,,,
ESP_013236_1410_MRGB.abrowse_enh.png,1356,3776,16,28,1.63,448,1.75,dark,3,2,2,0,False,1.0,0.857,30.92,no,0.7685,1.3916,0.8438,43.2,83.2,CONFIRMED-LEAD,high,small_blob,"Real feature confirmed at the same pixels in the corresponding band variant(s) of one acquisition. Fetch the EDR original, geolocate on Trek, and check for an independent pass at a different lighting before writing a finding.",data/processed\ESP_013236_1410\ESP_013236_1410_MRGB.abrowse_enh.png,,0.376,,,,,,,
ESP_013948_1410_MIRB.browse_enh.png,1380,6516,36,20,1.62,720,1.8,bright,3,2,2,0,False,1.0,1.0,29.21,no,0.8485,1.3746,0.8017,43.2,83.2,CONFIRMED-LEAD,high,small_blob,"Real feature confirmed at the same pixels in the corresponding band variant(s) of one acquisition. Fetch the EDR original, geolocate on Trek, and check for an independent pass at a different lighting before writing a finding.",data/processed\ESP_013948_1410\ESP_013948_1410_MIRB.browse_enh.png,,0.376,,,,,,,
ESP_013236_1410_MIRB.abrowse_enh.png,2212,4824,20,16,1.98,320,1.25,bright,3,2,2,0,False,1.0,0.643,37.7,no,0.8846,0.8012,0.9834,47.1,83.1,CONFIRMED-LEAD,high,small_blob,"Real feature confirmed at the same pixels in the corresponding band variant(s) of one acquisition. Fetch the EDR original, geolocate on Trek, and check for an independent pass at a different lighting before writing a finding.",data/processed\ESP_013236_1410\ESP_013236_1410_MIRB.abrowse_enh.png,,0.376,,,,,,,
ESP_013236_1410_MRGB.abrowse_enh.png,2212,4824,20,16,1.98,320,1.25,bright,3,2,2,0,False,1.0,0.643,37.66,no,0.8848,0.8017,0.9834,47.1,83.1,CONFIRMED-LEAD,high,small_blob,"Real feature confirmed at the same pixels in the corresponding band variant(s) of one acquisition. Fetch the EDR original, geolocate on Trek, and check for an independent pass at a different lighting before writing a finding.",data/processed\ESP_013236_1410\ESP_013236_1410_MRGB.abrowse_enh.png,,0.376,,,,,,,
ESP_013236_1410_RED.abrowse_enh.png,1356,3772,16,32,1.66,512,2.0,dark,3,2,2,0,False,1.0,1.0,30.2,no,0.7959,1.3593,0.8848,43.1,83.1,CONFIRMED-LEAD,high,small_blob,"Real feature confirmed at the same pixels in the corresponding band variant(s) of one acquisition. Fetch the EDR original, geolocate on Trek, and check for an independent pass at a different lighting before writing a finding.",data/processed\ESP_013236_1410\ESP_013236_1410_RED.abrowse_enh.png,,0.376,,,,,,,
ESP_013236_1410_RED.browse_enh.png,780,4184,28,24,1.49,672,1.17,dark,3,2,2,0,False,0.998,1.0,42.32,no,0.8419,0.9311,0.7958,43.1,83.1,CONFIRMED-LEAD,high,small_blob,"Real feature confirmed at the same pixels in the corresponding band variant(s) of one acquisition. Fetch the EDR original, geolocate on Trek, and check for an independent pass at a different lighting before writing a finding.",data/processed\ESP_013236_1410\ESP_013236_1410_RED.browse_enh.png,,0.381,,,,,,,
ESP_013948_1410_MIRB.browse_enh.png,2748,552,16,28,1.61,448,1.75,dark,3,2,2,0,False,1.0,1.0,31.68,no,0.7374,1.2046,0.8218,43.1,83.1,CONFIRMED-LEAD,high,small_blob,"Real feature confirmed at the same pixels in the corresponding band variant(s) of one acquisition. Fetch the EDR original, geolocate on Trek, and check for an independent pass at a different lighting before writing a finding.",data/processed\ESP_013948_1410\ESP_013948_1410_MIRB.browse_enh.png,,0.376,,,,,,,
ESP_013948_1410_MRGB.browse_enh.png,2748,552,16,28,1.61,448,1.75,dark,3,2,2,0,False,1.0,1.0,31.79,no,0.7382,1.1877,0.8234,43.1,83.1,CONFIRMED-LEAD,high,small_blob,"Real feature confirmed at the same pixels in the corresponding band variant(s) of one acquisition. Fetch the EDR original, geolocate on Trek, and check for an independent pass at a different lighting before writing a finding.",data/processed\ESP_013948_1410\ESP_013948_1410_MRGB.browse_enh.png,,0.376,,,,,,,
ESP_013948_1410_MRGB.browse_enh.png,1380,6516,36,20,1.61,720,1.8,bright,3,2,2,0,False,1.0,1.0,29.34,no,0.8484,1.3594,0.8025,43.1,83.1,CONFIRMED-LEAD,high,small_blob,"Real feature confirmed at the same pixels in the corresponding band variant(s) of one acquisition. Fetch the EDR original, geolocate on Trek, and check for an independent pass at a different lighting before writing a finding.",data/processed\ESP_013948_1410\ESP_013948_1410_MRGB.browse_enh.png,,0.376,,,,,,,
ESP_013948_1410_RED.browse_enh.png,556,4808,16,36,1.7,576,2.25,dark,3,2,2,0,False,1.0,0.814,47.76,no,0.7779,1.2428,0.8083,43.1,83.1,CONFIRMED-LEAD,high,small_blob,"Real feature confirmed at the same pixels in the corresponding band variant(s) of one acquisition. Fetch the EDR original, geolocate on Trek, and check for an independent pass at a different lighting before writing a finding.",data/processed\ESP_013948_1410\ESP_013948_1410_RED.browse_enh.png,,0.376,,,,,,,
ESP_013948_1410_RED.abrowse_enh.png,556,5004,16,36,1.69,576,2.25,dark,3,2,2,0,False,1.0,0.701,47.29,no,0.7771,1.2065,0.8096,43.0,83.0,CONFIRMED-LEAD,high,small_blob,"Real feature confirmed at the same pixels in the corresponding band variant(s) of one acquisition. Fetch the EDR original, geolocate on Trek, and check for an independent pass at a different lighting before writing a finding.",data/processed\ESP_013948_1410\ESP_013948_1410_RED.abrowse_enh.png,,0.376,,,,,,,
ESP_013948_1410_RED.abrowse_enh.png,3596,9160,16,32,1.65,512,2.0,dark,3,2,2,0,False,1.0,1.0,27.01,no,0.8673,1.2265,0.7315,43.0,83.0,CONFIRMED-LEAD,high,small_blob,"Real feature confirmed at the same pixels in the corresponding band variant(s) of one acquisition. Fetch the EDR original, geolocate on Trek, and check for an independent pass at a different lighting before writing a finding.",data/processed\ESP_013948_1410\ESP_013948_1410_RED.abrowse_enh.png,,0.376,,,,,,,
ESP_013948_1410_RED.abrowse_enh.png,3644,8944,16,32,1.63,512,2.0,dark,3,2,2,0,False,1.0,0.942,19.5,no,0.7689,1.5367,0.8391,42.9,82.9,CONFIRMED-LEAD,high,small_blob,"Real feature confirmed at the same pixels in the corresponding band variant(s) of one acquisition. Fetch the EDR original, geolocate on Trek, and check for an independent pass at a different lighting before writing a finding.",data/processed\ESP_013948_1410\ESP_013948_1410_RED.abrowse_enh.png,,0.376,,,,,,,
ESP_013236_1410_MIRB.abrowse_enh.png,780,4384,28,20,1.51,560,1.4,dark,3,2,2,0,False,1.0,1.0,41.36,no,0.8316,0.8385,0.8293,42.8,82.8,CONFIRMED-LEAD,high,small_blob,"Real feature confirmed at the same pixels in the corresponding band variant(s) of one acquisition. Fetch the EDR original, geolocate on Trek, and check for an independent pass at a different lighting before writing a finding.",data/processed\ESP_013236_1410\ESP_013236_1410_MIRB.abrowse_enh.png,,0.379,,,,,,,
ESP_013236_1410_MRGB.abrowse_enh.png,780,4384,28,20,1.51,560,1.4,dark,3,2,2,0,False,1.0,1.0,41.36,no,0.8316,0.8385,0.8293,42.8,82.8,CONFIRMED-LEAD,high,small_blob,"Real feature confirmed at the same pixels in the corresponding band variant(s) of one acquisition. Fetch the EDR original, geolocate on Trek, and check for an independent pass at a different lighting before writing a finding.",data/processed\ESP_013236_1410\ESP_013236_1410_MRGB.abrowse_enh.png,,0.379,,,,,,,
ESP_013236_1410_RED.abrowse_enh.png,1444,3664,32,60,0.26,1920,1.88,dark,3,2,2,0,False,1.0,0.59,81.36,no,0.9473,0.863,0.6447,46.8,82.8,CONFIRMED-LEAD,high,,"Real feature confirmed at the same pixels in the corresponding band variant(s) of one acquisition. Fetch the EDR original, geolocate on Trek, and check for an independent pass at a different lighting before writing a finding.",data/processed\ESP_013236_1410\ESP_013236_1410_RED.abrowse_enh.png,,0.496,,,,,,,
ESP_013236_1410_MIRB.browse_enh.png,2332,9692,12,24,1.62,288,2.0,bright,3,2,2,0,False,1.0,1.0,32.25,no,0.7974,0.5853,0.9718,42.7,82.7,CONFIRMED-LEAD,high,small_blob,"Real feature confirmed at the same pixels in the corresponding band variant(s) of one acquisition. Fetch the EDR original, geolocate on Trek, and check for an independent pass at a different lighting before writing a finding.",data/processed\ESP_013236_1410\ESP_013236_1410_MIRB.browse_enh.png,,0.376,,,,,,,
ESP_013236_1410_RED.abrowse_enh.png,780,4384,28,20,1.49,560,1.4,dark,3,2,2,0,False,1.0,1.0,43.81,no,0.8393,0.8533,0.8232,42.7,82.7,CONFIRMED-LEAD,high,small_blob,"Real feature confirmed at the same pixels in the corresponding band variant(s) of one acquisition. Fetch the EDR original, geolocate on Trek, and check for an independent pass at a different lighting before writing a finding.",data/processed\ESP_013236_1410\ESP_013236_1410_RED.abrowse_enh.png,,0.381,,,,,,,
ESP_013948_1410_RED.abrowse_enh.png,1132,4136,12,28,1.68,336,2.33,dark,3,2,2,0,False,1.0,1.0,36.46,no,0.7325,1.4627,0.8671,42.7,82.7,CONFIRMED-LEAD,high,small_blob,"Real feature confirmed at the same pixels in the corresponding band variant(s) of one acquisition. Fetch the EDR original, geolocate on Trek, and check for an independent pass at a different lighting before writing a finding.",data/processed\ESP_013948_1410\ESP_013948_1410_RED.abrowse_enh.png,,0.376,,,,,,,
ESP_013948_1410_RED.browse_enh.png,636,4948,20,20,1.43,400,1.0,dark,3,2,2,0,False,1.0,1.0,28.08,no,0.721,1.6482,0.815,42.7,82.7,CONFIRMED-LEAD,high,small_blob,"Real feature confirmed at the same pixels in the corresponding band variant(s) of one acquisition. Fetch the EDR original, geolocate on Trek, and check for an independent pass at a different lighting before writing a finding.",data/processed\ESP_013948_1410\ESP_013948_1410_RED.browse_enh.png,,0.384,,,,,,,
ESP_013948_1410_RED.abrowse_enh.png,2084,9972,20,24,1.45,480,1.2,bright,3,2,2,0,False,1.0,1.0,45.15,no,0.7638,1.2078,0.8954,42.6,82.6,CONFIRMED-LEAD,high,small_blob,"Real feature confirmed at the same pixels in the corresponding band variant(s) of one acquisition. Fetch the EDR original, geolocate on Trek, and check for an independent pass at a different lighting before writing a finding.",data/processed\ESP_013948_1410\ESP_013948_1410_RED.abrowse_enh.png,,0.384,,,,,,,
ESP_013948_1410_RED.browse_enh.png,2084,9776,20,24,1.45,480,1.2,bright,3,2,2,0,False,1.0,1.0,45.41,no,0.7637,1.1998,0.8927,42.6,82.6,CONFIRMED-LEAD,high,small_blob,"Real feature confirmed at the same pixels in the corresponding band variant(s) of one acquisition. Fetch the EDR original, geolocate on Trek, and check for an independent pass at a different lighting before writing a finding.",data/processed\ESP_013948_1410\ESP_013948_1410_RED.browse_enh.png,,0.384,,,,,,,
ESP_013236_1410_MIRB.abrowse_enh.png,1136,3588,16,24,1.49,384,1.5,dark,3,2,2,0,False,1.0,1.0,40.42,no,0.7424,1.0964,0.8086,42.4,82.4,CONFIRMED-LEAD,high,small_blob,"Real feature confirmed at the same pixels in the corresponding band variant(s) of one acquisition. Fetch the EDR original, geolocate on Trek, and check for an independent pass at a different lighting before writing a finding.",data/processed\ESP_013236_1410\ESP_013236_1410_MIRB.abrowse_enh.png,,0.381,,,,,,,
ESP_013236_1410_MRGB.abrowse_enh.png,1136,3588,16,24,1.49,384,1.5,dark,3,2,2,0,False,1.0,1.0,40.42,no,0.7424,1.0964,0.8086,42.4,82.4,CONFIRMED-LEAD,high,small_blob,"Real feature confirmed at the same pixels in the corresponding band variant(s) of one acquisition. Fetch the EDR original, geolocate on Trek, and check for an independent pass at a different lighting before writing a finding.",data/processed\ESP_013236_1410\ESP_013236_1410_MRGB.abrowse_enh.png,,0.381,,,,,,,
ESP_013948_1410_RED.browse_enh.png,1380,6512,36,24,1.46,864,1.5,bright,3,2,2,0,False,1.0,1.0,30.5,no,0.8435,1.2759,0.7117,42.4,82.4,CONFIRMED-LEAD,high,small_blob,"Real feature confirmed at the same pixels in the corresponding band variant(s) of one acquisition. Fetch the EDR original, geolocate on Trek, and check for an independent pass at a different lighting before writing a finding.",data/processed\ESP_013948_1410\ESP_013948_1410_RED.browse_enh.png,,0.384,,,,,,,
ESP_013236_1410_RED.browse_enh.png,1524,2672,28,56,0.25,1568,2.0,dark,3,2,2,0,False,0.971,0.55,47.96,no,0.8573,1.149,0.9672,46.3,82.3,CONFIRMED-LEAD,high,,"Real feature confirmed at the same pixels in the corresponding band variant(s) of one acquisition. Fetch the EDR original, geolocate on Trek, and check for an independent pass at a different lighting before writing a finding.",data/processed\ESP_013236_1410\ESP_013236_1410_RED.browse_enh.png,,0.497,,,,,,,
ESP_013948_1410_RED.abrowse_enh.png,1056,2352,16,32,1.57,512,2.0,dark,3,2,2,0,False,1.0,1.0,37.01,no,0.6665,1.3217,0.936,42.3,82.3,CONFIRMED-LEAD,high,small_blob,"Real feature confirmed at the same pixels in the corresponding band variant(s) of one acquisition. Fetch the EDR original, geolocate on Trek, and check for an independent pass at a different lighting before writing a finding.",data/processed\ESP_013948_1410\ESP_013948_1410_RED.abrowse_enh.png,,0.379,,,,,,,
ESP_013948_1410_RED.browse_enh.png,1004,1848,12,20,2.66,240,1.67,dark,2,0,2,0,False,1.0,1.0,20.82,no,0.873,0.6503,0.9666,42.3,82.3,CONFIRMED-LEAD,high,small_blob,"Real feature confirmed at the same pixels in the corresponding band variant(s) of one acquisition. Fetch the EDR original, geolocate on Trek, and check for an independent pass at a different lighting before writing a finding.",data/processed\ESP_013948_1410\ESP_013948_1410_RED.browse_enh.png,,0.254,,,,,,,
ESP_013948_1410_MIRB.abrowse_enh.png,1224,2704,12,24,1.57,288,2.0,dark,3,2,2,0,False,1.0,1.0,44.44,no,0.5972,1.6991,0.7957,42.2,82.2,CONFIRMED-LEAD,high,small_blob,"Real feature confirmed at the same pixels in the corresponding band variant(s) of one acquisition. Fetch the EDR original, geolocate on Trek, and check for an independent pass at a different lighting before writing a finding.",data/processed\ESP_013948_1410\ESP_013948_1410_MIRB.abrowse_enh.png,,0.379,,,,,,,
ESP_013948_1410_MRGB.abrowse_enh.png,1224,2704,12,24,1.57,288,2.0,dark,3,2,2,0,False,1.0,1.0,44.43,no,0.5972,1.6991,0.7957,42.2,82.2,CONFIRMED-LEAD,high,small_blob,"Real feature confirmed at the same pixels in the corresponding band variant(s) of one acquisition. Fetch the EDR original, geolocate on Trek, and check for an independent pass at a different lighting before writing a finding.",data/processed\ESP_013948_1410\ESP_013948_1410_MRGB.abrowse_enh.png,,0.379,,,,,,,
ESP_013236_1410_RED.abrowse_enh.png,1132,3676,16,28,1.5,448,1.75,dark,3,2,2,0,False,1.0,0.892,38.29,no,0.6941,0.9957,0.9208,42.1,82.1,CONFIRMED-LEAD,high,small_blob,"Real feature confirmed at the same pixels in the corresponding band variant(s) of one acquisition. Fetch the EDR original, geolocate on Trek, and check for an independent pass at a different lighting before writing a finding.",data/processed\ESP_013236_1410\ESP_013236_1410_RED.abrowse_enh.png,,0.379,,,,,,,
ESP_013948_1410_MIRB.browse_enh.png,1584,4788,12,28,2.19,336,2.33,dark,2,1,2,0,False,1.0,1.0,25.14,no,0.7905,1.4256,0.8678,42.1,82.1,CONFIRMED-LEAD,high,small_blob,"Real feature confirmed at the same pixels in the corresponding band variant(s) of one acquisition. Fetch the EDR original, geolocate on Trek, and check for an independent pass at a different lighting before writing a finding.",data/processed\ESP_013948_1410\ESP_013948_1410_MIRB.browse_enh.png,,0.376,,,,,,,
ESP_013948_1410_RED.browse_enh.png,1052,2156,20,32,1.45,640,1.6,dark,3,2,2,0,False,1.0,1.0,36.04,no,0.6718,1.5573,0.8175,42.0,82.0,CONFIRMED-LEAD,high,small_blob,"Real feature confirmed at the same pixels in the corresponding band variant(s) of one acquisition. Fetch the EDR original, geolocate on Trek, and check for an independent pass at a different lighting before writing a finding.",data/processed\ESP_013948_1410\ESP_013948_1410_RED.browse_enh.png,,0.384,,,,,,,
ESP_013948_1410_MRGB.browse_enh.png,636,4624,20,52,1.6,1040,2.6,dark,3,2,2,0,False,1.0,0.883,24.37,no,0.7619,1.6676,0.8078,41.9,81.9,CONFIRMED-LEAD,high,small_blob,"Real feature confirmed at the same pixels in the corresponding band variant(s) of one acquisition. Fetch the EDR original, geolocate on Trek, and check for an independent pass at a different lighting before writing a finding.",data/processed\ESP_013948_1410\ESP_013948_1410_MRGB.browse_enh.png,,0.376,,,,,,,
ESP_013236_1410_MIRB.abrowse_enh.png,1132,3676,16,28,1.47,448,1.75,dark,3,2,2,0,False,1.0,1.0,37.14,no,0.6886,1.1045,0.9303,41.8,81.8,CONFIRMED-LEAD,high,small_blob,"Real feature confirmed at the same pixels in the corresponding band variant(s) of one acquisition. Fetch the EDR original, geolocate on Trek, and check for an independent pass at a different lighting before writing a finding.",data/processed\ESP_013236_1410\ESP_013236_1410_MIRB.abrowse_enh.png,,0.384,,,,,,,
ESP_013236_1410_MRGB.abrowse_enh.png,1132,3676,16,28,1.47,448,1.75,dark,3,2,2,0,False,1.0,1.0,37.14,no,0.6886,1.1045,0.9303,41.8,81.8,CONFIRMED-LEAD,high,small_blob,"Real feature confirmed at the same pixels in the corresponding band variant(s) of one acquisition. Fetch the EDR original, geolocate on Trek, and check for an independent pass at a different lighting before writing a finding.",data/processed\ESP_013236_1410\ESP_013236_1410_MRGB.abrowse_enh.png,,0.384,,,,,,,
ESP_013948_1410_MIRB.browse_enh.png,636,4624,20,52,1.59,1040,2.6,dark,3,2,2,0,False,1.0,0.974,24.53,no,0.7619,1.6633,0.808,41.8,81.8,CONFIRMED-LEAD,high,small_blob,"Real feature confirmed at the same pixels in the corresponding band variant(s) of one acquisition. Fetch the EDR original, geolocate on Trek, and check for an independent pass at a different lighting before writing a finding.",data/processed\ESP_013948_1410\ESP_013948_1410_MIRB.browse_enh.png,,0.379,,,,,,,
ESP_013236_1410_MIRB.abrowse_enh.png,1520,4912,12,24,1.51,288,2.0,dark,3,2,2,0,False,1.0,1.0,31.4,no,0.8014,0.5117,0.9847,41.7,81.7,CONFIRMED-LEAD,high,small_blob,"Real feature confirmed at the same pixels in the corresponding band variant(s) of one acquisition. Fetch the EDR original, geolocate on Trek, and check for an independent pass at a different lighting before writing a finding.",data/processed\ESP_013236_1410\ESP_013236_1410_MIRB.abrowse_enh.png,,0.379,,,,,,,
ESP_013236_1410_MIRB.browse_enh.png,1032,1588,12,32,1.63,384,2.67,dark,3,2,2,0,False,1.0,0.744,30.98,no,0.622,1.4865,0.8711,41.7,81.7,CONFIRMED-LEAD,high,small_blob,"Real feature confirmed at the same pixels in the corresponding band variant(s) of one acquisition. Fetch the EDR original, geolocate on Trek, and check for an independent pass at a different lighting before writing a finding.",data/processed\ESP_013236_1410\ESP_013236_1410_MIRB.browse_enh.png,,0.376,,,,,,,
ESP_013236_1410_MRGB.abrowse_enh.png,1520,4912,12,24,1.51,288,2.0,dark,3,2,2,0,False,1.0,1.0,31.4,no,0.8014,0.5117,0.9847,41.7,81.7,CONFIRMED-LEAD,high,small_blob,"Real feature confirmed at the same pixels in the corresponding band variant(s) of one acquisition. Fetch the EDR original, geolocate on Trek, and check for an independent pass at a different lighting before writing a finding.",data/processed\ESP_013236_1410\ESP_013236_1410_MRGB.abrowse_enh.png,,0.379,,,,,,,
ESP_013236_1410_MRGB.browse_enh.png,1032,1588,12,32,1.63,384,2.67,dark,3,2,2,0,False,1.0,0.744,30.98,no,0.622,1.4865,0.8711,41.7,81.7,CONFIRMED-LEAD,high,small_blob,"Real feature confirmed at the same pixels in the corresponding band variant(s) of one acquisition. Fetch the EDR original, geolocate on Trek, and check for an independent pass at a different lighting before writing a finding.",data/processed\ESP_013236_1410\ESP_013236_1410_MRGB.browse_enh.png,,0.376,,,,,,,
ESP_013236_1410_RED.abrowse_enh.png,604,1744,12,28,1.57,336,2.33,dark,3,2,2,0,False,1.0,1.0,45.21,no,0.6878,1.6071,0.7946,41.7,81.7,CONFIRMED-LEAD,high,small_blob,"Real feature confirmed at the same pixels in the corresponding band variant(s) of one acquisition. Fetch the EDR original, geolocate on Trek, and check for an independent pass at a different lighting before writing a finding.",data/processed\ESP_013236_1410\ESP_013236_1410_RED.abrowse_enh.png,,0.379,,,,,,,
ESP_013948_1410_MIRB.abrowse_enh.png,1132,4136,16,24,1.41,384,1.5,dark,3,2,2,0,False,1.0,0.785,35.61,no,0.6831,1.2266,0.8888,41.7,81.7,CONFIRMED-LEAD,high,small_blob,"Real feature confirmed at the same pixels in the corresponding band variant(s) of one acquisition. Fetch the EDR original, geolocate on Trek, and check for an independent pass at a different lighting before writing a finding.",data/processed\ESP_013948_1410\ESP_013948_1410_MIRB.abrowse_enh.png,,0.384,,,,,,,
ESP_013948_1410_MIRB.browse_enh.png,1052,2156,20,32,1.41,640,1.6,dark,3,2,2,0,False,1.0,1.0,34.13,no,0.6488,1.5973,0.8217,41.7,81.7,CONFIRMED-LEAD,high,small_blob,"Real feature confirmed at the same pixels in the corresponding band variant(s) of one acquisition. Fetch the EDR original, geolocate on Trek, and check for an independent pass at a different lighting before writing a finding.",data/processed\ESP_013948_1410\ESP_013948_1410_MIRB.browse_enh.png,,0.384,,,,,,,
ESP_013948_1410_MRGB.abrowse_enh.png,1132,4136,16,24,1.41,384,1.5,dark,3,2,2,0,False,1.0,0.785,35.62,no,0.6829,1.2266,0.8889,41.7,81.7,CONFIRMED-LEAD,high,small_blob,"Real feature confirmed at the same pixels in the corresponding band variant(s) of one acquisition. Fetch the EDR original, geolocate on Trek, and check for an independent pass at a different lighting before writing a finding.",data/processed\ESP_013948_1410\ESP_013948_1410_MRGB.abrowse_enh.png,,0.384,,,,,,,
ESP_013948_1410_MRGB.browse_enh.png,1052,2156,20,32,1.41,640,1.6,dark,3,2,2,0,False,1.0,1.0,34.2,no,0.6505,1.6035,0.8223,41.7,81.7,CONFIRMED-LEAD,high,small_blob,"Real feature confirmed at the same pixels in the corresponding band variant(s) of one acquisition. Fetch the EDR original, geolocate on Trek, and check for an independent pass at a different lighting before writing a finding.",data/processed\ESP_013948_1410\ESP_013948_1410_MRGB.browse_enh.png,,0.384,,,,,,,
ESP_013236_1410_MIRB.abrowse_enh.png,1740,9224,16,32,1.49,512,2.0,bright,3,2,2,0,False,1.0,1.0,32.59,no,0.7831,0.9531,0.8352,41.6,81.6,CONFIRMED-LEAD,high,small_blob,"Real feature confirmed at the same pixels in the corresponding band variant(s) of one acquisition. Fetch the EDR original, geolocate on Trek, and check for an independent pass at a different lighting before writing a finding.",data/processed\ESP_013236_1410\ESP_013236_1410_MIRB.abrowse_enh.png,,0.381,,,,,,,
ESP_013236_1410_MRGB.abrowse_enh.png,1740,9224,16,32,1.49,512,2.0,bright,3,2,2,0,False,1.0,1.0,32.59,no,0.7831,0.9531,0.8352,41.6,81.6,CONFIRMED-LEAD,high,small_blob,"Real feature confirmed at the same pixels in the corresponding band variant(s) of one acquisition. Fetch the EDR original, geolocate on Trek, and check for an independent pass at a different lighting before writing a finding.",data/processed\ESP_013236_1410\ESP_013236_1410_MRGB.abrowse_enh.png,,0.381,,,,,,,
ESP_013236_1410_RED.abrowse_enh.png,1520,4908,12,32,1.62,384,2.67,dark,3,2,2,0,False,1.0,1.0,33.79,no,0.8189,0.5395,0.941,41.6,81.6,CONFIRMED-LEAD,high,small_blob,"Real feature confirmed at the same pixels in the corresponding band variant(s) of one acquisition. Fetch the EDR original, geolocate on Trek, and check for an independent pass at a different lighting before writing a finding.",data/processed\ESP_013236_1410\ESP_013236_1410_RED.abrowse_enh.png,,0.376,,,,,,,
ESP_013236_1410_RED.browse_enh.png,2596,4804,16,24,1.4,384,1.5,dark,3,2,2,0,False,1.0,0.805,25.36,no,0.7464,1.962,0.7361,41.6,81.6,CONFIRMED-LEAD,high,small_blob,"Real feature confirmed at the same pixels in the corresponding band variant(s) of one acquisition. Fetch the EDR original, geolocate on Trek, and check for an independent pass at a different lighting before writing a finding.",data/processed\ESP_013236_1410\ESP_013236_1410_RED.browse_enh.png,,0.385,,,,,,,
ESP_013236_1410_RED.abrowse_enh.png,1740,9224,16,32,1.48,512,2.0,bright,3,2,2,0,False,1.0,1.0,34.36,no,0.7868,0.8674,0.8322,41.5,81.5,CONFIRMED-LEAD,high,small_blob,"Real feature confirmed at the same pixels in the corresponding band variant(s) of one acquisition. Fetch the EDR original, geolocate on Trek, and check for an independent pass at a different lighting before writing a finding.",data/processed\ESP_013236_1410\ESP_013236_1410_RED.abrowse_enh.png,,0.382,,,,,,,
ESP_013236_1410_MIRB.browse_enh.png,1296,6472,24,16,1.36,384,1.5,bright,3,2,2,0,False,0.999,1.0,27.42,no,0.7533,1.7303,0.7063,41.3,81.3,CONFIRMED-LEAD,high,small_blob,"Real feature confirmed at the same pixels in the corresponding band variant(s) of one acquisition. Fetch the EDR original, geolocate on Trek, and check for an independent pass at a different lighting before writing a finding.",data/processed\ESP_013236_1410\ESP_013236_1410_MIRB.browse_enh.png,,0.388,,,,,,,
ESP_013236_1410_MRGB.browse_enh.png,1296,6472,24,16,1.36,384,1.5,bright,3,2,2,0,False,0.999,1.0,27.42,no,0.7533,1.7303,0.7063,41.3,81.3,CONFIRMED-LEAD,high,small_blob,"Real feature confirmed at the same pixels in the corresponding band variant(s) of one acquisition. Fetch the EDR original, geolocate on Trek, and check for an independent pass at a different lighting before writing a finding.",data/processed\ESP_013236_1410\ESP_013236_1410_MRGB.browse_enh.png,,0.388,,,,,,,
ESP_013948_1410_RED.browse_enh.png,1132,3940,16,28,1.41,448,1.75,dark,3,2,2,0,False,1.0,0.931,35.68,no,0.7349,1.41,0.8109,41.3,81.3,CONFIRMED-LEAD,high,small_blob,"Real feature confirmed at the same pixels in the corresponding band variant(s) of one acquisition. Fetch the EDR original, geolocate on Trek, and check for an independent pass at a different lighting before writing a finding.",data/processed\ESP_013948_1410\ESP_013948_1410_RED.browse_enh.png,,0.384,,,,,,,
ESP_013236_1410_RED.browse_enh.png,1224,4268,12,24,1.43,288,2.0,dark,3,2,2,0,False,1.0,0.883,39.74,no,0.6275,0.9793,0.8676,41.0,81.0,CONFIRMED-LEAD,high,small_blob,"Real feature confirmed at the same pixels in the corresponding band variant(s) of one acquisition. Fetch the EDR original, geolocate on Trek, and check for an independent pass at a different lighting before writing a finding.",data/processed\ESP_013236_1410\ESP_013236_1410_RED.browse_enh.png,,0.384,,,,,,,
ESP_013948_1410_MIRB.browse_enh.png,1132,3940,16,28,1.37,448,1.75,dark,3,2,2,0,False,1.0,0.88,33.37,no,0.7205,1.3125,0.7964,41.0,81.0,CONFIRMED-LEAD,high,small_blob,"Real feature confirmed at the same pixels in the corresponding band variant(s) of one acquisition. Fetch the EDR original, geolocate on Trek, and check for an independent pass at a different lighting before writing a finding.",data/processed\ESP_013948_1410\ESP_013948_1410_MIRB.browse_enh.png,,0.386,,,,,,,
ESP_013948_1410_MRGB.browse_enh.png,1132,3940,16,28,1.38,448,1.75,dark,3,2,2,0,False,1.0,0.88,33.13,no,0.7207,1.3167,0.7962,41.0,81.0,CONFIRMED-LEAD,high,small_blob,"Real feature confirmed at the same pixels in the corresponding band variant(s) of one acquisition. Fetch the EDR original, geolocate on Trek, and check for an independent pass at a different lighting before writing a finding.",data/processed\ESP_013948_1410\ESP_013948_1410_MRGB.browse_enh.png,,0.386,,,,,,,
ESP_013948_1410_RED.browse_enh.png,1472,5144,12,32,1.55,384,2.67,dark,3,2,2,0,False,1.0,1.0,37.88,no,0.8049,0.5543,0.9207,41.0,81.0,CONFIRMED-LEAD,high,small_blob,"Real feature confirmed at the same pixels in the corresponding band variant(s) of one acquisition. Fetch the EDR original, geolocate on Trek, and check for an independent pass at a different lighting before writing a finding.",data/processed\ESP_013948_1410\ESP_013948_1410_RED.browse_enh.png,,0.379,,,,,,,
ESP_013236_1410_MIRB.browse_enh.png,2596,4804,20,24,1.26,480,1.2,dark,3,2,2,0,False,1.0,0.781,20.92,no,0.7213,2.1286,0.7401,40.9,80.9,CONFIRMED-LEAD,high,small_blob,"Real feature confirmed at the same pixels in the corresponding band variant(s) of one acquisition. Fetch the EDR original, geolocate on Trek, and check for an independent pass at a different lighting before writing a finding.",data/processed\ESP_013236_1410\ESP_013236_1410_MIRB.browse_enh.png,,0.390,,,,,,,
ESP_013236_1410_MRGB.browse_enh.png,2596,4804,20,24,1.26,480,1.2,dark,3,2,2,0,False,1.0,0.781,20.92,no,0.7213,2.1286,0.7401,40.9,80.9,CONFIRMED-LEAD,high,small_blob,"Real feature confirmed at the same pixels in the corresponding band variant(s) of one acquisition. Fetch the EDR original, geolocate on Trek, and check for an independent pass at a different lighting before writing a finding.",data/processed\ESP_013236_1410\ESP_013236_1410_MRGB.browse_enh.png,,0.390,,,,,,,
ESP_013948_1410_RED.abrowse_enh.png,496,5376,16,16,1.23,256,1.0,dark,3,2,2,0,False,1.0,1.0,48.36,no,0.7314,0.6208,0.8911,40.9,80.9,CONFIRMED-LEAD,high,small_blob,"Real feature confirmed at the same pixels in the corresponding band variant(s) of one acquisition. Fetch the EDR original, geolocate on Trek, and check for an independent pass at a different lighting before writing a finding.",data/processed\ESP_013948_1410\ESP_013948_1410_RED.abrowse_enh.png,,0.390,,,,,,,
ESP_013948_1410_MIRB.abrowse_enh.png,3016,1024,12,28,1.47,336,2.33,dark,3,2,2,0,False,1.0,1.0,45.53,no,0.7758,0.8015,0.8809,40.8,80.8,CONFIRMED-LEAD,high,small_blob,"Real feature confirmed at the same pixels in the corresponding band variant(s) of one acquisition. Fetch the EDR original, geolocate on Trek, and check for an independent pass at a different lighting before writing a finding.",data/processed\ESP_013948_1410\ESP_013948_1410_MIRB.abrowse_enh.png,,0.384,,,,,,,
ESP_013236_1410_MIRB.browse_enh.png,1216,4372,16,36,1.43,576,2.25,dark,3,2,2,0,False,1.0,1.0,28.75,no,0.7084,1.2782,0.9096,40.7,80.7,CONFIRMED-LEAD,high,small_blob,"Real feature confirmed at the same pixels in the corresponding band variant(s) of one acquisition. Fetch the EDR original, geolocate on Trek, and check for an independent pass at a different lighting before writing a finding.",data/processed\ESP_013236_1410\ESP_013236_1410_MIRB.browse_enh.png,,0.384,,,,,,,
ESP_013236_1410_MRGB.browse_enh.png,1216,4372,16,36,1.43,576,2.25,dark,3,2,2,0,False,1.0,1.0,28.75,no,0.7084,1.2782,0.9096,40.7,80.7,CONFIRMED-LEAD,high,small_blob,"Real feature confirmed at the same pixels in the corresponding band variant(s) of one acquisition. Fetch the EDR original, geolocate on Trek, and check for an independent pass at a different lighting before writing a finding.",data/processed\ESP_013236_1410\ESP_013236_1410_MRGB.browse_enh.png,,0.384,,,,,,,
ESP_013236_1410_RED.abrowse_enh.png,812,4356,32,32,1.17,1024,1.0,dark,3,2,2,0,False,1.0,0.771,51.12,no,0.7949,1.4542,0.8295,40.7,80.7,CONFIRMED-LEAD,high,small_blob,"Real feature confirmed at the same pixels in the corresponding band variant(s) of one acquisition. Fetch the EDR original, geolocate on Trek, and check for an independent pass at a different lighting before writing a finding.",data/processed\ESP_013236_1410\ESP_013236_1410_RED.abrowse_enh.png,,0.393,,,,,,,
ESP_013948_1410_MRGB.abrowse_enh.png,3016,1024,12,28,1.46,336,2.33,dark,3,2,2,0,False,1.0,1.0,45.53,no,0.7757,0.8015,0.8809,40.7,80.7,CONFIRMED-LEAD,high,small_blob,"Real feature confirmed at the same pixels in the corresponding band variant(s) of one acquisition. Fetch the EDR original, geolocate on Trek, and check for an independent pass at a different lighting before writing a finding.",data/processed\ESP_013948_1410\ESP_013948_1410_MRGB.abrowse_enh.png,,0.384,,,,,,,
ESP_013948_1410_MRGB.browse_enh.png,684,4816,24,32,1.7,768,1.33,dark,3,2,2,0,False,1.0,0.523,30.7,no,0.75,1.2761,0.8007,44.7,80.7,CONFIRMED-LEAD,high,small_blob,"Real feature confirmed at the same pixels in the corresponding band variant(s) of one acquisition. Fetch the EDR original, geolocate on Trek, and check for an independent pass at a different lighting before writing a finding.",data/processed\ESP_013948_1410\ESP_013948_1410_MRGB.browse_enh.png,,0.376,,,,,,,
ESP_013236_1410_MIRB.abrowse_enh.png,700,4576,20,32,1.75,640,1.6,dark,3,2,2,0,False,1.0,0.677,32.5,no,0.777,1.3201,0.8209,44.6,80.6,CONFIRMED-LEAD,high,small_blob,"Real feature confirmed at the same pixels in the corresponding band variant(s) of one acquisition. Fetch the EDR original, geolocate on Trek, and check for an independent pass at a different lighting before writing a finding.",data/processed\ESP_013236_1410\ESP_013236_1410_MIRB.abrowse_enh.png,,0.376,,,,,,,
ESP_013236_1410_MIRB.browse_enh.png,628,4484,12,28,1.44,336,2.33,dark,3,2,2,0,False,1.0,1.0,32.0,no,0.7,1.3797,0.7782,40.6,80.6,CONFIRMED-LEAD,high,small_blob,"Real feature confirmed at the same pixels in the corresponding band variant(s) of one acquisition. Fetch the EDR original, geolocate on Trek, and check for an independent pass at a different lighting before writing a finding.",data/processed\ESP_013236_1410\ESP_013236_1410_MIRB.browse_enh.png,,0.384,,,,,,,
ESP_013236_1410_MRGB.abrowse_enh.png,700,4576,20,32,1.75,640,1.6,dark,3,2,2,0,False,1.0,0.677,32.5,no,0.777,1.3201,0.8209,44.6,80.6,CONFIRMED-LEAD,high,small_blob,"Real feature confirmed at the same pixels in the corresponding band variant(s) of one acquisition. Fetch the EDR original, geolocate on Trek, and check for an independent pass at a different lighting before writing a finding.",data/processed\ESP_013236_1410\ESP_013236_1410_MRGB.abrowse_enh.png,,0.376,,,,,,,
ESP_013236_1410_MRGB.browse_enh.png,628,4484,12,28,1.44,336,2.33,dark,3,2,2,0,False,1.0,1.0,32.0,no,0.7,1.3797,0.7782,40.6,80.6,CONFIRMED-LEAD,high,small_blob,"Real feature confirmed at the same pixels in the corresponding band variant(s) of one acquisition. Fetch the EDR original, geolocate on Trek, and check for an independent pass at a different lighting before writing a finding.",data/processed\ESP_013236_1410\ESP_013236_1410_MRGB.browse_enh.png,,0.384,,,,,,,
ESP_013948_1410_MIRB.abrowse_enh.png,1384,4072,20,20,1.19,400,1.0,dark,3,2,2,0,False,0.973,1.0,49.15,no,0.8233,1.2932,0.843,40.6,80.6,CONFIRMED-LEAD,high,small_blob,"Real feature confirmed at the same pixels in the corresponding band variant(s) of one acquisition. Fetch the EDR original, geolocate on Trek, and check for an independent pass at a different lighting before writing a finding.",data/processed\ESP_013948_1410\ESP_013948_1410_MIRB.abrowse_enh.png,,0.391,,,,,,,
ESP_013948_1410_MIRB.browse_enh.png,3016,828,12,28,1.44,336,2.33,dark,3,2,2,0,False,1.0,1.0,46.8,no,0.777,0.8071,0.8839,40.6,80.6,CONFIRMED-LEAD,high,small_blob,"Real feature confirmed at the same pixels in the corresponding band variant(s) of one acquisition. Fetch the EDR original, geolocate on Trek, and check for an independent pass at a different lighting before writing a finding.",data/processed\ESP_013948_1410\ESP_013948_1410_MIRB.browse_enh.png,,0.384,,,,,,,
ESP_013948_1410_MIRB.browse_enh.png,684,4816,24,32,1.69,768,1.33,dark,3,2,2,0,False,1.0,0.523,30.84,no,0.7498,1.2709,0.7993,44.6,80.6,CONFIRMED-LEAD,high,small_blob,"Real feature confirmed at the same pixels in the corresponding band variant(s) of one acquisition. Fetch the EDR original, geolocate on Trek, and check for an independent pass at a different lighting before writing a finding.",data/processed\ESP_013948_1410\ESP_013948_1410_MIRB.browse_enh.png,,0.376,,,,,,,
ESP_013948_1410_MRGB.abrowse_enh.png,1384,4072,20,20,1.19,400,1.0,dark,3,2,2,0,False,0.973,1.0,49.15,no,0.8233,1.2931,0.8431,40.6,80.6,CONFIRMED-LEAD,high,small_blob,"Real feature confirmed at the same pixels in the corresponding band variant(s) of one acquisition. Fetch the EDR original, geolocate on Trek, and check for an independent pass at a different lighting before writing a finding.",data/processed\ESP_013948_1410\ESP_013948_1410_MRGB.abrowse_enh.png,,0.391,,,,,,,
ESP_013948_1410_MRGB.browse_enh.png,3016,828,12,28,1.45,336,2.33,dark,3,2,2,0,False,1.0,1.0,46.9,no,0.7772,0.8098,0.8833,40.6,80.6,CONFIRMED-LEAD,high,small_blob,"Real feature confirmed at the same pixels in the corresponding band variant(s) of one acquisition. Fetch the EDR original, geolocate on Trek, and check for an independent pass at a different lighting before writing a finding.",data/processed\ESP_013948_1410\ESP_013948_1410_MRGB.browse_enh.png,,0.384,,,,,,,
ESP_013948_1410_MRGB.browse_enh.png,764,4684,28,20,1.71,560,1.4,dark,3,2,2,0,False,1.0,0.586,31.58,no,0.7829,1.3449,0.748,44.6,80.6,CONFIRMED-LEAD,high,small_blob,"Real feature confirmed at the same pixels in the corresponding band variant(s) of one acquisition. Fetch the EDR original, geolocate on Trek, and check for an independent pass at a different lighting before writing a finding.",data/processed\ESP_013948_1410\ESP_013948_1410_MRGB.browse_enh.png,,0.376,,,,,,,
ESP_013948_1410_RED.abrowse_enh.png,3016,1024,12,28,1.45,336,2.33,dark,3,2,2,0,False,1.0,1.0,47.6,no,0.7986,0.72,0.8839,40.6,80.6,CONFIRMED-LEAD,high,small_blob,"Real feature confirmed at the same pixels in the corresponding band variant(s) of one acquisition. Fetch the EDR original, geolocate on Trek, and check for an independent pass at a different lighting before writing a finding.",data/processed\ESP_013948_1410\ESP_013948_1410_RED.abrowse_enh.png,,0.384,,,,,,,
ESP_013948_1410_RED.abrowse_enh.png,816,4800,28,28,1.15,784,1.0,dark,3,2,2,0,False,1.0,0.931,53.39,no,0.7715,1.4054,0.8641,40.5,80.5,CONFIRMED-LEAD,high,small_blob,"Real feature confirmed at the same pixels in the corresponding band variant(s) of one acquisition. Fetch the EDR original, geolocate on Trek, and check for an independent pass at a different lighting before writing a finding.",data/processed\ESP_013948_1410\ESP_013948_1410_RED.abrowse_enh.png,,0.394,,,,,,,
ESP_013948_1410_MIRB.abrowse_enh.png,684,5012,24,32,1.67,768,1.33,dark,3,2,2,0,False,1.0,0.533,31.29,no,0.7472,1.2335,0.7985,44.4,80.4,CONFIRMED-LEAD,high,small_blob,"Real feature confirmed at the same pixels in the corresponding band variant(s) of one acquisition. Fetch the EDR original, geolocate on Trek, and check for an independent pass at a different lighting before writing a finding.",data/processed\ESP_013948_1410\ESP_013948_1410_MIRB.abrowse_enh.png,,0.376,,,,,,,
ESP_013948_1410_MIRB.browse_enh.png,764,4684,28,20,1.69,560,1.4,dark,3,2,2,0,False,1.0,0.586,31.78,no,0.7835,1.3223,0.748,44.4,80.4,CONFIRMED-LEAD,high,small_blob,"Real feature confirmed at the same pixels in the corresponding band variant(s) of one acquisition. Fetch the EDR original, geolocate on Trek, and check for an independent pass at a different lighting before writing a finding.",data/processed\ESP_013948_1410\ESP_013948_1410_MIRB.browse_enh.png,,0.376,,,,,,,
ESP_013948_1410_MRGB.abrowse_enh.png,684,5012,24,32,1.67,768,1.33,dark,3,2,2,0,False,1.0,0.533,31.29,no,0.7471,1.2336,0.7984,44.4,80.4,CONFIRMED-LEAD,high,small_blob,"Real feature confirmed at the same pixels in the corresponding band variant(s) of one acquisition. Fetch the EDR original, geolocate on Trek, and check for an independent pass at a different lighting before writing a finding.",data/processed\ESP_013948_1410\ESP_013948_1410_MRGB.abrowse_enh.png,,0.376,,,,,,,
ESP_013948_1410_RED.browse_enh.png,1184,4708,16,24,1.25,384,1.5,dark,3,2,2,0,False,1.0,1.0,43.11,no,0.6273,0.875,0.811,40.3,80.3,CONFIRMED-LEAD,high,small_blob,"Real feature confirmed at the same pixels in the corresponding band variant(s) of one acquisition. Fetch the EDR original, geolocate on Trek, and check for an independent pass at a different lighting before writing a finding.",data/processed\ESP_013948_1410\ESP_013948_1410_RED.browse_enh.png,,0.390,,,,,,,
ESP_013948_1410_RED.browse_enh.png,1924,5020,20,20,1.15,400,1.0,dark,3,2,2,0,False,0.998,1.0,48.67,no,0.8542,0.55,0.9073,40.3,80.3,CONFIRMED-LEAD,high,small_blob,"Real feature confirmed at the same pixels in the corresponding band variant(s) of one acquisition. Fetch the EDR original, geolocate on Trek, and check for an independent pass at a different lighting before writing a finding.",data/processed\ESP_013948_1410\ESP_013948_1410_RED.browse_enh.png,,0.394,,,,,,,
ESP_013948_1410_RED.browse_enh.png,1688,9336,16,32,1.34,512,2.0,bright,3,2,2,0,False,1.0,1.0,30.8,no,0.7802,0.9061,0.8065,40.3,80.3,CONFIRMED-LEAD,high,small_blob,"Real feature confirmed at the same pixels in the corresponding band variant(s) of one acquisition. Fetch the EDR original, geolocate on Trek, and check for an independent pass at a different lighting before writing a finding.",data/processed\ESP_013948_1410\ESP_013948_1410_RED.browse_enh.png,,0.390,,,,,,,
ESP_013236_1410_MIRB.browse_enh.png,1232,1780,16,24,1.24,384,1.5,dark,3,2,2,0,False,1.0,1.0,38.93,no,0.832,0.4174,0.9553,40.2,80.2,CONFIRMED-LEAD,high,small_blob,"Real feature confirmed at the same pixels in the corresponding band variant(s) of one acquisition. Fetch the EDR original, geolocate on Trek, and check for an independent pass at a different lighting before writing a finding.",data/processed\ESP_013236_1410\ESP_013236_1410_MIRB.browse_enh.png,,0.390,,,,,,,
ESP_013236_1410_MRGB.browse_enh.png,1232,1780,16,24,1.24,384,1.5,dark,3,2,2,0,False,1.0,1.0,38.89,no,0.8248,0.418,0.9538,40.2,80.2,CONFIRMED-LEAD,high,small_blob,"Real feature confirmed at the same pixels in the corresponding band variant(s) of one acquisition. Fetch the EDR original, geolocate on Trek, and check for an independent pass at a different lighting before writing a finding.",data/processed\ESP_013236_1410\ESP_013236_1410_MRGB.browse_enh.png,,0.390,,,,,,,
ESP_013236_1410_RED.browse_enh.png,1088,3324,24,32,1.64,768,1.33,dark,3,2,2,0,False,1.0,0.595,32.81,no,0.7684,1.3069,0.929,44.2,80.2,CONFIRMED-LEAD,high,small_blob,"Real feature confirmed at the same pixels in the corresponding band variant(s) of one acquisition. Fetch the EDR original, geolocate on Trek, and check for an independent pass at a different lighting before writing a finding.",data/processed\ESP_013236_1410\ESP_013236_1410_RED.browse_enh.png,,0.376,,,,,,,
ESP_013948_1410_RED.abrowse_enh.png,1404,3964,16,20,1.19,320,1.25,bright,3,2,2,0,False,1.0,1.0,54.36,no,0.7647,0.8686,0.8747,40.2,80.2,CONFIRMED-LEAD,high,small_blob,"Real feature confirmed at the same pixels in the corresponding band variant(s) of one acquisition. Fetch the EDR original, geolocate on Trek, and check for an independent pass at a different lighting before writing a finding.",data/processed\ESP_013948_1410\ESP_013948_1410_RED.abrowse_enh.png,,0.391,,,,,,,
ESP_013236_1410_MIRB.abrowse_enh.png,884,4556,16,32,1.32,512,2.0,dark,3,2,2,0,False,1.0,1.0,41.57,no,0.7479,1.2935,0.7759,40.1,80.1,CONFIRMED-LEAD,high,small_blob,"Real feature confirmed at the same pixels in the corresponding band variant(s) of one acquisition. Fetch the EDR original, geolocate on Trek, and check for an independent pass at a different lighting before writing a finding.",data/processed\ESP_013236_1410\ESP_013236_1410_MIRB.abrowse_enh.png,,0.390,,,,,,,
ESP_013236_1410_MRGB.abrowse_enh.png,884,4556,16,32,1.32,512,2.0,dark,3,2,2,0,False,1.0,1.0,41.57,no,0.7479,1.2935,0.7759,40.1,80.1,CONFIRMED-LEAD,high,small_blob,"Real feature confirmed at the same pixels in the corresponding band variant(s) of one acquisition. Fetch the EDR original, geolocate on Trek, and check for an independent pass at a different lighting before writing a finding.",data/processed\ESP_013236_1410\ESP_013236_1410_MRGB.abrowse_enh.png,,0.390,,,,,,,
ESP_013948_1410_MIRB.abrowse_enh.png,764,4880,28,20,1.65,560,1.4,dark,3,2,2,0,False,1.0,0.503,32.54,no,0.7869,1.3297,0.761,44.1,80.1,CONFIRMED-LEAD,high,small_blob,"Real feature confirmed at the same pixels in the corresponding band variant(s) of one acquisition. Fetch the EDR original, geolocate on Trek, and check for an independent pass at a different lighting before writing a finding.",data/processed\ESP_013948_1410\ESP_013948_1410_MIRB.abrowse_enh.png,,0.376,,,,,,,
ESP_013948_1410_MRGB.abrowse_enh.png,764,4880,28,20,1.65,560,1.4,dark,3,2,2,0,False,1.0,0.503,32.54,no,0.7869,1.3298,0.761,44.1,80.1,CONFIRMED-LEAD,high,small_blob,"Real feature confirmed at the same pixels in the corresponding band variant(s) of one acquisition. Fetch the EDR original, geolocate on Trek, and check for an independent pass at a different lighting before writing a finding.",data/processed\ESP_013948_1410\ESP_013948_1410_MRGB.abrowse_enh.png,,0.376,,,,,,,
ESP_013236_1410_RED.abrowse_enh.png,1088,3520,24,32,1.62,768,1.33,dark,3,2,2,0,False,1.0,0.675,32.86,no,0.7633,1.3244,0.926,44.0,80.0,CONFIRMED-LEAD,high,small_blob,"Real feature confirmed at the same pixels in the corresponding band variant(s) of one acquisition. Fetch the EDR original, geolocate on Trek, and check for an independent pass at a different lighting before writing a finding.",data/processed\ESP_013236_1410\ESP_013236_1410_RED.abrowse_enh.png,,0.376,,,,,,,
ESP_013236_1410_RED.browse_enh.png,1144,3356,36,16,1.35,576,2.25,dark,3,2,2,0,False,1.0,1.0,35.91,no,0.7426,1.1816,0.873,40.0,80.0,CONFIRMED-LEAD,high,small_blob,"Real feature confirmed at the same pixels in the corresponding band variant(s) of one acquisition. Fetch the EDR original, geolocate on Trek, and check for an independent pass at a different lighting before writing a finding.",data/processed\ESP_013236_1410\ESP_013236_1410_RED.browse_enh.png,,0.390,,,,,,,
ESP_013948_1410_MIRB.browse_enh.png,1688,9336,16,32,1.3,512,2.0,bright,3,2,2,0,False,1.0,1.0,28.83,no,0.7686,0.9432,0.8077,40.0,80.0,CONFIRMED-LEAD,high,small_blob,"Real feature confirmed at the same pixels in the corresponding band variant(s) of one acquisition. Fetch the EDR original, geolocate on Trek, and check for an independent pass at a different lighting before writing a finding.",data/processed\ESP_013948_1410\ESP_013948_1410_MIRB.browse_enh.png,,0.390,,,,,,,
ESP_013948_1410_MRGB.browse_enh.png,1688,9336,16,32,1.3,512,2.0,bright,3,2,2,0,False,1.0,1.0,28.77,no,0.7674,0.9396,0.8066,40.0,80.0,CONFIRMED-LEAD,high,small_blob,"Real feature confirmed at the same pixels in the corresponding band variant(s) of one acquisition. Fetch the EDR original, geolocate on Trek, and check for an independent pass at a different lighting before writing a finding.",data/processed\ESP_013948_1410\ESP_013948_1410_MRGB.browse_enh.png,,0.390,,,,,,,
ESP_013236_1410_MIRB.browse_enh.png,692,4376,28,36,1.13,1008,1.29,dark,3,2,2,0,False,1.0,0.712,36.41,no,0.7654,1.2558,0.7281,39.9,79.9,CONFIRMED-LEAD,high,small_blob,"Real feature confirmed at the same pixels in the corresponding band variant(s) of one acquisition. Fetch the EDR original, geolocate on Trek, and check for an independent pass at a different lighting before writing a finding.",data/processed\ESP_013236_1410\ESP_013236_1410_MIRB.browse_enh.png,,0.395,,,,,,,
ESP_013236_1410_MIRB.browse_enh.png,2092,7920,12,28,1.37,336,2.33,dark,3,2,2,0,False,1.0,1.0,33.12,no,0.8042,0.7558,0.8985,39.9,79.9,CONFIRMED-LEAD,high,small_blob,"Real feature confirmed at the same pixels in the corresponding band variant(s) of one acquisition. Fetch the EDR original, geolocate on Trek, and check for an independent pass at a different lighting before writing a finding.",data/processed\ESP_013236_1410\ESP_013236_1410_MIRB.browse_enh.png,,0.386,,,,,,,
ESP_013948_1410_MIRB.browse_enh.png,1220,2508,16,24,1.2,384,1.5,dark,3,2,2,0,False,1.0,1.0,43.29,no,0.6279,1.6873,0.7358,39.9,79.9,CONFIRMED-LEAD,high,small_blob,"Real feature confirmed at the same pixels in the corresponding band variant(s) of one acquisition. Fetch the EDR original, geolocate on Trek, and check for an independent pass at a different lighting before writing a finding.",data/processed\ESP_013948_1410\ESP_013948_1410_MIRB.browse_enh.png,,0.390,,,,,,,
ESP_013948_1410_MRGB.browse_enh.png,1220,2508,16,24,1.21,384,1.5,dark,3,2,2,0,False,1.0,1.0,43.11,no,0.628,1.6817,0.7366,39.9,79.9,CONFIRMED-LEAD,high,small_blob,"Real feature confirmed at the same pixels in the corresponding band variant(s) of one acquisition. Fetch the EDR original, geolocate on Trek, and check for an independent pass at a different lighting before writing a finding.",data/processed\ESP_013948_1410\ESP_013948_1410_MRGB.browse_enh.png,,0.390,,,,,,,
ESP_013948_1410_RED.abrowse_enh.png,1220,2704,16,24,1.2,384,1.5,dark,3,2,2,0,False,1.0,1.0,46.72,no,0.6512,1.6653,0.7431,39.9,79.9,CONFIRMED-LEAD,high,small_blob,"Real feature confirmed at the same pixels in the corresponding band variant(s) of one acquisition. Fetch the EDR original, geolocate on Trek, and check for an independent pass at a different lighting before writing a finding.",data/processed\ESP_013948_1410\ESP_013948_1410_RED.abrowse_enh.png,,0.390,,,,,,,
ESP_013236_1410_MIRB.browse_enh.png,1392,3340,16,28,1.7,448,1.75,dark,3,2,2,0,False,1.0,0.613,30.12,no,0.7155,1.1221,0.8721,43.8,79.8,CONFIRMED-LEAD,high,small_blob,"Real feature confirmed at the same pixels in the corresponding band variant(s) of one acquisition. Fetch the EDR original, geolocate on Trek, and check for an independent pass at a different lighting before writing a finding.",data/processed\ESP_013236_1410\ESP_013236_1410_MIRB.browse_enh.png,,0.376,,,,,,,
ESP_013236_1410_MRGB.browse_enh.png,1392,3340,16,28,1.7,448,1.75,dark,3,2,2,0,False,1.0,0.613,30.11,no,0.715,1.1222,0.8717,43.8,79.8,CONFIRMED-LEAD,high,small_blob,"Real feature confirmed at the same pixels in the corresponding band variant(s) of one acquisition. Fetch the EDR original, geolocate on Trek, and check for an independent pass at a different lighting before writing a finding.",data/processed\ESP_013236_1410\ESP_013236_1410_MRGB.browse_enh.png,,0.376,,,,,,,
ESP_013948_1410_MIRB.abrowse_enh.png,792,4972,16,24,1.19,384,1.5,dark,3,2,2,0,False,1.0,1.0,50.54,no,0.7167,1.193,0.9292,39.8,79.8,CONFIRMED-LEAD,high,small_blob,"Real feature confirmed at the same pixels in the corresponding band variant(s) of one acquisition. Fetch the EDR original, geolocate on Trek, and check for an independent pass at a different lighting before writing a finding.",data/processed\ESP_013948_1410\ESP_013948_1410_MIRB.abrowse_enh.png,,0.391,,,,,,,
ESP_013948_1410_MRGB.abrowse_enh.png,792,4972,16,24,1.19,384,1.5,dark,3,2,2,0,False,1.0,1.0,50.54,no,0.7167,1.193,0.9292,39.8,79.8,CONFIRMED-LEAD,high,small_blob,"Real feature confirmed at the same pixels in the corresponding band variant(s) of one acquisition. Fetch the EDR original, geolocate on Trek, and check for an independent pass at a different lighting before writing a finding.",data/processed\ESP_013948_1410\ESP_013948_1410_MRGB.abrowse_enh.png,,0.391,,,,,,,
ESP_013948_1410_MRGB.browse_enh.png,628,4948,28,20,1.16,560,1.4,dark,3,2,2,0,False,1.0,0.961,27.67,no,0.6498,1.8584,0.7916,39.8,79.8,CONFIRMED-LEAD,high,small_blob,"Real feature confirmed at the same pixels in the corresponding band variant(s) of one acquisition. Fetch the EDR original, geolocate on Trek, and check for an independent pass at a different lighting before writing a finding.",data/processed\ESP_013948_1410\ESP_013948_1410_MRGB.browse_enh.png,,0.394,,,,,,,
ESP_013948_1410_RED.browse_enh.png,2344,9856,24,40,1.19,960,1.67,bright,3,2,2,0,False,1.0,1.0,42.96,no,0.8552,0.64,0.8529,39.8,79.8,CONFIRMED-LEAD,high,small_blob,"Real feature confirmed at the same pixels in the corresponding band variant(s) of one acquisition. Fetch the EDR original, geolocate on Trek, and check for an independent pass at a different lighting before writing a finding.",data/processed\ESP_013948_1410\ESP_013948_1410_RED.browse_enh.png,,0.391,,,,,,,
ESP_013236_1410_MIRB.abrowse_enh.png,1380,3412,32,20,1.19,640,1.6,dark,3,2,2,0,False,1.0,0.706,29.19,no,0.708,1.2887,0.8743,39.7,79.7,CONFIRMED-LEAD,high,small_blob,"Real feature confirmed at the same pixels in the corresponding band variant(s) of one acquisition. Fetch the EDR original, geolocate on Trek, and check for an independent pass at a different lighting before writing a finding.",data/processed\ESP_013236_1410\ESP_013236_1410_MIRB.abrowse_enh.png,,0.391,,,,,,,
ESP_013236_1410_MIRB.browse_enh.png,2512,4244,12,32,1.4,384,2.67,dark,3,2,2,0,False,1.0,1.0,29.51,no,0.795,1.1979,0.8863,39.7,79.7,CONFIRMED-LEAD,high,small_blob,"Real feature confirmed at the same pixels in the corresponding band variant(s) of one acquisition. Fetch the EDR original, geolocate on Trek, and check for an independent pass at a different lighting before writing a finding.",data/processed\ESP_013236_1410\ESP_013236_1410_MIRB.browse_enh.png,,0.385,,,,,,,
ESP_013236_1410_MIRB.browse_enh.png,1740,9028,16,36,1.31,576,2.25,bright,3,2,2,0,False,1.0,1.0,34.95,no,0.7998,0.9798,0.7867,39.7,79.7,CONFIRMED-LEAD,high,small_blob,"Real feature confirmed at the same pixels in the corresponding band variant(s) of one acquisition. Fetch the EDR original, geolocate on Trek, and check for an independent pass at a different lighting before writing a finding.",data/processed\ESP_013236_1410\ESP_013236_1410_MIRB.browse_enh.png,,0.390,,,,,,,
ESP_013236_1410_MRGB.browse_enh.png,2512,4244,12,32,1.4,384,2.67,dark,3,2,2,0,False,1.0,1.0,29.51,no,0.795,1.1979,0.8863,39.7,79.7,CONFIRMED-LEAD,high,small_blob,"Real feature confirmed at the same pixels in the corresponding band variant(s) of one acquisition. Fetch the EDR original, geolocate on Trek, and check for an independent pass at a different lighting before writing a finding.",data/processed\ESP_013236_1410\ESP_013236_1410_MRGB.browse_enh.png,,0.385,,,,,,,
ESP_013236_1410_MRGB.browse_enh.png,1740,9028,16,36,1.31,576,2.25,bright,3,2,2,0,False,1.0,1.0,34.95,no,0.7998,0.9798,0.7867,39.7,79.7,CONFIRMED-LEAD,high,small_blob,"Real feature confirmed at the same pixels in the corresponding band variant(s) of one acquisition. Fetch the EDR original, geolocate on Trek, and check for an independent pass at a different lighting before writing a finding.",data/processed\ESP_013236_1410\ESP_013236_1410_MRGB.browse_enh.png,,0.390,,,,,,,
ESP_013236_1410_RED.browse_enh.png,1740,9028,16,36,1.3,576,2.25,bright,3,2,2,0,False,1.0,1.0,36.65,no,0.8091,0.9142,0.7866,39.6,79.6,CONFIRMED-LEAD,high,small_blob,"Real feature confirmed at the same pixels in the corresponding band variant(s) of one acquisition. Fetch the EDR original, geolocate on Trek, and check for an independent pass at a different lighting before writing a finding.",data/processed\ESP_013236_1410\ESP_013236_1410_RED.browse_enh.png,,0.390,,,,,,,
ESP_013948_1410_MIRB.browse_enh.png,2076,8260,12,28,1.33,336,2.33,dark,3,2,2,0,False,1.0,1.0,34.59,no,0.7294,0.8956,0.9783,39.6,79.6,CONFIRMED-LEAD,high,small_blob,"Real feature confirmed at the same pixels in the corresponding band variant(s) of one acquisition. Fetch the EDR original, geolocate on Trek, and check for an independent pass at a different lighting before writing a finding.",data/processed\ESP_013948_1410\ESP_013948_1410_MIRB.browse_enh.png,,0.390,,,,,,,
ESP_013948_1410_RED.abrowse_enh.png,1308,2764,20,36,1.21,720,1.8,bright,3,2,2,0,False,1.0,1.0,40.06,no,0.8177,0.9346,0.8754,39.6,79.6,CONFIRMED-LEAD,high,small_blob,"Real feature confirmed at the same pixels in the corresponding band variant(s) of one acquisition. Fetch the EDR original, geolocate on Trek, and check for an independent pass at a different lighting before writing a finding.",data/processed\ESP_013948_1410\ESP_013948_1410_RED.abrowse_enh.png,,0.390,,,,,,,
ESP_013948_1410_RED.browse_enh.png,1356,3804,16,28,1.21,448,1.75,dark,3,2,2,0,False,1.0,0.814,33.66,no,0.6822,1.4508,0.7468,39.6,79.6,CONFIRMED-LEAD,high,small_blob,"Real feature confirmed at the same pixels in the corresponding band variant(s) of one acquisition. Fetch the EDR original, geolocate on Trek, and check for an independent pass at a different lighting before writing a finding.",data/processed\ESP_013948_1410\ESP_013948_1410_RED.browse_enh.png,,0.390,,,,,,,
ESP_013236_1410_RED.abrowse_enh.png,1700,8944,20,28,1.13,560,1.4,bright,3,2,2,0,False,1.0,1.0,55.93,no,0.7552,0.8824,0.8818,39.5,79.5,CONFIRMED-LEAD,high,small_blob,"Real feature confirmed at the same pixels in the corresponding band variant(s) of one acquisition. Fetch the EDR original, geolocate on Trek, and check for an independent pass at a different lighting before writing a finding.",data/processed\ESP_013236_1410\ESP_013236_1410_RED.abrowse_enh.png,,0.395,,,,,,,
ESP_013236_1410_RED.browse_enh.png,2512,4244,12,32,1.38,384,2.67,dark,3,2,2,0,False,1.0,1.0,31.26,no,0.8061,1.2127,0.8856,39.5,79.5,CONFIRMED-LEAD,high,small_blob,"Real feature confirmed at the same pixels in the corresponding band variant(s) of one acquisition. Fetch the EDR original, geolocate on Trek, and check for an independent pass at a different lighting before writing a finding.",data/processed\ESP_013236_1410\ESP_013236_1410_RED.browse_enh.png,,0.386,,,,,,,
ESP_013236_1410_RED.browse_enh.png,1216,4368,16,40,1.33,640,2.5,dark,3,2,2,0,False,1.0,1.0,28.17,no,0.6881,1.2913,0.9088,39.5,79.5,CONFIRMED-LEAD,high,small_blob,"Real feature confirmed at the same pixels in the corresponding band variant(s) of one acquisition. Fetch the EDR original, geolocate on Trek, and check for an independent pass at a different lighting before writing a finding.",data/processed\ESP_013236_1410\ESP_013236_1410_RED.browse_enh.png,,0.390,,,,,,,
ESP_013236_1410_RED.browse_enh.png,2412,9564,16,40,1.34,640,2.5,bright,3,2,2,0,False,1.0,1.0,40.6,no,0.7959,0.7641,0.8682,39.5,79.5,CONFIRMED-LEAD,high,small_blob,"Real feature confirmed at the same pixels in the corresponding band variant(s) of one acquisition. Fetch the EDR original, geolocate on Trek, and check for an independent pass at a different lighting before writing a finding.",data/processed\ESP_013236_1410\ESP_013236_1410_RED.browse_enh.png,,0.390,,,,,,,
ESP_013236_1410_MIRB.abrowse_enh.png,616,4384,20,48,1.27,960,2.4,dark,3,2,2,0,False,1.0,0.785,30.44,no,0.7682,1.5624,0.8378,39.3,79.3,CONFIRMED-LEAD,high,small_blob,"Real feature confirmed at the same pixels in the corresponding band variant(s) of one acquisition. Fetch the EDR original, geolocate on Trek, and check for an independent pass at a different lighting before writing a finding.",data/processed\ESP_013236_1410\ESP_013236_1410_MIRB.abrowse_enh.png,,0.390,,,,,,,
ESP_013236_1410_MIRB.abrowse_enh.png,1700,8944,20,28,1.11,560,1.4,bright,3,2,2,0,False,1.0,1.0,53.01,no,0.7427,0.9813,0.8839,39.3,79.3,CONFIRMED-LEAD,high,small_blob,"Real feature confirmed at the same pixels in the corresponding band variant(s) of one acquisition. Fetch the EDR original, geolocate on Trek, and check for an independent pass at a different lighting before writing a finding.",data/processed\ESP_013236_1410\ESP_013236_1410_MIRB.abrowse_enh.png,,0.397,,,,,,,
ESP_013236_1410_MRGB.abrowse_enh.png,616,4384,20,48,1.27,960,2.4,dark,3,2,2,0,False,1.0,0.785,30.44,no,0.7682,1.5624,0.8378,39.3,79.3,CONFIRMED-LEAD,high,small_blob,"Real feature confirmed at the same pixels in the corresponding band variant(s) of one acquisition. Fetch the EDR original, geolocate on Trek, and check for an independent pass at a different lighting before writing a finding.",data/processed\ESP_013236_1410\ESP_013236_1410_MRGB.abrowse_enh.png,,0.390,,,,,,,
ESP_013236_1410_MRGB.abrowse_enh.png,1700,8944,20,28,1.11,560,1.4,bright,3,2,2,0,False,1.0,1.0,53.01,no,0.7427,0.9813,0.8839,39.3,79.3,CONFIRMED-LEAD,high,small_blob,"Real feature confirmed at the same pixels in the corresponding band variant(s) of one acquisition. Fetch the EDR original, geolocate on Trek, and check for an independent pass at a different lighting before writing a finding.",data/processed\ESP_013236_1410\ESP_013236_1410_MRGB.abrowse_enh.png,,0.397,,,,,,,
ESP_013236_1410_MRGB.abrowse_enh.png,2772,10084,24,36,1.11,864,1.5,bright,3,2,2,0,False,1.0,1.0,19.47,no,0.851,2.1647,0.8782,39.3,79.3,CONFIRMED-LEAD,high,small_blob,"Real feature confirmed at the same pixels in the corresponding band variant(s) of one acquisition. Fetch the EDR original, geolocate on Trek, and check for an independent pass at a different lighting before writing a finding.",data/processed\ESP_013236_1410\ESP_013236_1410_MRGB.abrowse_enh.png,,0.397,,,,,,,
ESP_013948_1410_MIRB.browse_enh.png,1744,7376,20,20,1.5,400,1.0,bright,3,2,2,0,False,1.0,0.511,27.32,no,0.7883,1.4807,0.9587,43.3,79.3,CONFIRMED-LEAD,high,small_blob,"Real feature confirmed at the same pixels in the corresponding band variant(s) of one acquisition. Fetch the EDR original, geolocate on Trek, and check for an independent pass at a different lighting before writing a finding.",data/processed\ESP_013948_1410\ESP_013948_1410_MIRB.browse_enh.png,,0.379,,,,,,,
ESP_013948_1410_MRGB.browse_enh.png,1744,7376,20,20,1.49,400,1.0,bright,3,2,2,0,False,1.0,0.503,27.47,no,0.7877,1.4891,0.9603,43.2,79.2,CONFIRMED-LEAD,high,small_blob,"Real feature confirmed at the same pixels in the corresponding band variant(s) of one acquisition. Fetch the EDR original, geolocate on Trek, and check for an independent pass at a different lighting before writing a finding.",data/processed\ESP_013948_1410\ESP_013948_1410_MRGB.browse_enh.png,,0.381,,,,,,,
ESP_013236_1410_MIRB.browse_enh.png,1356,3576,16,36,1.7,576,2.25,dark,3,2,2,0,False,1.0,0.564,26.17,no,0.7835,1.4911,0.8341,43.1,79.1,CONFIRMED-LEAD,high,small_blob,"Real feature confirmed at the same pixels in the corresponding band variant(s) of one acquisition. Fetch the EDR original, geolocate on Trek, and check for an independent pass at a different lighting before writing a finding.",data/processed\ESP_013236_1410\ESP_013236_1410_MIRB.browse_enh.png,,0.376,,,,,,,
ESP_013236_1410_MRGB.browse_enh.png,1356,3576,16,36,1.7,576,2.25,dark,3,2,2,0,False,1.0,0.564,26.17,no,0.7835,1.4911,0.8341,43.1,79.1,CONFIRMED-LEAD,high,small_blob,"Real feature confirmed at the same pixels in the corresponding band variant(s) of one acquisition. Fetch the EDR original, geolocate on Trek, and check for an independent pass at a different lighting before writing a finding.",data/processed\ESP_013236_1410\ESP_013236_1410_MRGB.browse_enh.png,,0.376,,,,,,,
ESP_013236_1410_RED.abrowse_enh.png,616,4384,20,48,1.25,960,2.4,dark,3,2,2,0,False,1.0,1.0,32.45,no,0.7759,1.531,0.8308,39.1,79.1,CONFIRMED-LEAD,high,small_blob,"Real feature confirmed at the same pixels in the corresponding band variant(s) of one acquisition. Fetch the EDR original, geolocate on Trek, and check for an independent pass at a different lighting before writing a finding.",data/processed\ESP_013236_1410\ESP_013236_1410_RED.abrowse_enh.png,,0.390,,,,,,,
ESP_013236_1410_RED.abrowse_enh.png,548,4572,16,36,1.24,576,2.25,dark,3,2,2,0,False,1.0,0.817,47.31,no,0.7626,1.3746,0.8016,39.1,79.1,CONFIRMED-LEAD,high,small_blob,"Real feature confirmed at the same pixels in the corresponding band variant(s) of one acquisition. Fetch the EDR original, geolocate on Trek, and check for an independent pass at a different lighting before writing a finding.",data/processed\ESP_013236_1410\ESP_013236_1410_RED.abrowse_enh.png,,0.390,,,,,,,
ESP_013948_1410_MIRB.abrowse_enh.png,816,5048,16,28,1.16,448,1.75,dark,3,2,2,0,False,1.0,0.909,54.02,no,0.7344,1.2445,0.7594,39.1,79.1,CONFIRMED-LEAD,high,small_blob,"Real feature confirmed at the same pixels in the corresponding band variant(s) of one acquisition. Fetch the EDR original, geolocate on Trek, and check for an independent pass at a different lighting before writing a finding.",data/processed\ESP_013948_1410\ESP_013948_1410_MIRB.abrowse_enh.png,,0.394,,,,,,,
ESP_013948_1410_MRGB.abrowse_enh.png,816,5048,16,28,1.16,448,1.75,dark,3,2,2,0,False,1.0,0.909,54.02,no,0.7344,1.2446,0.7594,39.1,79.1,CONFIRMED-LEAD,high,small_blob,"Real feature confirmed at the same pixels in the corresponding band variant(s) of one acquisition. Fetch the EDR original, geolocate on Trek, and check for an independent pass at a different lighting before writing a finding.",data/processed\ESP_013948_1410\ESP_013948_1410_MRGB.abrowse_enh.png,,0.394,,,,,,,
ESP_013948_1410_MRGB.browse_enh.png,1008,2100,16,32,1.66,512,2.0,dark,3,2,2,0,False,1.0,0.514,32.35,no,0.6745,1.5993,0.7767,43.1,79.1,CONFIRMED-LEAD,high,small_blob,"Real feature confirmed at the same pixels in the corresponding band variant(s) of one acquisition. Fetch the EDR original, geolocate on Trek, and check for an independent pass at a different lighting before writing a finding.",data/processed\ESP_013948_1410\ESP_013948_1410_MRGB.browse_enh.png,,0.376,,,,,,,
ESP_013948_1410_RED.browse_enh.png,1008,2100,16,32,1.66,512,2.0,dark,3,2,2,0,False,1.0,0.69,35.19,no,0.6809,1.3452,0.7814,43.1,79.1,CONFIRMED-LEAD,high,small_blob,"Real feature confirmed at the same pixels in the corresponding band variant(s) of one acquisition. Fetch the EDR original, geolocate on Trek, and check for an independent pass at a different lighting before writing a finding.",data/processed\ESP_013948_1410\ESP_013948_1410_RED.browse_enh.png,,0.376,,,,,,,
ESP_013236_1410_MRGB.abrowse_enh.png,1380,3412,32,20,1.11,640,1.6,dark,3,2,2,0,False,1.0,0.706,30.64,no,0.6984,1.2595,0.8594,39.0,79.0,CONFIRMED-LEAD,high,small_blob,"Real feature confirmed at the same pixels in the corresponding band variant(s) of one acquisition. Fetch the EDR original, geolocate on Trek, and check for an independent pass at a different lighting before writing a finding.",data/processed\ESP_013236_1410\ESP_013236_1410_MRGB.abrowse_enh.png,,0.397,,,,,,,
ESP_013948_1410_MIRB.browse_enh.png,1008,2100,16,32,1.65,512,2.0,dark,3,2,2,0,False,1.0,0.514,32.39,no,0.6737,1.6,0.7767,43.0,79.0,CONFIRMED-LEAD,high,small_blob,"Real feature confirmed at the same pixels in the corresponding band variant(s) of one acquisition. Fetch the EDR original, geolocate on Trek, and check for an independent pass at a different lighting before writing a finding.",data/processed\ESP_013948_1410\ESP_013948_1410_MIRB.browse_enh.png,,0.376,,,,,,,
ESP_013948_1410_MIRB.browse_enh.png,556,4808,16,36,1.69,576,2.25,dark,3,2,2,0,False,1.0,0.577,44.76,no,0.761,1.3203,0.8068,43.0,79.0,CONFIRMED-LEAD,high,small_blob,"Real feature confirmed at the same pixels in the corresponding band variant(s) of one acquisition. Fetch the EDR original, geolocate on Trek, and check for an independent pass at a different lighting before writing a finding.",data/processed\ESP_013948_1410\ESP_013948_1410_MIRB.browse_enh.png,,0.376,,,,,,,
ESP_013948_1410_MRGB.browse_enh.png,556,4808,16,36,1.69,576,2.25,dark,3,2,2,0,False,1.0,0.609,44.92,no,0.7613,1.306,0.8076,43.0,79.0,CONFIRMED-LEAD,high,small_blob,"Real feature confirmed at the same pixels in the corresponding band variant(s) of one acquisition. Fetch the EDR original, geolocate on Trek, and check for an independent pass at a different lighting before writing a finding.",data/processed\ESP_013948_1410\ESP_013948_1410_MRGB.browse_enh.png,,0.376,,,,,,,
ESP_013948_1410_RED.browse_enh.png,2748,556,12,24,1.2,288,2.0,dark,3,2,2,0,False,1.0,1.0,35.78,no,0.7586,1.0819,0.9097,39.0,79.0,CONFIRMED-LEAD,high,small_blob,"Real feature confirmed at the same pixels in the corresponding band variant(s) of one acquisition. Fetch the EDR original, geolocate on Trek, and check for an independent pass at a different lighting before writing a finding.",data/processed\ESP_013948_1410\ESP_013948_1410_RED.browse_enh.png,,0.390,,,,,,,
ESP_013236_1410_RED.browse_enh.png,1356,3708,28,16,1.13,448,1.75,dark,3,2,2,0,False,0.997,1.0,56.96,no,0.8143,0.6329,0.8834,38.9,78.9,CONFIRMED-LEAD,high,small_blob,"Real feature confirmed at the same pixels in the corresponding band variant(s) of one acquisition. Fetch the EDR original, geolocate on Trek, and check for an independent pass at a different lighting before writing a finding.",data/processed\ESP_013236_1410\ESP_013236_1410_RED.browse_enh.png,,0.395,,,,,,,
ESP_013948_1410_MIRB.browse_enh.png,1024,2076,16,28,1.14,448,1.75,bright,3,2,2,0,False,1.0,1.0,50.22,no,0.7443,0.6264,0.8852,38.9,78.9,CONFIRMED-LEAD,high,small_blob,"Real feature confirmed at the same pixels in the corresponding band variant(s) of one acquisition. Fetch the EDR original, geolocate on Trek, and check for an independent pass at a different lighting before writing a finding.",data/processed\ESP_013948_1410\ESP_013948_1410_MIRB.browse_enh.png,,0.395,,,,,,,
ESP_013948_1410_MRGB.browse_enh.png,1024,2076,16,28,1.14,448,1.75,bright,3,2,2,0,False,1.0,1.0,50.34,no,0.7457,0.6156,0.8858,38.9,78.9,CONFIRMED-LEAD,high,small_blob,"Real feature confirmed at the same pixels in the corresponding band variant(s) of one acquisition. Fetch the EDR original, geolocate on Trek, and check for an independent pass at a different lighting before writing a finding.",data/processed\ESP_013948_1410\ESP_013948_1410_MRGB.browse_enh.png,,0.395,,,,,,,
ESP_013948_1410_MRGB.browse_enh.png,1192,4524,20,28,1.06,560,1.4,dark,3,2,2,0,False,1.0,1.0,48.05,no,0.7719,0.5644,0.9121,38.9,78.9,CONFIRMED-LEAD,high,small_blob,"Real feature confirmed at the same pixels in the corresponding band variant(s) of one acquisition. Fetch the EDR original, geolocate on Trek, and check for an independent pass at a different lighting before writing a finding.",data/processed\ESP_013948_1410\ESP_013948_1410_MRGB.browse_enh.png,,0.399,,,,,,,
ESP_013948_1410_RED.browse_enh.png,1024,2076,24,44,1.12,1056,1.83,bright,3,2,2,0,False,1.0,1.0,44.39,no,0.7836,0.9013,0.7638,38.9,78.9,CONFIRMED-LEAD,high,small_blob,"Real feature confirmed at the same pixels in the corresponding band variant(s) of one acquisition. Fetch the EDR original, geolocate on Trek, and check for an independent pass at a different lighting before writing a finding.",data/processed\ESP_013948_1410\ESP_013948_1410_RED.browse_enh.png,,0.396,,,,,,,
ESP_013948_1410_MIRB.browse_enh.png,1192,4524,20,28,1.05,560,1.4,dark,3,2,2,0,False,1.0,1.0,47.98,no,0.771,0.566,0.9122,38.8,78.8,CONFIRMED-LEAD,high,small_blob,"Real feature confirmed at the same pixels in the corresponding band variant(s) of one acquisition. Fetch the EDR original, geolocate on Trek, and check for an independent pass at a different lighting before writing a finding.",data/processed\ESP_013948_1410\ESP_013948_1410_MIRB.browse_enh.png,,0.400,,,,,,,
ESP_013236_1410_RED.browse_enh.png,1328,3712,24,20,1.0,480,1.2,dark,3,2,2,0,False,1.0,1.0,42.2,no,0.7055,0.97,0.767,38.7,78.7,CONFIRMED-LEAD,high,small_blob,"Real feature confirmed at the same pixels in the corresponding band variant(s) of one acquisition. Fetch the EDR original, geolocate on Trek, and check for an independent pass at a different lighting before writing a finding.",data/processed\ESP_013236_1410\ESP_013236_1410_RED.browse_enh.png,,0.402,,,,,,,
ESP_013948_1410_RED.browse_enh.png,1188,4524,24,28,0.99,672,1.17,dark,3,2,2,0,False,1.0,1.0,54.19,no,0.7841,0.5388,0.8928,38.7,78.7,CONFIRMED-LEAD,high,small_blob,"Real feature confirmed at the same pixels in the corresponding band variant(s) of one acquisition. Fetch the EDR original, geolocate on Trek, and check for an independent pass at a different lighting before writing a finding.",data/processed\ESP_013948_1410\ESP_013948_1410_RED.browse_enh.png,,0.402,,,,,,,
ESP_013236_1410_MIRB.browse_enh.png,1076,1644,28,32,0.96,896,1.14,dark,3,2,2,0,False,1.0,0.872,35.07,no,0.7089,1.305,0.7971,38.6,78.6,CONFIRMED-LEAD,high,small_blob,"Real feature confirmed at the same pixels in the corresponding band variant(s) of one acquisition. Fetch the EDR original, geolocate on Trek, and check for an independent pass at a different lighting before writing a finding.",data/processed\ESP_013236_1410\ESP_013236_1410_MIRB.browse_enh.png,,0.402,,,,,,,
ESP_013236_1410_MRGB.browse_enh.png,1076,1644,28,32,0.96,896,1.14,dark,3,2,2,0,False,1.0,0.872,35.07,no,0.7089,1.305,0.7971,38.6,78.6,CONFIRMED-LEAD,high,small_blob,"Real feature confirmed at the same pixels in the corresponding band variant(s) of one acquisition. Fetch the EDR original, geolocate on Trek, and check for an independent pass at a different lighting before writing a finding.",data/processed\ESP_013236_1410\ESP_013236_1410_MRGB.browse_enh.png,,0.402,,,,,,,
ESP_013236_1410_RED.browse_enh.png,1076,1644,28,32,0.96,896,1.14,dark,3,2,2,0,False,1.0,0.801,36.76,no,0.7126,1.1964,0.801,38.6,78.6,CONFIRMED-LEAD,high,small_blob,"Real feature confirmed at the same pixels in the corresponding band variant(s) of one acquisition. Fetch the EDR original, geolocate on Trek, and check for an independent pass at a different lighting before writing a finding.",data/processed\ESP_013236_1410\ESP_013236_1410_RED.browse_enh.png,,0.402,,,,,,,
ESP_013948_1410_RED.browse_enh.png,848,4860,16,20,1.01,320,1.25,bright,3,2,2,0,False,1.0,1.0,53.78,no,0.7611,1.2437,0.822,38.6,78.6,CONFIRMED-LEAD,high,small_blob,"Real feature confirmed at the same pixels in the corresponding band variant(s) of one acquisition. Fetch the EDR original, geolocate on Trek, and check for an independent pass at a different lighting before writing a finding.",data/processed\ESP_013948_1410\ESP_013948_1410_RED.browse_enh.png,,0.402,,,,,,,
ESP_013236_1410_MIRB.browse_enh.png,1328,3712,24,20,0.98,480,1.2,dark,3,2,2,0,False,1.0,1.0,40.13,no,0.7025,1.0209,0.7589,38.5,78.5,CONFIRMED-LEAD,high,small_blob,"Real feature confirmed at the same pixels in the corresponding band variant(s) of one acquisition. Fetch the EDR original, geolocate on Trek, and check for an independent pass at a different lighting before writing a finding.",data/processed\ESP_013236_1410\ESP_013236_1410_MIRB.browse_enh.png,,0.402,,,,,,,
ESP_013236_1410_MRGB.browse_enh.png,1328,3712,24,20,0.98,480,1.2,dark,3,2,2,0,False,1.0,1.0,40.13,no,0.7025,1.0209,0.7589,38.5,78.5,CONFIRMED-LEAD,high,small_blob,"Real feature confirmed at the same pixels in the corresponding band variant(s) of one acquisition. Fetch the EDR original, geolocate on Trek, and check for an independent pass at a different lighting before writing a finding.",data/processed\ESP_013236_1410\ESP_013236_1410_MRGB.browse_enh.png,,0.402,,,,,,,
ESP_013236_1410_RED.browse_enh.png,1236,4076,20,32,1.05,640,1.6,dark,3,2,2,0,False,1.0,1.0,47.65,no,0.8083,0.5622,0.8885,38.5,78.5,CONFIRMED-LEAD,high,small_blob,"Real feature confirmed at the same pixels in the corresponding band variant(s) of one acquisition. Fetch the EDR original, geolocate on Trek, and check for an independent pass at a different lighting before writing a finding.",data/processed\ESP_013236_1410\ESP_013236_1410_RED.browse_enh.png,,0.400,,,,,,,
ESP_013948_1410_MIRB.browse_enh.png,3056,844,12,28,1.2,336,2.33,bright,3,2,2,0,False,0.973,1.0,45.35,no,0.7788,1.3472,0.8212,38.5,78.5,CONFIRMED-LEAD,high,small_blob,"Real feature confirmed at the same pixels in the corresponding band variant(s) of one acquisition. Fetch the EDR original, geolocate on Trek, and check for an independent pass at a different lighting before writing a finding.",data/processed\ESP_013948_1410\ESP_013948_1410_MIRB.browse_enh.png,,0.390,,,,,,,
ESP_013948_1410_MRGB.browse_enh.png,3056,844,12,28,1.21,336,2.33,bright,3,2,2,0,False,0.973,1.0,45.4,no,0.7774,1.3475,0.8213,38.5,78.5,CONFIRMED-LEAD,high,small_blob,"Real feature confirmed at the same pixels in the corresponding band variant(s) of one acquisition. Fetch the EDR original, geolocate on Trek, and check for an independent pass at a different lighting before writing a finding.",data/processed\ESP_013948_1410\ESP_013948_1410_MRGB.browse_enh.png,,0.390,,,,,,,
ESP_013948_1410_RED.abrowse_enh.png,2988,1004,20,28,1.01,560,1.4,dark,3,2,2,0,False,1.0,0.728,46.78,no,0.8083,0.8305,0.81,38.5,78.5,CONFIRMED-LEAD,high,small_blob,"Real feature confirmed at the same pixels in the corresponding band variant(s) of one acquisition. Fetch the EDR original, geolocate on Trek, and check for an independent pass at a different lighting before writing a finding.",data/processed\ESP_013948_1410\ESP_013948_1410_RED.abrowse_enh.png,,0.402,,,,,,,
ESP_013236_1410_RED.abrowse_enh.png,1052,1756,16,24,1.03,384,1.5,bright,3,2,2,0,False,1.0,0.969,58.24,no,0.769,0.7392,0.9419,38.4,78.4,CONFIRMED-LEAD,high,small_blob,"Real feature confirmed at the same pixels in the corresponding band variant(s) of one acquisition. Fetch the EDR original, geolocate on Trek, and check for an independent pass at a different lighting before writing a finding.",data/processed\ESP_013236_1410\ESP_013236_1410_RED.abrowse_enh.png,,0.402,,,,,,,
ESP_013948_1410_MRGB.browse_enh.png,2008,9008,12,28,1.76,336,2.33,dark,2,1,2,0,False,1.0,1.0,25.9,no,0.7937,1.5315,0.8411,38.4,78.4,CONFIRMED-LEAD,high,small_blob,"Real feature confirmed at the same pixels in the corresponding band variant(s) of one acquisition. Fetch the EDR original, geolocate on Trek, and check for an independent pass at a different lighting before writing a finding.",data/processed\ESP_013948_1410\ESP_013948_1410_MRGB.browse_enh.png,,0.376,,,,,,,
ESP_013948_1410_RED.abrowse_enh.png,640,4828,16,44,1.71,704,2.75,dark,3,2,2,0,False,1.0,0.586,29.26,no,0.7787,1.5771,0.8136,42.4,78.4,CONFIRMED-LEAD,high,small_blob,"Real feature confirmed at the same pixels in the corresponding band variant(s) of one acquisition. Fetch the EDR original, geolocate on Trek, and check for an independent pass at a different lighting before writing a finding.",data/processed\ESP_013948_1410\ESP_013948_1410_RED.abrowse_enh.png,,0.376,,,,,,,
ESP_013236_1410_MIRB.abrowse_enh.png,556,4928,20,20,0.93,400,1.0,dark,3,2,2,0,False,1.0,1.0,46.73,no,0.7374,1.5162,0.9355,38.3,78.3,CONFIRMED-LEAD,high,small_blob,"Real feature confirmed at the same pixels in the corresponding band variant(s) of one acquisition. Fetch the EDR original, geolocate on Trek, and check for an independent pass at a different lighting before writing a finding.",data/processed\ESP_013236_1410\ESP_013236_1410_MIRB.abrowse_enh.png,,0.402,,,,,,,
ESP_013236_1410_MIRB.browse_enh.png,1248,2008,16,24,1.02,384,1.5,dark,3,2,2,0,False,1.0,1.0,38.98,no,0.6163,1.7142,0.6716,38.3,78.3,CONFIRMED-LEAD,high,small_blob,"Real feature confirmed at the same pixels in the corresponding band variant(s) of one acquisition. Fetch the EDR original, geolocate on Trek, and check for an independent pass at a different lighting before writing a finding.",data/processed\ESP_013236_1410\ESP_013236_1410_MIRB.browse_enh.png,,0.402,,,,,,,
ESP_013236_1410_MRGB.abrowse_enh.png,556,4928,20,20,0.93,400,1.0,dark,3,2,2,0,False,1.0,1.0,46.73,no,0.7374,1.5162,0.9355,38.3,78.3,CONFIRMED-LEAD,high,small_blob,"Real feature confirmed at the same pixels in the corresponding band variant(s) of one acquisition. Fetch the EDR original, geolocate on Trek, and check for an independent pass at a different lighting before writing a finding.",data/processed\ESP_013236_1410\ESP_013236_1410_MRGB.abrowse_enh.png,,0.402,,,,,,,
ESP_013236_1410_MRGB.browse_enh.png,1248,2008,16,24,1.02,384,1.5,dark,3,2,2,0,False,1.0,1.0,38.98,no,0.6156,1.7142,0.672,38.3,78.3,CONFIRMED-LEAD,high,small_blob,"Real feature confirmed at the same pixels in the corresponding band variant(s) of one acquisition. Fetch the EDR original, geolocate on Trek, and check for an independent pass at a different lighting before writing a finding.",data/processed\ESP_013236_1410\ESP_013236_1410_MRGB.browse_enh.png,,0.402,,,,,,,
ESP_013236_1410_RED.browse_enh.png,628,4480,12,32,1.25,384,2.67,dark,3,2,2,0,False,1.0,1.0,34.98,no,0.6826,1.3751,0.6913,38.3,78.3,CONFIRMED-LEAD,high,small_blob,"Real feature confirmed at the same pixels in the corresponding band variant(s) of one acquisition. Fetch the EDR original, geolocate on Trek, and check for an independent pass at a different lighting before writing a finding.",data/processed\ESP_013236_1410\ESP_013236_1410_RED.browse_enh.png,,0.390,,,,,,,
ESP_013948_1410_MIRB.abrowse_enh.png,524,5356,20,20,0.93,400,1.0,dark,3,2,2,0,False,1.0,1.0,52.72,no,0.7684,1.4096,0.876,38.3,78.3,CONFIRMED-LEAD,high,small_blob,"Real feature confirmed at the same pixels in the corresponding band variant(s) of one acquisition. Fetch the EDR original, geolocate on Trek, and check for an independent pass at a different lighting before writing a finding.",data/processed\ESP_013948_1410\ESP_013948_1410_MIRB.abrowse_enh.png,,0.402,,,,,,,
ESP_013948_1410_MIRB.browse_enh.png,2008,9008,12,28,1.75,336,2.33,dark,2,1,2,0,False,1.0,1.0,27.01,no,0.8077,1.4909,0.8546,38.3,78.3,CONFIRMED-LEAD,high,small_blob,"Real feature confirmed at the same pixels in the corresponding band variant(s) of one acquisition. Fetch the EDR original, geolocate on Trek, and check for an independent pass at a different lighting before writing a finding.",data/processed\ESP_013948_1410\ESP_013948_1410_MIRB.browse_enh.png,,0.376,,,,,,,
ESP_013948_1410_MRGB.abrowse_enh.png,524,5356,20,20,0.93,400,1.0,dark,3,2,2,0,False,1.0,1.0,52.71,no,0.7685,1.4096,0.8761,38.3,78.3,CONFIRMED-LEAD,high,small_blob,"Real feature confirmed at the same pixels in the corresponding band variant(s) of one acquisition. Fetch the EDR original, geolocate on Trek, and check for an independent pass at a different lighting before writing a finding.",data/processed\ESP_013948_1410\ESP_013948_1410_MRGB.abrowse_enh.png,,0.402,,,,,,,
ESP_013948_1410_RED.abrowse_enh.png,3000,1036,20,24,0.96,480,1.2,bright,3,2,2,0,False,1.0,1.0,49.9,no,0.7158,0.9101,0.7509,38.3,78.3,CONFIRMED-LEAD,high,small_blob,"Real feature confirmed at the same pixels in the corresponding band variant(s) of one acquisition. Fetch the EDR original, geolocate on Trek, and check for an independent pass at a different lighting before writing a finding.",data/processed\ESP_013948_1410\ESP_013948_1410_RED.abrowse_enh.png,,0.402,,,,,,,
ESP_013948_1410_RED.abrowse_enh.png,524,5356,20,20,0.93,400,1.0,dark,3,2,2,0,False,1.0,1.0,57.46,no,0.7716,1.4042,0.8768,38.3,78.3,CONFIRMED-LEAD,high,small_blob,"Real feature confirmed at the same pixels in the corresponding band variant(s) of one acquisition. Fetch the EDR original, geolocate on Trek, and check for an independent pass at a different lighting before writing a finding.",data/processed\ESP_013948_1410\ESP_013948_1410_RED.abrowse_enh.png,,0.402,,,,,,,
ESP_013236_1410_MIRB.abrowse_enh.png,1052,1756,16,24,1.01,384,1.5,bright,3,2,2,0,False,1.0,1.0,54.96,no,0.7582,0.7706,0.9506,38.2,78.2,CONFIRMED-LEAD,high,small_blob,"Real feature confirmed at the same pixels in the corresponding band variant(s) of one acquisition. Fetch the EDR original, geolocate on Trek, and check for an independent pass at a different lighting before writing a finding.",data/processed\ESP_013236_1410\ESP_013236_1410_MIRB.abrowse_enh.png,,0.402,,,,,,,
ESP_013236_1410_MIRB.browse_enh.png,1052,1560,16,32,1.1,512,2.0,bright,3,2,2,0,False,1.0,1.0,51.26,no,0.804,0.627,0.9189,38.2,78.2,CONFIRMED-LEAD,high,small_blob,"Real feature confirmed at the same pixels in the corresponding band variant(s) of one acquisition. Fetch the EDR original, geolocate on Trek, and check for an independent pass at a different lighting before writing a finding.",data/processed\ESP_013236_1410\ESP_013236_1410_MIRB.browse_enh.png,,0.397,,,,,,,
ESP_013236_1410_MRGB.abrowse_enh.png,1052,1756,16,24,1.01,384,1.5,bright,3,2,2,0,False,1.0,1.0,54.96,no,0.7582,0.7706,0.9506,38.2,78.2,CONFIRMED-LEAD,high,small_blob,"Real feature confirmed at the same pixels in the corresponding band variant(s) of one acquisition. Fetch the EDR original, geolocate on Trek, and check for an independent pass at a different lighting before writing a finding.",data/processed\ESP_013236_1410\ESP_013236_1410_MRGB.abrowse_enh.png,,0.402,,,,,,,
ESP_013236_1410_MRGB.browse_enh.png,1052,1560,16,32,1.1,512,2.0,bright,3,2,2,0,False,1.0,1.0,51.26,no,0.804,0.627,0.9189,38.2,78.2,CONFIRMED-LEAD,high,small_blob,"Real feature confirmed at the same pixels in the corresponding band variant(s) of one acquisition. Fetch the EDR original, geolocate on Trek, and check for an independent pass at a different lighting before writing a finding.",data/processed\ESP_013236_1410\ESP_013236_1410_MRGB.browse_enh.png,,0.397,,,,,,,
ESP_013236_1410_RED.abrowse_enh.png,556,4928,20,20,0.92,400,1.0,dark,3,2,2,0,False,1.0,1.0,49.64,no,0.7441,1.3974,0.9402,38.2,78.2,CONFIRMED-LEAD,high,small_blob,"Real feature confirmed at the same pixels in the corresponding band variant(s) of one acquisition. Fetch the EDR original, geolocate on Trek, and check for an independent pass at a different lighting before writing a finding.",data/processed\ESP_013236_1410\ESP_013236_1410_RED.abrowse_enh.png,,0.403,,,,,,,
ESP_013236_1410_RED.browse_enh.png,1248,2008,16,24,1.01,384,1.5,dark,3,2,2,0,False,1.0,1.0,41.28,no,0.6287,1.7204,0.6687,38.2,78.2,CONFIRMED-LEAD,high,small_blob,"Real feature confirmed at the same pixels in the corresponding band variant(s) of one acquisition. Fetch the EDR original, geolocate on Trek, and check for an independent pass at a different lighting before writing a finding.",data/processed\ESP_013236_1410\ESP_013236_1410_RED.browse_enh.png,,0.402,,,,,,,
ESP_013236_1410_MIRB.browse_enh.png,1364,3532,16,44,1.68,704,2.75,dark,3,2,2,0,False,1.0,0.559,31.03,no,0.7262,1.4521,0.8344,42.1,78.1,CONFIRMED-LEAD,high,small_blob,"Real feature confirmed at the same pixels in the corresponding band variant(s) of one acquisition. Fetch the EDR original, geolocate on Trek, and check for an independent pass at a different lighting before writing a finding.",data/processed\ESP_013236_1410\ESP_013236_1410_MIRB.browse_enh.png,,0.376,,,,,,,
ESP_013236_1410_MRGB.browse_enh.png,1364,3532,16,44,1.68,704,2.75,dark,3,2,2,0,False,1.0,0.559,31.03,no,0.7262,1.4521,0.8344,42.1,78.1,CONFIRMED-LEAD,high,small_blob,"Real feature confirmed at the same pixels in the corresponding band variant(s) of one acquisition. Fetch the EDR original, geolocate on Trek, and check for an independent pass at a different lighting before writing a finding.",data/processed\ESP_013236_1410\ESP_013236_1410_MRGB.browse_enh.png,,0.376,,,,,,,
ESP_013236_1410_RED.abrowse_enh.png,3280,6624,20,28,0.97,560,1.4,bright,3,2,2,0,False,1.0,1.0,48.33,no,0.7861,0.9987,0.8958,38.1,78.1,CONFIRMED-LEAD,high,small_blob,"Real feature confirmed at the same pixels in the corresponding band variant(s) of one acquisition. Fetch the EDR original, geolocate on Trek, and check for an independent pass at a different lighting before writing a finding.",data/processed\ESP_013236_1410\ESP_013236_1410_RED.abrowse_enh.png,,0.402,,,,,,,
ESP_013236_1410_RED.browse_enh.png,1260,4200,12,28,1.16,336,2.33,bright,3,2,2,0,False,1.0,1.0,42.92,no,0.6862,1.4614,0.8262,38.1,78.1,CONFIRMED-LEAD,high,small_blob,"Real feature confirmed at the same pixels in the corresponding band variant(s) of one acquisition. Fetch the EDR original, geolocate on Trek, and check for an independent pass at a different lighting before writing a finding.",data/processed\ESP_013236_1410\ESP_013236_1410_RED.browse_enh.png,,0.394,,,,,,,
ESP_013948_1410_RED.abrowse_enh.png,1384,4068,20,24,0.94,480,1.2,dark,3,2,2,0,False,0.997,1.0,54.21,no,0.8333,1.2564,0.863,38.1,78.1,CONFIRMED-LEAD,high,small_blob,"Real feature confirmed at the same pixels in the corresponding band variant(s) of one acquisition. Fetch the EDR original, geolocate on Trek, and check for an independent pass at a different lighting before writing a finding.",data/processed\ESP_013948_1410\ESP_013948_1410_RED.abrowse_enh.png,,0.402,,,,,,,
ESP_013236_1410_RED.abrowse_enh.png,1248,2204,16,24,0.99,384,1.5,dark,3,2,2,0,False,1.0,1.0,41.62,no,0.6275,1.6909,0.6822,38.0,78.0,CONFIRMED-LEAD,high,small_blob,"Real feature confirmed at the same pixels in the corresponding band variant(s) of one acquisition. Fetch the EDR original, geolocate on Trek, and check for an independent pass at a different lighting before writing a finding.",data/processed\ESP_013236_1410\ESP_013236_1410_RED.abrowse_enh.png,,0.402,,,,,,,
ESP_013236_1410_RED.abrowse_enh.png,1196,4488,20,28,0.96,560,1.4,bright,3,2,2,0,False,1.0,0.911,44.67,no,0.6526,1.2657,0.8082,38.0,78.0,CONFIRMED-LEAD,high,small_blob,"Real feature confirmed at the same pixels in the corresponding band variant(s) of one acquisition. Fetch the EDR original, geolocate on Trek, and check for an independent pass at a different lighting before writing a finding.",data/processed\ESP_013236_1410\ESP_013236_1410_RED.abrowse_enh.png,,0.402,,,,,,,
ESP_013236_1410_RED.abrowse_enh.png,3408,6544,12,28,1.15,336,2.33,dark,3,2,2,0,False,1.0,1.0,45.71,no,0.6805,1.1325,0.8074,38.0,78.0,CONFIRMED-LEAD,high,small_blob,"Real feature confirmed at the same pixels in the corresponding band variant(s) of one acquisition. Fetch the EDR original, geolocate on Trek, and check for an independent pass at a different lighting before writing a finding.",data/processed\ESP_013236_1410\ESP_013236_1410_RED.abrowse_enh.png,,0.394,,,,,,,
ESP_013948_1410_MIRB.browse_enh.png,1384,3872,20,28,0.96,560,1.4,dark,3,2,2,0,False,1.0,1.0,50.36,no,0.8181,1.2505,0.7967,38.0,78.0,CONFIRMED-LEAD,high,small_blob,"Real feature confirmed at the same pixels in the corresponding band variant(s) of one acquisition. Fetch the EDR original, geolocate on Trek, and check for an independent pass at a different lighting before writing a finding.",data/processed\ESP_013948_1410\ESP_013948_1410_MIRB.browse_enh.png,,0.402,,,,,,,
ESP_013236_1410_MIRB.abrowse_enh.png,852,4612,16,28,1.02,448,1.75,dark,3,2,2,0,False,1.0,1.0,55.24,no,0.6933,1.3552,0.7352,37.9,77.9,CONFIRMED-LEAD,high,small_blob,"Real feature confirmed at the same pixels in the corresponding band variant(s) of one acquisition. Fetch the EDR original, geolocate on Trek, and check for an independent pass at a different lighting before writing a finding.",data/processed\ESP_013236_1410\ESP_013236_1410_MIRB.abrowse_enh.png,,0.402,,,,,,,
ESP_013236_1410_MIRB.abrowse_enh.png,2772,10084,24,36,1.41,864,1.5,bright,3,2,2,0,False,1.0,0.656,18.96,no,0.8726,1.4332,0.8841,41.9,77.9,CONFIRMED-LEAD,high,small_blob,"Real feature confirmed at the same pixels in the corresponding band variant(s) of one acquisition. Fetch the EDR original, geolocate on Trek, and check for an independent pass at a different lighting before writing a finding.",data/processed\ESP_013236_1410\ESP_013236_1410_MIRB.abrowse_enh.png,,0.384,,,,,,,
ESP_013236_1410_MRGB.abrowse_enh.png,852,4612,16,28,1.02,448,1.75,dark,3,2,2,0,False,1.0,1.0,55.24,no,0.6933,1.3552,0.7352,37.9,77.9,CONFIRMED-LEAD,high,small_blob,"Real feature confirmed at the same pixels in the corresponding band variant(s) of one acquisition. Fetch the EDR original, geolocate on Trek, and check for an independent pass at a different lighting before writing a finding.",data/processed\ESP_013236_1410\ESP_013236_1410_MRGB.abrowse_enh.png,,0.402,,,,,,,
ESP_013236_1410_RED.browse_enh.png,1428,3536,16,20,0.93,320,1.25,dark,3,2,2,0,False,0.976,1.0,64.98,no,0.733,1.2639,0.8886,37.9,77.9,CONFIRMED-LEAD,high,small_blob,"Real feature confirmed at the same pixels in the corresponding band variant(s) of one acquisition. Fetch the EDR original, geolocate on Trek, and check for an independent pass at a different lighting before writing a finding.",data/processed\ESP_013236_1410\ESP_013236_1410_RED.browse_enh.png,,0.402,,,,,,,
ESP_013948_1410_MIRB.abrowse_enh.png,3000,1036,20,24,0.91,480,1.2,bright,3,2,2,0,False,1.0,1.0,48.18,no,0.7001,0.9652,0.733,37.9,77.9,CONFIRMED-LEAD,high,small_blob,"Real feature confirmed at the same pixels in the corresponding band variant(s) of one acquisition. Fetch the EDR original, geolocate on Trek, and check for an independent pass at a different lighting before writing a finding.",data/processed\ESP_013948_1410\ESP_013948_1410_MIRB.abrowse_enh.png,,0.404,,,,,,,
ESP_013948_1410_MRGB.abrowse_enh.png,3000,1036,20,24,0.91,480,1.2,bright,3,2,2,0,False,1.0,1.0,48.18,no,0.7001,0.9652,0.733,37.9,77.9,CONFIRMED-LEAD,high,small_blob,"Real feature confirmed at the same pixels in the corresponding band variant(s) of one acquisition. Fetch the EDR original, geolocate on Trek, and check for an independent pass at a different lighting before writing a finding.",data/processed\ESP_013948_1410\ESP_013948_1410_MRGB.abrowse_enh.png,,0.404,,,,,,,
ESP_013948_1410_MRGB.browse_enh.png,1384,3872,20,28,0.95,560,1.4,dark,3,2,2,0,False,1.0,1.0,50.24,no,0.8182,1.2457,0.7961,37.9,77.9,CONFIRMED-LEAD,high,small_blob,"Real feature confirmed at the same pixels in the corresponding band variant(s) of one acquisition. Fetch the EDR original, geolocate on Trek, and check for an independent pass at a different lighting before writing a finding.",data/processed\ESP_013948_1410\ESP_013948_1410_MRGB.browse_enh.png,,0.402,,,,,,,
ESP_013948_1410_RED.abrowse_enh.png,652,5096,12,28,1.14,336,2.33,dark,3,2,2,0,False,1.0,0.931,56.79,no,0.6834,1.5474,0.8057,37.9,77.9,CONFIRMED-LEAD,high,small_blob,"Real feature confirmed at the same pixels in the corresponding band variant(s) of one acquisition. Fetch the EDR original, geolocate on Trek, and check for an independent pass at a different lighting before writing a finding.",data/processed\ESP_013948_1410\ESP_013948_1410_RED.abrowse_enh.png,,0.395,,,,,,,
ESP_013948_1410_RED.browse_enh.png,636,4624,20,52,1.6,1040,2.6,dark,3,2,2,0,False,1.0,0.698,26.55,no,0.7714,1.5523,0.8101,41.9,77.9,CONFIRMED-LEAD,high,small_blob,"Real feature confirmed at the same pixels in the corresponding band variant(s) of one acquisition. Fetch the EDR original, geolocate on Trek, and check for an independent pass at a different lighting before writing a finding.",data/processed\ESP_013948_1410\ESP_013948_1410_RED.browse_enh.png,,0.376,,,,,,,
ESP_013236_1410_MIRB.abrowse_enh.png,1248,2204,16,24,0.97,384,1.5,dark,3,2,2,0,False,1.0,1.0,39.94,no,0.6049,1.7274,0.6661,37.8,77.8,CONFIRMED-LEAD,high,small_blob,"Real feature confirmed at the same pixels in the corresponding band variant(s) of one acquisition. Fetch the EDR original, geolocate on Trek, and check for an independent pass at a different lighting before writing a finding.",data/processed\ESP_013236_1410\ESP_013236_1410_MIRB.abrowse_enh.png,,0.402,,,,,,,
ESP_013236_1410_MRGB.abrowse_enh.png,1248,2204,16,24,0.97,384,1.5,dark,3,2,2,0,False,1.0,1.0,39.93,no,0.6045,1.7275,0.6665,37.8,77.8,CONFIRMED-LEAD,high,small_blob,"Real feature confirmed at the same pixels in the corresponding band variant(s) of one acquisition. Fetch the EDR original, geolocate on Trek, and check for an independent pass at a different lighting before writing a finding.",data/processed\ESP_013236_1410\ESP_013236_1410_MRGB.abrowse_enh.png,,0.402,,,,,,,
ESP_013236_1410_RED.browse_enh.png,1044,1552,24,40,0.96,960,1.67,bright,3,2,2,0,False,1.0,1.0,50.03,no,0.8014,0.9373,0.8494,37.8,77.8,CONFIRMED-LEAD,high,small_blob,"Real feature confirmed at the same pixels in the corresponding band variant(s) of one acquisition. Fetch the EDR original, geolocate on Trek, and check for an independent pass at a different lighting before writing a finding.",data/processed\ESP_013236_1410\ESP_013236_1410_RED.browse_enh.png,,0.402,,,,,,,
ESP_013236_1410_RED.browse_enh.png,1216,4168,16,36,1.1,576,2.25,bright,3,2,2,0,False,1.0,0.784,39.01,no,0.6693,1.2211,0.9681,37.8,77.8,CONFIRMED-LEAD,high,small_blob,"Real feature confirmed at the same pixels in the corresponding band variant(s) of one acquisition. Fetch the EDR original, geolocate on Trek, and check for an independent pass at a different lighting before writing a finding.",data/processed\ESP_013236_1410\ESP_013236_1410_RED.browse_enh.png,,0.397,,,,,,,
ESP_013948_1410_MIRB.abrowse_enh.png,1112,4836,12,20,1.01,240,1.67,bright,3,2,2,0,False,1.0,1.0,59.94,no,0.7892,0.725,0.8997,37.8,77.8,CONFIRMED-LEAD,high,small_blob,"Real feature confirmed at the same pixels in the corresponding band variant(s) of one acquisition. Fetch the EDR original, geolocate on Trek, and check for an independent pass at a different lighting before writing a finding.",data/processed\ESP_013948_1410\ESP_013948_1410_MIRB.abrowse_enh.png,,0.402,,,,,,,
ESP_013948_1410_MRGB.abrowse_enh.png,1112,4836,12,20,1.01,240,1.67,bright,3,2,2,0,False,1.0,1.0,59.94,no,0.7892,0.725,0.8997,37.8,77.8,CONFIRMED-LEAD,high,small_blob,"Real feature confirmed at the same pixels in the corresponding band variant(s) of one acquisition. Fetch the EDR original, geolocate on Trek, and check for an independent pass at a different lighting before writing a finding.",data/processed\ESP_013948_1410\ESP_013948_1410_MRGB.abrowse_enh.png,,0.402,,,,,,,
ESP_013948_1410_MRGB.browse_enh.png,1516,7088,20,28,2.08,560,1.4,dark,2,0,2,0,False,1.0,1.0,14.61,no,0.8036,1.4562,0.9278,37.8,77.8,CONFIRMED-LEAD,high,small_blob,"Real feature confirmed at the same pixels in the corresponding band variant(s) of one acquisition. Fetch the EDR original, geolocate on Trek, and check for an independent pass at a different lighting before writing a finding.",data/processed\ESP_013948_1410\ESP_013948_1410_MRGB.browse_enh.png,,0.376,,,,,,,
ESP_013948_1410_RED.abrowse_enh.png,2828,864,24,24,0.85,576,1.0,dark,3,2,2,0,False,1.0,1.0,38.97,no,0.7628,1.1364,0.7913,37.7,77.7,CONFIRMED-LEAD,high,small_blob,"Real feature confirmed at the same pixels in the corresponding band variant(s) of one acquisition. Fetch the EDR original, geolocate on Trek, and check for an independent pass at a different lighting before writing a finding.",data/processed\ESP_013948_1410\ESP_013948_1410_RED.abrowse_enh.png,,0.407,,,,,,,
ESP_013948_1410_RED.abrowse_enh.png,580,5312,32,28,0.86,896,1.14,dark,3,2,2,0,False,1.0,1.0,57.96,no,0.8709,0.9961,0.7093,37.7,77.7,CONFIRMED-LEAD,high,small_blob,"Real feature confirmed at the same pixels in the corresponding band variant(s) of one acquisition. Fetch the EDR original, geolocate on Trek, and check for an independent pass at a different lighting before writing a finding.",data/processed\ESP_013948_1410\ESP_013948_1410_RED.abrowse_enh.png,,0.407,,,,,,,
ESP_013948_1410_RED.abrowse_enh.png,3624,8700,12,32,1.18,384,2.67,dark,3,2,2,0,False,1.0,1.0,31.36,no,0.8068,1.2969,0.7112,37.7,77.7,CONFIRMED-LEAD,high,small_blob,"Real feature confirmed at the same pixels in the corresponding band variant(s) of one acquisition. Fetch the EDR original, geolocate on Trek, and check for an independent pass at a different lighting before writing a finding.",data/processed\ESP_013948_1410\ESP_013948_1410_RED.abrowse_enh.png,,0.391,,,,,,,
ESP_013948_1410_RED.browse_enh.png,520,5160,24,24,0.85,576,1.0,dark,3,2,2,0,False,0.998,0.81,56.6,no,0.8183,1.1963,0.8701,37.7,77.7,CONFIRMED-LEAD,high,small_blob,"Real feature confirmed at the same pixels in the corresponding band variant(s) of one acquisition. Fetch the EDR original, geolocate on Trek, and check for an independent pass at a different lighting before writing a finding.",data/processed\ESP_013948_1410\ESP_013948_1410_RED.browse_enh.png,,0.407,,,,,,,
ESP_013236_1410_MIRB.abrowse_enh.png,1152,3552,28,16,0.99,448,1.75,dark,3,2,2,0,False,1.0,1.0,35.42,no,0.7172,1.3128,0.7991,37.6,77.6,CONFIRMED-LEAD,high,small_blob,"Real feature confirmed at the same pixels in the corresponding band variant(s) of one acquisition. Fetch the EDR original, geolocate on Trek, and check for an independent pass at a different lighting before writing a finding.",data/processed\ESP_013236_1410\ESP_013236_1410_MIRB.abrowse_enh.png,,0.402,,,,,,,
ESP_013236_1410_MIRB.browse_enh.png,1152,3356,28,16,0.99,448,1.75,dark,3,2,2,0,False,1.0,1.0,35.33,no,0.715,1.3003,0.8034,37.6,77.6,CONFIRMED-LEAD,high,small_blob,"Real feature confirmed at the same pixels in the corresponding band variant(s) of one acquisition. Fetch the EDR original, geolocate on Trek, and check for an independent pass at a different lighting before writing a finding.",data/processed\ESP_013236_1410\ESP_013236_1410_MIRB.browse_enh.png,,0.402,,,,,,,
ESP_013236_1410_MRGB.abrowse_enh.png,1152,3552,28,16,0.99,448,1.75,dark,3,2,2,0,False,1.0,1.0,35.42,no,0.7172,1.3128,0.7991,37.6,77.6,CONFIRMED-LEAD,high,small_blob,"Real feature confirmed at the same pixels in the corresponding band variant(s) of one acquisition. Fetch the EDR original, geolocate on Trek, and check for an independent pass at a different lighting before writing a finding.",data/processed\ESP_013236_1410\ESP_013236_1410_MRGB.abrowse_enh.png,,0.402,,,,,,,
ESP_013236_1410_MRGB.browse_enh.png,1152,3356,28,16,0.99,448,1.75,dark,3,2,2,0,False,1.0,1.0,35.33,no,0.715,1.3003,0.8034,37.6,77.6,CONFIRMED-LEAD,high,small_blob,"Real feature confirmed at the same pixels in the corresponding band variant(s) of one acquisition. Fetch the EDR original, geolocate on Trek, and check for an independent pass at a different lighting before writing a finding.",data/processed\ESP_013236_1410\ESP_013236_1410_MRGB.browse_enh.png,,0.402,,,,,,,
ESP_013948_1410_RED.abrowse_enh.png,816,5048,16,32,1.03,512,2.0,dark,3,2,2,0,False,1.0,0.894,57.39,no,0.7627,1.2627,0.6885,37.6,77.6,CONFIRMED-LEAD,high,small_blob,"Real feature confirmed at the same pixels in the corresponding band variant(s) of one acquisition. Fetch the EDR original, geolocate on Trek, and check for an independent pass at a different lighting before writing a finding.",data/processed\ESP_013948_1410\ESP_013948_1410_RED.abrowse_enh.png,,0.402,,,,,,,
ESP_013948_1410_RED.browse_enh.png,724,4740,12,20,0.98,240,1.67,bright,3,2,2,0,False,1.0,1.0,54.11,no,0.7807,0.6344,0.901,37.6,77.6,CONFIRMED-LEAD,high,small_blob,"Real feature confirmed at the same pixels in the corresponding band variant(s) of one acquisition. Fetch the EDR original, geolocate on Trek, and check for an independent pass at a different lighting before writing a finding.",data/processed\ESP_013948_1410\ESP_013948_1410_RED.browse_enh.png,,0.402,,,,,,,
ESP_013236_1410_RED.abrowse_enh.png,1152,3552,28,16,0.97,448,1.75,dark,3,2,2,0,False,1.0,1.0,36.2,no,0.7408,1.2797,0.82,37.5,77.5,CONFIRMED-LEAD,high,small_blob,"Real feature confirmed at the same pixels in the corresponding band variant(s) of one acquisition. Fetch the EDR original, geolocate on Trek, and check for an independent pass at a different lighting before writing a finding.",data/processed\ESP_013236_1410\ESP_013236_1410_RED.abrowse_enh.png,,0.402,,,,,,,
ESP_013236_1410_RED.browse_enh.png,1628,7212,28,20,0.9,560,1.4,bright,3,2,2,0,False,1.0,1.0,26.62,no,0.6661,1.5519,0.7101,37.5,77.5,CONFIRMED-LEAD,high,small_blob,"Real feature confirmed at the same pixels in the corresponding band variant(s) of one acquisition. Fetch the EDR original, geolocate on Trek, and check for an independent pass at a different lighting before writing a finding.",data/processed\ESP_013236_1410\ESP_013236_1410_RED.browse_enh.png,,0.405,,,,,,,
ESP_013948_1410_RED.abrowse_enh.png,792,4972,16,40,1.11,640,2.5,dark,3,2,2,0,False,1.0,1.0,62.99,no,0.77,1.0295,0.8359,37.5,77.5,CONFIRMED-LEAD,high,small_blob,"Real feature confirmed at the same pixels in the corresponding band variant(s) of one acquisition. Fetch the EDR original, geolocate on Trek, and check for an independent pass at a different lighting before writing a finding.",data/processed\ESP_013948_1410\ESP_013948_1410_RED.abrowse_enh.png,,0.397,,,,,,,
ESP_013948_1410_RED.abrowse_enh.png,3416,7068,20,56,1.14,1120,2.8,bright,3,2,2,0,False,1.0,0.702,43.09,no,0.8412,1.2601,0.7919,37.5,77.5,CONFIRMED-LEAD,high,small_blob,"Real feature confirmed at the same pixels in the corresponding band variant(s) of one acquisition. Fetch the EDR original, geolocate on Trek, and check for an independent pass at a different lighting before writing a finding.",data/processed\ESP_013948_1410\ESP_013948_1410_RED.abrowse_enh.png,,0.395,,,,,,,
ESP_013948_1410_RED.browse_enh.png,1140,3780,16,28,0.98,448,1.75,dark,3,2,2,0,False,0.999,1.0,41.76,no,0.7108,1.1029,0.7733,37.5,77.5,CONFIRMED-LEAD,high,small_blob,"Real feature confirmed at the same pixels in the corresponding band variant(s) of one acquisition. Fetch the EDR original, geolocate on Trek, and check for an independent pass at a different lighting before writing a finding.",data/processed\ESP_013948_1410\ESP_013948_1410_RED.browse_enh.png,,0.402,,,,,,,
ESP_013236_1410_MIRB.abrowse_enh.png,1156,4392,16,24,0.92,384,1.5,bright,3,2,2,0,False,1.0,0.94,61.15,no,0.8086,0.7126,0.9388,37.4,77.4,CONFIRMED-LEAD,high,small_blob,"Real feature confirmed at the same pixels in the corresponding band variant(s) of one acquisition. Fetch the EDR original, geolocate on Trek, and check for an independent pass at a different lighting before writing a finding.",data/processed\ESP_013236_1410\ESP_013236_1410_MIRB.abrowse_enh.png,,0.403,,,,,,,
ESP_013236_1410_MRGB.abrowse_enh.png,1156,4392,16,24,0.92,384,1.5,bright,3,2,2,0,False,1.0,0.94,61.15,no,0.8086,0.7126,0.9388,37.4,77.4,CONFIRMED-LEAD,high,small_blob,"Real feature confirmed at the same pixels in the corresponding band variant(s) of one acquisition. Fetch the EDR original, geolocate on Trek, and check for an independent pass at a different lighting before writing a finding.",data/processed\ESP_013236_1410\ESP_013236_1410_MRGB.abrowse_enh.png,,0.403,,,,,,,
ESP_013948_1410_MRGB.browse_enh.png,1376,3996,16,20,0.87,320,1.25,dark,3,2,2,0,False,0.959,1.0,58.52,no,0.7463,1.263,0.7674,37.4,77.4,CONFIRMED-LEAD,high,small_blob,"Real feature confirmed at the same pixels in the corresponding band variant(s) of one acquisition. Fetch the EDR original, geolocate on Trek, and check for an independent pass at a different lighting before writing a finding.",data/processed\ESP_013948_1410\ESP_013948_1410_MRGB.browse_enh.png,,0.405,,,,,,,
ESP_013948_1410_MIRB.browse_enh.png,1376,3996,16,20,0.86,320,1.25,dark,3,2,2,0,False,0.959,1.0,58.68,no,0.7462,1.2599,0.768,37.3,77.3,CONFIRMED-LEAD,high,small_blob,"Real feature confirmed at the same pixels in the corresponding band variant(s) of one acquisition. Fetch the EDR original, geolocate on Trek, and check for an independent pass at a different lighting before writing a finding.",data/processed\ESP_013948_1410\ESP_013948_1410_MIRB.browse_enh.png,,0.407,,,,,,,
ESP_013948_1410_RED.browse_enh.png,604,2048,20,24,0.85,480,1.2,bright,3,2,2,0,False,1.0,1.0,57.35,no,0.6463,0.8111,0.7426,37.3,77.3,CONFIRMED-LEAD,high,small_blob,"Real feature confirmed at the same pixels in the corresponding band variant(s) of one acquisition. Fetch the EDR original, geolocate on Trek, and check for an independent pass at a different lighting before writing a finding.",data/processed\ESP_013948_1410\ESP_013948_1410_RED.browse_enh.png,,0.407,,,,,,,
ESP_013236_1410_MIRB.browse_enh.png,1424,3536,20,20,0.8,400,1.0,dark,3,2,2,0,False,0.962,1.0,62.12,no,0.7576,1.2447,0.8138,37.2,77.2,CONFIRMED-LEAD,high,small_blob,"Real feature confirmed at the same pixels in the corresponding band variant(s) of one acquisition. Fetch the EDR original, geolocate on Trek, and check for an independent pass at a different lighting before writing a finding.",data/processed\ESP_013236_1410\ESP_013236_1410_MIRB.browse_enh.png,,0.416,,,,,,,
ESP_013236_1410_MRGB.browse_enh.png,1424,3536,20,20,0.8,400,1.0,dark,3,2,2,0,False,0.963,1.0,62.03,no,0.7576,1.2457,0.8157,37.2,77.2,CONFIRMED-LEAD,high,small_blob,"Real feature confirmed at the same pixels in the corresponding band variant(s) of one acquisition. Fetch the EDR original, geolocate on Trek, and check for an independent pass at a different lighting before writing a finding.",data/processed\ESP_013236_1410\ESP_013236_1410_MRGB.browse_enh.png,,0.416,,,,,,,
ESP_013236_1410_RED.browse_enh.png,1132,3324,20,20,0.8,400,1.0,dark,3,2,2,0,False,1.0,1.0,39.12,no,0.7687,1.1595,0.8084,37.2,77.2,CONFIRMED-LEAD,high,small_blob,"Real feature confirmed at the same pixels in the corresponding band variant(s) of one acquisition. Fetch the EDR original, geolocate on Trek, and check for an independent pass at a different lighting before writing a finding.",data/processed\ESP_013236_1410\ESP_013236_1410_RED.browse_enh.png,,0.416,,,,,,,
ESP_013236_1410_MIRB.abrowse_enh.png,556,1848,12,28,1.04,336,2.33,dark,3,2,2,0,False,1.0,1.0,51.08,no,0.7368,1.1789,0.85,37.1,77.1,CONFIRMED-LEAD,high,small_blob,"Real feature confirmed at the same pixels in the corresponding band variant(s) of one acquisition. Fetch the EDR original, geolocate on Trek, and check for an independent pass at a different lighting before writing a finding.",data/processed\ESP_013236_1410\ESP_013236_1410_MIRB.abrowse_enh.png,,0.401,,,,,,,
ESP_013236_1410_MIRB.browse_enh.png,988,4360,12,32,1.11,384,2.67,dark,3,2,2,0,False,1.0,1.0,35.69,no,0.666,1.3225,0.7846,37.1,77.1,CONFIRMED-LEAD,high,small_blob,"Real feature confirmed at the same pixels in the corresponding band variant(s) of one acquisition. Fetch the EDR original, geolocate on Trek, and check for an independent pass at a different lighting before writing a finding.",data/processed\ESP_013236_1410\ESP_013236_1410_MIRB.browse_enh.png,,0.397,,,,,,,
ESP_013236_1410_MRGB.abrowse_enh.png,556,1848,12,28,1.04,336,2.33,dark,3,2,2,0,False,1.0,1.0,51.08,no,0.7368,1.1789,0.85,37.1,77.1,CONFIRMED-LEAD,high,small_blob,"Real feature confirmed at the same pixels in the corresponding band variant(s) of one acquisition. Fetch the EDR original, geolocate on Trek, and check for an independent pass at a different lighting before writing a finding.",data/processed\ESP_013236_1410\ESP_013236_1410_MRGB.abrowse_enh.png,,0.401,,,,,,,
ESP_013236_1410_MRGB.browse_enh.png,988,4360,12,32,1.11,384,2.67,dark,3,2,2,0,False,1.0,1.0,35.69,no,0.666,1.3225,0.7846,37.1,77.1,CONFIRMED-LEAD,high,small_blob,"Real feature confirmed at the same pixels in the corresponding band variant(s) of one acquisition. Fetch the EDR original, geolocate on Trek, and check for an independent pass at a different lighting before writing a finding.",data/processed\ESP_013236_1410\ESP_013236_1410_MRGB.browse_enh.png,,0.397,,,,,,,
ESP_013236_1410_RED.browse_enh.png,1380,3216,32,24,1.29,768,1.33,dark,3,2,2,0,False,1.0,0.684,26.6,no,0.7579,1.3598,0.886,41.1,77.1,CONFIRMED-LEAD,high,small_blob,"Real feature confirmed at the same pixels in the corresponding band variant(s) of one acquisition. Fetch the EDR original, geolocate on Trek, and check for an independent pass at a different lighting before writing a finding.",data/processed\ESP_013236_1410\ESP_013236_1410_RED.browse_enh.png,,0.390,,,,,,,
ESP_013236_1410_RED.browse_enh.png,784,4332,16,28,0.93,448,1.75,bright,3,2,2,0,False,1.0,1.0,47.94,no,0.6374,0.8356,0.8591,37.1,77.1,CONFIRMED-LEAD,high,small_blob,"Real feature confirmed at the same pixels in the corresponding band variant(s) of one acquisition. Fetch the EDR original, geolocate on Trek, and check for an independent pass at a different lighting before writing a finding.",data/processed\ESP_013236_1410\ESP_013236_1410_RED.browse_enh.png,,0.402,,,,,,,
ESP_013236_1410_RED.browse_enh.png,988,4360,12,32,1.11,384,2.67,dark,3,2,2,0,False,1.0,1.0,37.72,no,0.6683,1.2069,0.784,37.1,77.1,CONFIRMED-LEAD,high,small_blob,"Real feature confirmed at the same pixels in the corresponding band variant(s) of one acquisition. Fetch the EDR original, geolocate on Trek, and check for an independent pass at a different lighting before writing a finding.",data/processed\ESP_013236_1410\ESP_013236_1410_RED.browse_enh.png,,0.397,,,,,,,
ESP_013236_1410_RED.browse_enh.png,2740,9852,20,20,0.79,400,1.0,dark,3,2,2,0,False,1.0,1.0,65.55,no,0.7772,1.0518,0.8818,37.1,77.1,CONFIRMED-LEAD,high,small_blob,"Real feature confirmed at the same pixels in the corresponding band variant(s) of one acquisition. Fetch the EDR original, geolocate on Trek, and check for an independent pass at a different lighting before writing a finding.",data/processed\ESP_013236_1410\ESP_013236_1410_RED.browse_enh.png,,0.417,,,,,,,
ESP_013236_1410_RED.browse_enh.png,1972,10420,24,40,0.88,960,1.67,dark,3,2,2,0,False,1.0,0.771,39.09,no,0.838,1.4078,0.8944,37.1,77.1,CONFIRMED-LEAD,high,small_blob,"Real feature confirmed at the same pixels in the corresponding band variant(s) of one acquisition. Fetch the EDR original, geolocate on Trek, and check for an independent pass at a different lighting before writing a finding.",data/processed\ESP_013236_1410\ESP_013236_1410_RED.browse_enh.png,,0.405,,,,,,,
ESP_013948_1410_MIRB.abrowse_enh.png,1252,4528,32,76,0.36,2432,2.38,bright,3,2,2,0,False,1.0,1.0,70.95,no,0.9342,0.6378,0.8547,37.1,77.1,CONFIRMED-LEAD,high,,"Real feature confirmed at the same pixels in the corresponding band variant(s) of one acquisition. Fetch the EDR original, geolocate on Trek, and check for an independent pass at a different lighting before writing a finding.",data/processed\ESP_013948_1410\ESP_013948_1410_MIRB.abrowse_enh.png,,0.489,,,,,,,
ESP_013948_1410_MIRB.browse_enh.png,604,2048,20,24,0.82,480,1.2,bright,3,2,2,0,False,1.0,1.0,55.97,no,0.6268,0.7916,0.7401,37.1,77.1,CONFIRMED-LEAD,high,small_blob,"Real feature confirmed at the same pixels in the corresponding band variant(s) of one acquisition. Fetch the EDR original, geolocate on Trek, and check for an independent pass at a different lighting before writing a finding.",data/processed\ESP_013948_1410\ESP_013948_1410_MIRB.browse_enh.png,,0.412,,,,,,,
ESP_013948_1410_MRGB.abrowse_enh.png,1252,4528,32,76,0.36,2432,2.38,bright,3,2,2,0,False,1.0,1.0,70.95,no,0.9342,0.6378,0.8548,37.1,77.1,CONFIRMED-LEAD,high,,"Real feature confirmed at the same pixels in the corresponding band variant(s) of one acquisition. Fetch the EDR original, geolocate on Trek, and check for an independent pass at a different lighting before writing a finding.",data/processed\ESP_013948_1410\ESP_013948_1410_MRGB.abrowse_enh.png,,0.489,,,,,,,
ESP_013948_1410_MRGB.browse_enh.png,604,2048,20,24,0.82,480,1.2,bright,3,2,2,0,False,1.0,1.0,56.25,no,0.6274,0.7878,0.7408,37.1,77.1,CONFIRMED-LEAD,high,small_blob,"Real feature confirmed at the same pixels in the corresponding band variant(s) of one acquisition. Fetch the EDR original, geolocate on Trek, and check for an independent pass at a different lighting before writing a finding.",data/processed\ESP_013948_1410\ESP_013948_1410_MRGB.browse_enh.png,,0.412,,,,,,,
ESP_013948_1410_RED.browse_enh.png,1376,3996,16,20,0.84,320,1.25,dark,3,2,2,0,False,0.963,1.0,63.94,no,0.7553,1.1921,0.7682,37.1,77.1,CONFIRMED-LEAD,high,small_blob,"Real feature confirmed at the same pixels in the corresponding band variant(s) of one acquisition. Fetch the EDR original, geolocate on Trek, and check for an independent pass at a different lighting before writing a finding.",data/processed\ESP_013948_1410\ESP_013948_1410_RED.browse_enh.png,,0.409,,,,,,,
ESP_013948_1410_RED.browse_enh.png,3144,10156,16,32,2.11,512,2.0,dark,2,0,2,0,False,1.0,1.0,25.57,no,0.8128,1.4676,0.8557,37.1,77.1,CONFIRMED-LEAD,high,small_blob,"Real feature confirmed at the same pixels in the corresponding band variant(s) of one acquisition. Fetch the EDR original, geolocate on Trek, and check for an independent pass at a different lighting before writing a finding.",data/processed\ESP_013948_1410\ESP_013948_1410_RED.browse_enh.png,,0.376,,,,,,,
ESP_013236_1410_RED.browse_enh.png,1428,2504,24,32,0.82,768,1.33,dark,3,2,2,0,False,1.0,0.706,32.38,no,0.6399,1.3329,0.849,37.0,77.0,CONFIRMED-LEAD,high,small_blob,"Real feature confirmed at the same pixels in the corresponding band variant(s) of one acquisition. Fetch the EDR original, geolocate on Trek, and check for an independent pass at a different lighting before writing a finding.",data/processed\ESP_013236_1410\ESP_013236_1410_RED.browse_enh.png,,0.412,,,,,,,
ESP_013948_1410_MIRB.browse_enh.png,724,4740,12,20,0.9,240,1.67,bright,3,2,2,0,False,1.0,1.0,50.5,no,0.7702,0.6361,0.8988,36.9,76.9,CONFIRMED-LEAD,high,small_blob,"Real feature confirmed at the same pixels in the corresponding band variant(s) of one acquisition. Fetch the EDR original, geolocate on Trek, and check for an independent pass at a different lighting before writing a finding.",data/processed\ESP_013948_1410\ESP_013948_1410_MIRB.browse_enh.png,,0.405,,,,,,,
DTEEC_013948_1410_013236_1410_A01.ca_enh.png,172,5520,48,44,4.83,2112,1.09,bright,2,0,0,0,False,1.0,0.205,19.82,no,0.8609,1.7458,0.6858,70.9,76.9,PROMISING,medium,,Strong single-image signal but not confirmed across band variants. Compare against the original product and look for the feature in a same-footprint sibling or an independent acquisition.,data/processed\ESP_013948_1410_ESP_013236_1410\DTEEC_013948_1410_013236_1410_A01.ca_enh.png,,0.002,,,,,,,
ESP_013236_1410_MIRB.browse_enh.png,1356,3708,32,16,0.94,512,2.0,dark,3,2,2,0,False,1.0,1.0,59.29,no,0.8171,0.644,0.8315,36.8,76.8,CONFIRMED-LEAD,high,small_blob,"Real feature confirmed at the same pixels in the corresponding band variant(s) of one acquisition. Fetch the EDR original, geolocate on Trek, and check for an independent pass at a different lighting before writing a finding.",data/processed\ESP_013236_1410\ESP_013236_1410_MIRB.browse_enh.png,,0.402,,,,,,,
ESP_013236_1410_MRGB.browse_enh.png,1356,3708,32,16,0.94,512,2.0,dark,3,2,2,0,False,1.0,1.0,59.29,no,0.8171,0.644,0.8315,36.8,76.8,CONFIRMED-LEAD,high,small_blob,"Real feature confirmed at the same pixels in the corresponding band variant(s) of one acquisition. Fetch the EDR original, geolocate on Trek, and check for an independent pass at a different lighting before writing a finding.",data/processed\ESP_013236_1410\ESP_013236_1410_MRGB.browse_enh.png,,0.402,,,,,,,
ESP_013236_1410_RED.abrowse_enh.png,884,4556,16,32,1.39,512,2.0,dark,3,2,2,0,False,1.0,0.642,42.52,no,0.7743,1.178,0.7698,40.8,76.8,CONFIRMED-LEAD,high,small_blob,"Real feature confirmed at the same pixels in the corresponding band variant(s) of one acquisition. Fetch the EDR original, geolocate on Trek, and check for an independent pass at a different lighting before writing a finding.",data/processed\ESP_013236_1410\ESP_013236_1410_RED.abrowse_enh.png,,0.386,,,,,,,
ESP_013948_1410_MIRB.abrowse_enh.png,540,5864,12,32,1.07,384,2.67,bright,3,2,2,0,False,0.973,1.0,59.65,no,0.8849,0.5729,0.9127,36.8,76.8,CONFIRMED-LEAD,high,small_blob,"Real feature confirmed at the same pixels in the corresponding band variant(s) of one acquisition. Fetch the EDR original, geolocate on Trek, and check for an independent pass at a different lighting before writing a finding.",data/processed\ESP_013948_1410\ESP_013948_1410_MIRB.abrowse_enh.png,,0.399,,,,,,,
ESP_013948_1410_MRGB.abrowse_enh.png,540,5864,12,32,1.07,384,2.67,bright,3,2,2,0,False,0.973,1.0,59.65,no,0.8849,0.573,0.9127,36.8,76.8,CONFIRMED-LEAD,high,small_blob,"Real feature confirmed at the same pixels in the corresponding band variant(s) of one acquisition. Fetch the EDR original, geolocate on Trek, and check for an independent pass at a different lighting before writing a finding.",data/processed\ESP_013948_1410\ESP_013948_1410_MRGB.abrowse_enh.png,,0.399,,,,,,,
ESP_013948_1410_RED.abrowse_enh.png,708,5100,12,24,0.95,288,2.0,bright,3,2,2,0,False,1.0,1.0,55.81,no,0.828,0.7658,0.8753,36.8,76.8,CONFIRMED-LEAD,high,small_blob,"Real feature confirmed at the same pixels in the corresponding band variant(s) of one acquisition. Fetch the EDR original, geolocate on Trek, and check for an independent pass at a different lighting before writing a finding.",data/processed\ESP_013948_1410\ESP_013948_1410_RED.abrowse_enh.png,,0.402,,,,,,,
ESP_013948_1410_RED.browse_enh.png,2280,4720,16,28,1.35,448,1.75,dark,3,2,2,0,False,1.0,0.605,29.87,no,0.7899,1.551,0.917,40.8,76.8,CONFIRMED-LEAD,high,small_blob,"Real feature confirmed at the same pixels in the corresponding band variant(s) of one acquisition. Fetch the EDR original, geolocate on Trek, and check for an independent pass at a different lighting before writing a finding.",data/processed\ESP_013948_1410\ESP_013948_1410_RED.browse_enh.png,,0.390,,,,,,,
ESP_013236_1410_RED.abrowse_enh.png,1156,4392,12,32,1.06,384,2.67,bright,3,2,2,0,False,1.0,0.87,62.0,no,0.8552,0.7339,0.9452,36.7,76.7,CONFIRMED-LEAD,high,small_blob,"Real feature confirmed at the same pixels in the corresponding band variant(s) of one acquisition. Fetch the EDR original, geolocate on Trek, and check for an independent pass at a different lighting before writing a finding.",data/processed\ESP_013236_1410\ESP_013236_1410_RED.abrowse_enh.png,,0.399,,,,,,,
ESP_013236_1410_RED.browse_enh.png,548,4376,20,36,1.33,720,1.8,dark,3,2,2,0,False,1.0,0.614,46.97,no,0.7763,1.3766,0.8132,40.7,76.7,CONFIRMED-LEAD,high,small_blob,"Real feature confirmed at the same pixels in the corresponding band variant(s) of one acquisition. Fetch the EDR original, geolocate on Trek, and check for an independent pass at a different lighting before writing a finding.",data/processed\ESP_013236_1410\ESP_013236_1410_RED.browse_enh.png,,0.390,,,,,,,
ESP_013236_1410_MIRB.abrowse_enh.png,1972,10620,20,36,0.86,720,1.8,dark,3,2,2,0,False,1.0,1.0,39.93,no,0.8159,1.546,0.9452,36.6,76.6,CONFIRMED-LEAD,high,small_blob,"Real feature confirmed at the same pixels in the corresponding band variant(s) of one acquisition. Fetch the EDR original, geolocate on Trek, and check for an independent pass at a different lighting before writing a finding.",data/processed\ESP_013236_1410\ESP_013236_1410_MIRB.abrowse_enh.png,,0.407,,,,,,,
ESP_013236_1410_MIRB.browse_enh.png,1972,10424,20,36,0.87,720,1.8,dark,3,2,2,0,False,1.0,0.87,40.61,no,0.8155,1.5413,0.9425,36.6,76.6,CONFIRMED-LEAD,high,small_blob,"Real feature confirmed at the same pixels in the corresponding band variant(s) of one acquisition. Fetch the EDR original, geolocate on Trek, and check for an independent pass at a different lighting before writing a finding.",data/processed\ESP_013236_1410\ESP_013236_1410_MIRB.browse_enh.png,,0.405,,,,,,,
ESP_013236_1410_MRGB.abrowse_enh.png,1972,10620,20,36,0.86,720,1.8,dark,3,2,2,0,False,1.0,1.0,39.93,no,0.8159,1.546,0.9452,36.6,76.6,CONFIRMED-LEAD,high,small_blob,"Real feature confirmed at the same pixels in the corresponding band variant(s) of one acquisition. Fetch the EDR original, geolocate on Trek, and check for an independent pass at a different lighting before writing a finding.",data/processed\ESP_013236_1410\ESP_013236_1410_MRGB.abrowse_enh.png,,0.407,,,,,,,
ESP_013236_1410_MRGB.browse_enh.png,1972,10424,20,36,0.87,720,1.8,dark,3,2,2,0,False,1.0,0.87,40.61,no,0.8155,1.5413,0.9425,36.6,76.6,CONFIRMED-LEAD,high,small_blob,"Real feature confirmed at the same pixels in the corresponding band variant(s) of one acquisition. Fetch the EDR original, geolocate on Trek, and check for an independent pass at a different lighting before writing a finding.",data/processed\ESP_013236_1410\ESP_013236_1410_MRGB.browse_enh.png,,0.405,,,,,,,
ESP_013236_1410_RED.abrowse_enh.png,3360,10204,24,28,1.2,672,1.17,bright,3,2,2,0,False,1.0,0.562,25.86,no,0.799,1.5709,0.8102,40.6,76.6,CONFIRMED-LEAD,high,small_blob,"Real feature confirmed at the same pixels in the corresponding band variant(s) of one acquisition. Fetch the EDR original, geolocate on Trek, and check for an independent pass at a different lighting before writing a finding.",data/processed\ESP_013236_1410\ESP_013236_1410_RED.abrowse_enh.png,,0.390,,,,,,,
ESP_013236_1410_RED.abrowse_enh.png,1972,10620,20,36,0.86,720,1.8,dark,3,2,2,0,False,1.0,0.808,41.97,no,0.8194,1.518,0.9507,36.6,76.6,CONFIRMED-LEAD,high,small_blob,"Real feature confirmed at the same pixels in the corresponding band variant(s) of one acquisition. Fetch the EDR original, geolocate on Trek, and check for an independent pass at a different lighting before writing a finding.",data/processed\ESP_013236_1410\ESP_013236_1410_RED.abrowse_enh.png,,0.407,,,,,,,
ESP_013948_1410_RED.browse_enh.png,3056,840,12,32,1.05,384,2.67,bright,3,2,2,0,False,1.0,1.0,42.97,no,0.7616,1.1071,0.8811,36.6,76.6,CONFIRMED-LEAD,high,small_blob,"Real feature confirmed at the same pixels in the corresponding band variant(s) of one acquisition. Fetch the EDR original, geolocate on Trek, and check for an independent pass at a different lighting before writing a finding.",data/processed\ESP_013948_1410\ESP_013948_1410_RED.browse_enh.png,,0.400,,,,,,,
ESP_013948_1410_RED.browse_enh.png,1116,4568,20,16,0.78,320,1.25,dark,3,2,2,0,False,1.0,0.97,33.97,no,0.59,1.1896,0.9009,36.6,76.6,CONFIRMED-LEAD,high,small_blob,"Real feature confirmed at the same pixels in the corresponding band variant(s) of one acquisition. Fetch the EDR original, geolocate on Trek, and check for an independent pass at a different lighting before writing a finding.",data/processed\ESP_013948_1410\ESP_013948_1410_RED.browse_enh.png,,0.419,,,,,,,
ESP_013236_1410_MIRB.browse_enh.png,1216,4168,16,40,0.99,640,2.5,bright,3,2,2,0,False,1.0,0.741,39.6,no,0.6471,1.201,0.9375,36.5,76.5,CONFIRMED-LEAD,high,small_blob,"Real feature confirmed at the same pixels in the corresponding band variant(s) of one acquisition. Fetch the EDR original, geolocate on Trek, and check for an independent pass at a different lighting before writing a finding.",data/processed\ESP_013236_1410\ESP_013236_1410_MIRB.browse_enh.png,,0.402,,,,,,,
ESP_013236_1410_MRGB.browse_enh.png,1216,4168,16,40,0.99,640,2.5,bright,3,2,2,0,False,1.0,0.741,39.6,no,0.6471,1.201,0.9375,36.5,76.5,CONFIRMED-LEAD,high,small_blob,"Real feature confirmed at the same pixels in the corresponding band variant(s) of one acquisition. Fetch the EDR original, geolocate on Trek, and check for an independent pass at a different lighting before writing a finding.",data/processed\ESP_013236_1410\ESP_013236_1410_MRGB.browse_enh.png,,0.402,,,,,,,
ESP_013948_1410_MIRB.browse_enh.png,524,5156,20,24,0.74,480,1.2,dark,3,2,2,0,False,0.99,1.0,55.11,no,0.8418,1.4318,0.8505,36.4,76.4,CONFIRMED-LEAD,high,small_blob,"Real feature confirmed at the same pixels in the corresponding band variant(s) of one acquisition. Fetch the EDR original, geolocate on Trek, and check for an independent pass at a different lighting before writing a finding.",data/processed\ESP_013948_1410\ESP_013948_1410_MIRB.browse_enh.png,,0.426,,,,,,,
ESP_013948_1410_MRGB.browse_enh.png,524,5156,20,24,0.74,480,1.2,dark,3,2,2,0,False,0.991,1.0,55.25,no,0.8421,1.4283,0.8503,36.4,76.4,CONFIRMED-LEAD,high,small_blob,"Real feature confirmed at the same pixels in the corresponding band variant(s) of one acquisition. Fetch the EDR original, geolocate on Trek, and check for an independent pass at a different lighting before writing a finding.",data/processed\ESP_013948_1410\ESP_013948_1410_MRGB.browse_enh.png,,0.426,,,,,,,
ESP_013236_1410_MIRB.browse_enh.png,1156,4192,16,36,0.93,576,2.25,bright,3,2,2,0,False,1.0,0.784,60.79,no,0.8348,0.7248,0.8743,36.3,76.3,CONFIRMED-LEAD,high,small_blob,"Real feature confirmed at the same pixels in the corresponding band variant(s) of one acquisition. Fetch the EDR original, geolocate on Trek, and check for an independent pass at a different lighting before writing a finding.",data/processed\ESP_013236_1410\ESP_013236_1410_MIRB.browse_enh.png,,0.402,,,,,,,
ESP_013236_1410_MRGB.browse_enh.png,1156,4192,16,36,0.93,576,2.25,bright,3,2,2,0,False,1.0,0.784,60.79,no,0.8348,0.7248,0.8743,36.3,76.3,CONFIRMED-LEAD,high,small_blob,"Real feature confirmed at the same pixels in the corresponding band variant(s) of one acquisition. Fetch the EDR original, geolocate on Trek, and check for an independent pass at a different lighting before writing a finding.",data/processed\ESP_013236_1410\ESP_013236_1410_MRGB.browse_enh.png,,0.402,,,,,,,
ESP_013236_1410_RED.browse_enh.png,556,4728,20,24,0.73,480,1.2,dark,3,2,2,0,False,1.0,0.754,53.49,no,0.8303,1.3826,0.9327,36.3,76.3,CONFIRMED-LEAD,high,small_blob,"Real feature confirmed at the same pixels in the corresponding band variant(s) of one acquisition. Fetch the EDR original, geolocate on Trek, and check for an independent pass at a different lighting before writing a finding.",data/processed\ESP_013236_1410\ESP_013236_1410_RED.browse_enh.png,,0.429,,,,,,,
ESP_013948_1410_RED.browse_enh.png,536,5664,16,32,0.88,512,2.0,bright,3,2,2,0,False,0.96,1.0,54.48,no,0.8716,1.3192,0.7611,36.3,76.3,CONFIRMED-LEAD,high,small_blob,"Real feature confirmed at the same pixels in the corresponding band variant(s) of one acquisition. Fetch the EDR original, geolocate on Trek, and check for an independent pass at a different lighting before writing a finding.",data/processed\ESP_013948_1410\ESP_013948_1410_RED.browse_enh.png,,0.405,,,,,,,
ESP_013236_1410_RED.abrowse_enh.png,1136,3568,20,44,0.89,880,2.2,dark,3,2,2,0,False,1.0,0.796,49.17,no,0.8011,0.9528,0.751,36.2,76.2,CONFIRMED-LEAD,high,small_blob,"Real feature confirmed at the same pixels in the corresponding band variant(s) of one acquisition. Fetch the EDR original, geolocate on Trek, and check for an independent pass at a different lighting before writing a finding.",data/processed\ESP_013236_1410\ESP_013236_1410_RED.abrowse_enh.png,,0.405,,,,,,,
ESP_013236_1410_RED.browse_enh.png,1596,5076,16,36,0.91,576,2.25,dark,3,2,2,0,False,1.0,0.866,26.04,no,0.7971,1.7313,0.8278,36.2,76.2,CONFIRMED-LEAD,high,small_blob,"Real feature confirmed at the same pixels in the corresponding band variant(s) of one acquisition. Fetch the EDR original, geolocate on Trek, and check for an independent pass at a different lighting before writing a finding.",data/processed\ESP_013236_1410\ESP_013236_1410_RED.browse_enh.png,,0.404,,,,,,,
ESP_013948_1410_MIRB.abrowse_enh.png,652,5092,12,32,1.01,384,2.67,dark,3,2,2,0,False,0.996,0.764,55.7,no,0.705,1.5695,0.6663,36.2,76.2,CONFIRMED-LEAD,high,small_blob,"Real feature confirmed at the same pixels in the corresponding band variant(s) of one acquisition. Fetch the EDR original, geolocate on Trek, and check for an independent pass at a different lighting before writing a finding.",data/processed\ESP_013948_1410\ESP_013948_1410_MIRB.abrowse_enh.png,,0.402,,,,,,,
ESP_013948_1410_MRGB.abrowse_enh.png,652,5092,12,32,1.01,384,2.67,dark,3,2,2,0,False,0.996,0.764,55.7,no,0.705,1.5695,0.6663,36.2,76.2,CONFIRMED-LEAD,high,small_blob,"Real feature confirmed at the same pixels in the corresponding band variant(s) of one acquisition. Fetch the EDR original, geolocate on Trek, and check for an independent pass at a different lighting before writing a finding.",data/processed\ESP_013948_1410\ESP_013948_1410_MRGB.abrowse_enh.png,,0.402,,,,,,,
ESP_013948_1410_RED.browse_enh.png,3552,10300,16,20,1.88,320,1.25,dark,2,0,2,0,False,1.0,1.0,33.66,no,0.7974,0.9171,0.8956,36.2,76.2,CONFIRMED-LEAD,high,small_blob,"Real feature confirmed at the same pixels in the corresponding band variant(s) of one acquisition. Fetch the EDR original, geolocate on Trek, and check for an independent pass at a different lighting before writing a finding.",data/processed\ESP_013948_1410\ESP_013948_1410_RED.browse_enh.png,,0.376,,,,,,,
ESP_013236_1410_RED.abrowse_enh.png,2868,496,12,32,0.99,384,2.67,bright,3,2,2,0,False,0.964,1.0,63.63,no,0.8626,1.1556,0.9576,36.1,76.1,CONFIRMED-LEAD,high,small_blob,"Real feature confirmed at the same pixels in the corresponding band variant(s) of one acquisition. Fetch the EDR original, geolocate on Trek, and check for an independent pass at a different lighting before writing a finding.",data/processed\ESP_013236_1410\ESP_013236_1410_RED.abrowse_enh.png,,0.402,,,,,,,
ESP_013948_1410_RED.browse_enh.png,620,2372,24,20,0.71,480,1.2,bright,3,2,2,0,False,1.0,1.0,41.7,no,0.7146,1.061,0.7198,36.1,76.1,CONFIRMED-LEAD,high,small_blob,"Real feature confirmed at the same pixels in the corresponding band variant(s) of one acquisition. Fetch the EDR original, geolocate on Trek, and check for an independent pass at a different lighting before writing a finding.",data/processed\ESP_013948_1410\ESP_013948_1410_RED.browse_enh.png,,0.432,,,,,,,
ESP_013236_1410_MIRB.browse_enh.png,1132,3472,20,48,0.9,960,2.4,dark,3,2,2,0,False,1.0,0.834,34.96,no,0.718,1.2472,0.8107,36.0,76.0,CONFIRMED-LEAD,high,small_blob,"Real feature confirmed at the same pixels in the corresponding band variant(s) of one acquisition. Fetch the EDR original, geolocate on Trek, and check for an independent pass at a different lighting before writing a finding.",data/processed\ESP_013236_1410\ESP_013236_1410_MIRB.browse_enh.png,,0.405,,,,,,,
ESP_013236_1410_MRGB.browse_enh.png,1132,3472,20,48,0.9,960,2.4,dark,3,2,2,0,False,1.0,0.834,34.96,no,0.718,1.2472,0.8107,36.0,76.0,CONFIRMED-LEAD,high,small_blob,"Real feature confirmed at the same pixels in the corresponding band variant(s) of one acquisition. Fetch the EDR original, geolocate on Trek, and check for an independent pass at a different lighting before writing a finding.",data/processed\ESP_013236_1410\ESP_013236_1410_MRGB.browse_enh.png,,0.405,,,,,,,
ESP_013236_1410_RED.browse_enh.png,1496,2888,16,36,0.89,576,2.25,dark,3,2,2,0,False,1.0,1.0,32.65,no,0.7145,1.2419,0.7256,36.0,76.0,CONFIRMED-LEAD,high,small_blob,"Real feature confirmed at the same pixels in the corresponding band variant(s) of one acquisition. Fetch the EDR original, geolocate on Trek, and check for an independent pass at a different lighting before writing a finding.",data/processed\ESP_013236_1410\ESP_013236_1410_RED.browse_enh.png,,0.405,,,,,,,
ESP_013236_1410_RED.browse_enh.png,3116,6416,28,56,0.21,1568,2.0,bright,2,0,2,0,False,1.0,1.0,29.53,no,0.8474,1.4452,0.3176,36.0,76.0,CONFIRMED-LEAD,high,,"Real feature confirmed at the same pixels in the corresponding band variant(s) of one acquisition. Fetch the EDR original, geolocate on Trek, and check for an independent pass at a different lighting before writing a finding.",data/processed\ESP_013236_1410\ESP_013236_1410_RED.browse_enh.png,,0.498,,,,,,,
ESP_013948_1410_MIRB.abrowse_enh.png,576,5320,24,20,0.7,480,1.2,dark,3,2,2,0,False,1.0,1.0,60.84,no,0.8023,1.3379,0.8765,36.0,76.0,CONFIRMED-LEAD,high,small_blob,"Real feature confirmed at the same pixels in the corresponding band variant(s) of one acquisition. Fetch the EDR original, geolocate on Trek, and check for an independent pass at a different lighting before writing a finding.",data/processed\ESP_013948_1410\ESP_013948_1410_MIRB.abrowse_enh.png,,0.433,,,,,,,
ESP_013948_1410_MIRB.browse_enh.png,3000,836,20,28,0.73,560,1.4,bright,3,2,2,0,False,1.0,0.815,49.99,no,0.7437,0.9918,0.6108,36.0,76.0,CONFIRMED-LEAD,high,small_blob,"Real feature confirmed at the same pixels in the corresponding band variant(s) of one acquisition. Fetch the EDR original, geolocate on Trek, and check for an independent pass at a different lighting before writing a finding.",data/processed\ESP_013948_1410\ESP_013948_1410_MIRB.browse_enh.png,,0.429,,,,,,,
ESP_013948_1410_MRGB.abrowse_enh.png,576,5320,24,20,0.7,480,1.2,dark,3,2,2,0,False,1.0,1.0,60.85,no,0.8023,1.3379,0.8765,36.0,76.0,CONFIRMED-LEAD,high,small_blob,"Real feature confirmed at the same pixels in the corresponding band variant(s) of one acquisition. Fetch the EDR original, geolocate on Trek, and check for an independent pass at a different lighting before writing a finding.",data/processed\ESP_013948_1410\ESP_013948_1410_MRGB.abrowse_enh.png,,0.433,,,,,,,
ESP_013948_1410_MRGB.browse_enh.png,3000,836,20,28,0.73,560,1.4,bright,3,2,2,0,False,1.0,0.8,50.18,no,0.7432,0.9896,0.6097,36.0,76.0,CONFIRMED-LEAD,high,small_blob,"Real feature confirmed at the same pixels in the corresponding band variant(s) of one acquisition. Fetch the EDR original, geolocate on Trek, and check for an independent pass at a different lighting before writing a finding.",data/processed\ESP_013948_1410\ESP_013948_1410_MRGB.browse_enh.png,,0.429,,,,,,,
ESP_013236_1410_MIRB.abrowse_enh.png,956,4536,20,24,0.68,480,1.2,bright,3,2,2,0,False,1.0,1.0,49.57,no,0.7274,1.5185,0.6995,35.9,75.9,CONFIRMED-LEAD,high,small_blob,"Real feature confirmed at the same pixels in the corresponding band variant(s) of one acquisition. Fetch the EDR original, geolocate on Trek, and check for an independent pass at a different lighting before writing a finding.",data/processed\ESP_013236_1410\ESP_013236_1410_MIRB.abrowse_enh.png,,0.436,,,,,,,
ESP_013236_1410_MRGB.abrowse_enh.png,956,4536,20,24,0.68,480,1.2,bright,3,2,2,0,False,1.0,1.0,49.57,no,0.7274,1.5185,0.6995,35.9,75.9,CONFIRMED-LEAD,high,small_blob,"Real feature confirmed at the same pixels in the corresponding band variant(s) of one acquisition. Fetch the EDR original, geolocate on Trek, and check for an independent pass at a different lighting before writing a finding.",data/processed\ESP_013236_1410\ESP_013236_1410_MRGB.abrowse_enh.png,,0.436,,,,,,,
ESP_013948_1410_RED.NOMAP.browse_enh.png,2232,4656,8,28,4.25,224,3.5,bright,2,0,0,0,False,1.0,1.0,20.99,no,0.8409,1.5413,0.9471,65.9,75.9,PROMISING,medium,,Strong single-image signal but not confirmed across band variants. Compare against the original product and look for the feature in a same-footprint sibling or an independent acquisition.,data/processed\ESP_013948_1410\ESP_013948_1410_RED.NOMAP.browse_enh.png,,0.014,,,,,,,
ESP_013948_1410_RED.browse_enh.png,3240,10232,16,24,1.89,384,1.5,dark,2,0,2,0,False,1.0,1.0,32.01,no,0.8742,1.2564,0.8913,35.9,75.9,CONFIRMED-LEAD,high,small_blob,"Real feature confirmed at the same pixels in the corresponding band variant(s) of one acquisition. Fetch the EDR original, geolocate on Trek, and check for an independent pass at a different lighting before writing a finding.",data/processed\ESP_013948_1410\ESP_013948_1410_RED.browse_enh.png,,0.376,,,,,,,
ESP_013948_1410_RED.browse_enh.png,1384,3868,20,32,0.74,640,1.6,dark,3,2,2,0,False,1.0,1.0,56.31,no,0.8117,1.1115,0.7859,35.8,75.8,CONFIRMED-LEAD,high,small_blob,"Real feature confirmed at the same pixels in the corresponding band variant(s) of one acquisition. Fetch the EDR original, geolocate on Trek, and check for an independent pass at a different lighting before writing a finding.",data/processed\ESP_013948_1410\ESP_013948_1410_RED.browse_enh.png,,0.426,,,,,,,
ESP_013236_1410_MIRB.browse_enh.png,1184,1840,20,24,0.66,480,1.2,dark,3,2,2,0,False,1.0,1.0,39.18,no,0.5965,1.4841,0.7542,35.7,75.7,CONFIRMED-LEAD,high,small_blob,"Real feature confirmed at the same pixels in the corresponding band variant(s) of one acquisition. Fetch the EDR original, geolocate on Trek, and check for an independent pass at a different lighting before writing a finding.",data/processed\ESP_013236_1410\ESP_013236_1410_MIRB.browse_enh.png,,0.438,,,,,,,
ESP_013236_1410_MRGB.browse_enh.png,1184,1840,20,24,0.66,480,1.2,dark,3,2,2,0,False,1.0,1.0,39.18,no,0.5965,1.4841,0.7542,35.7,75.7,CONFIRMED-LEAD,high,small_blob,"Real feature confirmed at the same pixels in the corresponding band variant(s) of one acquisition. Fetch the EDR original, geolocate on Trek, and check for an independent pass at a different lighting before writing a finding.",data/processed\ESP_013236_1410\ESP_013236_1410_MRGB.browse_enh.png,,0.438,,,,,,,
ESP_013236_1410_RED.browse_enh.png,1112,1728,16,24,0.73,384,1.5,bright,3,2,2,0,False,1.0,1.0,43.29,no,0.69,1.1028,0.7484,35.7,75.7,CONFIRMED-LEAD,high,small_blob,"Real feature confirmed at the same pixels in the corresponding band variant(s) of one acquisition. Fetch the EDR original, geolocate on Trek, and check for an independent pass at a different lighting before writing a finding.",data/processed\ESP_013236_1410\ESP_013236_1410_RED.browse_enh.png,,0.429,,,,,,,
ESP_013948_1410_MIRB.browse_enh.png,628,4948,28,20,1.15,560,1.4,dark,3,2,2,0,False,1.0,0.642,27.77,no,0.649,1.8426,0.7894,39.7,75.7,CONFIRMED-LEAD,high,small_blob,"Real feature confirmed at the same pixels in the corresponding band variant(s) of one acquisition. Fetch the EDR original, geolocate on Trek, and check for an independent pass at a different lighting before writing a finding.",data/processed\ESP_013948_1410\ESP_013948_1410_MIRB.browse_enh.png,,0.394,,,,,,,
ESP_013948_1410_RED.browse_enh.png,1144,4560,20,24,0.66,480,1.2,bright,3,2,2,0,False,1.0,1.0,56.87,no,0.6851,0.9177,0.6949,35.7,75.7,CONFIRMED-LEAD,high,small_blob,"Real feature confirmed at the same pixels in the corresponding band variant(s) of one acquisition. Fetch the EDR original, geolocate on Trek, and check for an independent pass at a different lighting before writing a finding.",data/processed\ESP_013948_1410\ESP_013948_1410_RED.browse_enh.png,,0.438,,,,,,,
ESP_013948_1410_RED.thumb_enh.png,688,2600,20,12,1.91,240,1.67,bright,2,0,2,0,False,1.0,1.0,36.45,no,0.869,1.3312,0.8709,35.7,75.7,CONFIRMED-LEAD,high,small_blob,"Real feature confirmed at the same pixels in the corresponding band variant(s) of one acquisition. Fetch the EDR original, geolocate on Trek, and check for an independent pass at a different lighting before writing a finding.",data/processed\ESP_013948_1410\ESP_013948_1410_RED.thumb_enh.png,,0.376,,,,,,,
ESP_013236_1410_MIRB.browse_enh.png,1604,7268,20,20,0.62,400,1.0,bright,3,2,2,0,False,1.0,1.0,30.23,no,0.717,1.6897,0.8944,35.6,75.6,CONFIRMED-LEAD,high,small_blob,"Real feature confirmed at the same pixels in the corresponding band variant(s) of one acquisition. Fetch the EDR original, geolocate on Trek, and check for an independent pass at a different lighting before writing a finding.",data/processed\ESP_013236_1410\ESP_013236_1410_MIRB.browse_enh.png,,0.446,,,,,,,
ESP_013236_1410_MIRB.browse_enh.png,1600,7512,36,16,0.85,576,2.25,bright,3,2,2,0,False,1.0,1.0,35.18,no,0.7316,1.7149,0.8479,35.6,75.6,CONFIRMED-LEAD,high,small_blob,"Real feature confirmed at the same pixels in the corresponding band variant(s) of one acquisition. Fetch the EDR original, geolocate on Trek, and check for an independent pass at a different lighting before writing a finding.",data/processed\ESP_013236_1410\ESP_013236_1410_MIRB.browse_enh.png,,0.407,,,,,,,
ESP_013236_1410_MRGB.browse_enh.png,1604,7268,20,20,0.62,400,1.0,bright,3,2,2,0,False,1.0,1.0,30.23,no,0.717,1.6897,0.8944,35.6,75.6,CONFIRMED-LEAD,high,small_blob,"Real feature confirmed at the same pixels in the corresponding band variant(s) of one acquisition. Fetch the EDR original, geolocate on Trek, and check for an independent pass at a different lighting before writing a finding.",data/processed\ESP_013236_1410\ESP_013236_1410_MRGB.browse_enh.png,,0.446,,,,,,,
ESP_013236_1410_MRGB.browse_enh.png,1600,7512,36,16,0.85,576,2.25,bright,3,2,2,0,False,1.0,1.0,35.18,no,0.7316,1.7149,0.8479,35.6,75.6,CONFIRMED-LEAD,high,small_blob,"Real feature confirmed at the same pixels in the corresponding band variant(s) of one acquisition. Fetch the EDR original, geolocate on Trek, and check for an independent pass at a different lighting before writing a finding.",data/processed\ESP_013236_1410\ESP_013236_1410_MRGB.browse_enh.png,,0.407,,,,,,,
ESP_013236_1410_RED.browse_enh.png,1604,7268,20,20,0.62,400,1.0,bright,3,2,2,0,False,1.0,1.0,31.69,no,0.7297,1.6411,0.8989,35.6,75.6,CONFIRMED-LEAD,high,small_blob,"Real feature confirmed at the same pixels in the corresponding band variant(s) of one acquisition. Fetch the EDR original, geolocate on Trek, and check for an independent pass at a different lighting before writing a finding.",data/processed\ESP_013236_1410\ESP_013236_1410_RED.browse_enh.png,,0.446,,,,,,,
ESP_013236_1410_RED.browse_enh.png,3048,9952,24,16,1.86,384,1.5,bright,2,0,2,0,False,1.0,1.0,27.36,no,0.8603,0.8648,0.9814,35.6,75.6,CONFIRMED-LEAD,high,small_blob,"Real feature confirmed at the same pixels in the corresponding band variant(s) of one acquisition. Fetch the EDR original, geolocate on Trek, and check for an independent pass at a different lighting before writing a finding.",data/processed\ESP_013236_1410\ESP_013236_1410_RED.browse_enh.png,,0.376,,,,,,,
ESP_013948_1410_MRGB.browse_enh.png,1144,4560,20,24,0.65,480,1.2,bright,3,2,2,0,False,1.0,1.0,52.32,no,0.6762,0.9319,0.7056,35.6,75.6,CONFIRMED-LEAD,high,small_blob,"Real feature confirmed at the same pixels in the corresponding band variant(s) of one acquisition. Fetch the EDR original, geolocate on Trek, and check for an independent pass at a different lighting before writing a finding.",data/processed\ESP_013948_1410\ESP_013948_1410_MRGB.browse_enh.png,,0.440,,,,,,,
ESP_013948_1410_MRGB.browse_enh.png,2280,4716,16,32,1.26,512,2.0,dark,3,2,2,0,False,1.0,0.589,29.01,no,0.7888,1.4865,0.9074,39.6,75.6,CONFIRMED-LEAD,high,small_blob,"Real feature confirmed at the same pixels in the corresponding band variant(s) of one acquisition. Fetch the EDR original, geolocate on Trek, and check for an independent pass at a different lighting before writing a finding.",data/processed\ESP_013948_1410\ESP_013948_1410_MRGB.browse_enh.png,,0.390,,,,,,,
ESP_013236_1410_RED.browse_enh.png,1792,7012,24,20,1.78,480,1.2,bright,2,0,2,0,False,1.0,0.974,27.09,no,0.8185,1.3481,0.935,35.5,75.5,CONFIRMED-LEAD,high,small_blob,"Real feature confirmed at the same pixels in the corresponding band variant(s) of one acquisition. Fetch the EDR original, geolocate on Trek, and check for an independent pass at a different lighting before writing a finding.",data/processed\ESP_013236_1410\ESP_013236_1410_RED.browse_enh.png,,0.376,,,,,,,
ESP_013236_1410_RED.thumb_enh.png,488,316,16,24,1.85,384,1.5,bright,2,0,2,0,False,1.0,1.0,34.15,no,0.8106,1.3443,0.9119,35.5,75.5,CONFIRMED-LEAD,high,small_blob,"Real feature confirmed at the same pixels in the corresponding band variant(s) of one acquisition. Fetch the EDR original, geolocate on Trek, and check for an independent pass at a different lighting before writing a finding.",data/processed\ESP_013236_1410\ESP_013236_1410_RED.thumb_enh.png,,0.376,,,,,,,
ESP_013948_1410_MIRB.browse_enh.png,2280,4716,16,32,1.25,512,2.0,dark,3,2,2,0,False,1.0,0.589,28.93,no,0.7874,1.478,0.9066,39.5,75.5,CONFIRMED-LEAD,high,small_blob,"Real feature confirmed at the same pixels in the corresponding band variant(s) of one acquisition. Fetch the EDR original, geolocate on Trek, and check for an independent pass at a different lighting before writing a finding.",data/processed\ESP_013948_1410\ESP_013948_1410_MIRB.browse_enh.png,,0.390,,,,,,,
ESP_013948_1410_RED.browse_enh.png,1124,3872,28,36,0.63,1008,1.29,dark,3,2,2,0,False,1.0,0.819,48.58,no,0.7714,1.0807,0.8487,35.5,75.5,CONFIRMED-LEAD,high,small_blob,"Real feature confirmed at the same pixels in the corresponding band variant(s) of one acquisition. Fetch the EDR original, geolocate on Trek, and check for an independent pass at a different lighting before writing a finding.",data/processed\ESP_013948_1410\ESP_013948_1410_RED.browse_enh.png,,0.445,,,,,,,
ESP_013236_1410_MIRB.browse_enh.png,1172,4160,20,16,0.65,320,1.25,bright,3,2,2,0,False,0.962,1.0,44.42,no,0.7429,1.1457,0.8691,35.4,75.4,CONFIRMED-LEAD,high,small_blob,"Real feature confirmed at the same pixels in the corresponding band variant(s) of one acquisition. Fetch the EDR original, geolocate on Trek, and check for an independent pass at a different lighting before writing a finding.",data/processed\ESP_013236_1410\ESP_013236_1410_MIRB.browse_enh.png,,0.440,,,,,,,
ESP_013236_1410_MRGB.browse_enh.png,1172,4160,20,16,0.65,320,1.25,bright,3,2,2,0,False,0.962,1.0,44.42,no,0.7429,1.1457,0.8691,35.4,75.4,CONFIRMED-LEAD,high,small_blob,"Real feature confirmed at the same pixels in the corresponding band variant(s) of one acquisition. Fetch the EDR original, geolocate on Trek, and check for an independent pass at a different lighting before writing a finding.",data/processed\ESP_013236_1410\ESP_013236_1410_MRGB.browse_enh.png,,0.440,,,,,,,
ESP_013236_1410_RED.abrowse_enh.png,1964,9672,12,32,0.91,384,2.67,dark,3,2,2,0,False,1.0,0.914,26.43,no,0.8244,2.0377,0.7609,35.4,75.4,CONFIRMED-LEAD,high,small_blob,"Real feature confirmed at the same pixels in the corresponding band variant(s) of one acquisition. Fetch the EDR original, geolocate on Trek, and check for an independent pass at a different lighting before writing a finding.",data/processed\ESP_013236_1410\ESP_013236_1410_RED.abrowse_enh.png,,0.404,,,,,,,
ESP_013236_1410_MRGB.browse_enh.png,2636,9784,12,24,0.78,288,2.0,bright,3,2,2,0,False,0.969,1.0,57.56,no,0.8369,1.0078,0.8811,35.3,75.3,CONFIRMED-LEAD,high,small_blob,"Real feature confirmed at the same pixels in the corresponding band variant(s) of one acquisition. Fetch the EDR original, geolocate on Trek, and check for an independent pass at a different lighting before writing a finding.",data/processed\ESP_013236_1410\ESP_013236_1410_MRGB.browse_enh.png,,0.419,,,,,,,
ESP_013236_1410_RED.abrowse_enh.png,688,4512,36,20,1.17,720,1.8,dark,3,2,2,0,False,1.0,0.644,43.58,no,0.7181,1.0692,0.8295,39.3,75.3,CONFIRMED-LEAD,high,small_blob,"Real feature confirmed at the same pixels in the corresponding band variant(s) of one acquisition. Fetch the EDR original, geolocate on Trek, and check for an independent pass at a different lighting before writing a finding.",data/processed\ESP_013236_1410\ESP_013236_1410_RED.abrowse_enh.png,,0.393,,,,,,,
ESP_013948_1410_RED.browse_enh.png,1032,2064,20,24,0.62,480,1.2,dark,3,2,2,0,False,0.995,1.0,48.45,no,0.807,1.0315,0.8062,35.3,75.3,CONFIRMED-LEAD,high,small_blob,"Real feature confirmed at the same pixels in the corresponding band variant(s) of one acquisition. Fetch the EDR original, geolocate on Trek, and check for an independent pass at a different lighting before writing a finding.",data/processed\ESP_013948_1410\ESP_013948_1410_RED.browse_enh.png,,0.446,,,,,,,
ESP_013948_1410_RED.browse_enh.png,1588,4780,20,24,1.19,480,1.2,dark,2,1,2,0,False,1.0,1.0,40.46,no,0.8344,0.8227,0.8776,35.3,75.3,CONFIRMED-LEAD,high,small_blob,"Real feature confirmed at the same pixels in the corresponding band variant(s) of one acquisition. Fetch the EDR original, geolocate on Trek, and check for an independent pass at a different lighting before writing a finding.",data/processed\ESP_013948_1410\ESP_013948_1410_RED.browse_enh.png,,0.391,,,,,,,
ESP_013236_1410_MIRB.browse_enh.png,688,4316,36,20,1.16,720,1.8,dark,3,2,2,0,False,1.0,0.633,42.03,no,0.6959,1.0013,0.8271,39.2,75.2,CONFIRMED-LEAD,high,small_blob,"Real feature confirmed at the same pixels in the corresponding band variant(s) of one acquisition. Fetch the EDR original, geolocate on Trek, and check for an independent pass at a different lighting before writing a finding.",data/processed\ESP_013236_1410\ESP_013236_1410_MIRB.browse_enh.png,,0.394,,,,,,,
ESP_013236_1410_MRGB.browse_enh.png,688,4316,36,20,1.16,720,1.8,dark,3,2,2,0,False,1.0,0.633,42.03,no,0.6959,1.0013,0.8271,39.2,75.2,CONFIRMED-LEAD,high,small_blob,"Real feature confirmed at the same pixels in the corresponding band variant(s) of one acquisition. Fetch the EDR original, geolocate on Trek, and check for an independent pass at a different lighting before writing a finding.",data/processed\ESP_013236_1410\ESP_013236_1410_MRGB.browse_enh.png,,0.394,,,,,,,
ESP_013236_1410_RED.abrowse_enh.png,1432,3600,20,32,0.66,640,1.6,dark,3,2,2,0,False,0.992,1.0,56.96,no,0.801,1.2219,0.8636,35.1,75.1,CONFIRMED-LEAD,high,small_blob,"Real feature confirmed at the same pixels in the corresponding band variant(s) of one acquisition. Fetch the EDR original, geolocate on Trek, and check for an independent pass at a different lighting before writing a finding.",data/processed\ESP_013236_1410\ESP_013236_1410_RED.abrowse_enh.png,,0.438,,,,,,,
ESP_013236_1410_RED.browse_enh.png,1432,3404,20,32,0.66,640,1.6,dark,3,2,2,0,False,0.985,1.0,56.54,no,0.8034,1.2379,0.8509,35.1,75.1,CONFIRMED-LEAD,high,small_blob,"Real feature confirmed at the same pixels in the corresponding band variant(s) of one acquisition. Fetch the EDR original, geolocate on Trek, and check for an independent pass at a different lighting before writing a finding.",data/processed\ESP_013236_1410\ESP_013236_1410_RED.browse_enh.png,,0.438,,,,,,,
ESP_013948_1410_IRB.NOMAP.browse_enh.png,636,11432,16,20,3.24,320,1.25,dark,2,1,1,0,False,1.0,1.0,23.0,no,0.8111,1.377,0.9166,53.1,75.1,CONFIRMED-LEAD,high,small_blob,"Real feature confirmed at the same pixels in the corresponding band variant(s) of one acquisition. Fetch the EDR original, geolocate on Trek, and check for an independent pass at a different lighting before writing a finding.",data/processed\ESP_013948_1410\ESP_013948_1410_IRB.NOMAP.browse_enh.png,,0.090,,,,,,,
ESP_013948_1410_MIRB.abrowse_enh.png,1124,4824,16,28,0.7,448,1.75,dark,3,2,2,0,False,1.0,1.0,65.66,no,0.8295,0.872,0.7796,35.1,75.1,CONFIRMED-LEAD,high,small_blob,"Real feature confirmed at the same pixels in the corresponding band variant(s) of one acquisition. Fetch the EDR original, geolocate on Trek, and check for an independent pass at a different lighting before writing a finding.",data/processed\ESP_013948_1410\ESP_013948_1410_MIRB.abrowse_enh.png,,0.433,,,,,,,
ESP_013948_1410_MIRB.browse_enh.png,692,4900,16,32,0.74,512,2.0,dark,3,2,2,0,False,1.0,0.721,52.37,no,0.7763,1.2096,0.8039,35.1,75.1,CONFIRMED-LEAD,high,small_blob,"Real feature confirmed at the same pixels in the corresponding band variant(s) of one acquisition. Fetch the EDR original, geolocate on Trek, and check for an independent pass at a different lighting before writing a finding.",data/processed\ESP_013948_1410\ESP_013948_1410_MIRB.browse_enh.png,,0.426,,,,,,,
ESP_013948_1410_MRGB.abrowse_enh.png,1124,4824,16,28,0.7,448,1.75,dark,3,2,2,0,False,1.0,1.0,65.66,no,0.8295,0.872,0.7796,35.1,75.1,CONFIRMED-LEAD,high,small_blob,"Real feature confirmed at the same pixels in the corresponding band variant(s) of one acquisition. Fetch the EDR original, geolocate on Trek, and check for an independent pass at a different lighting before writing a finding.",data/processed\ESP_013948_1410\ESP_013948_1410_MRGB.abrowse_enh.png,,0.433,,,,,,,
ESP_013948_1410_MRGB.browse_enh.png,692,4900,16,32,0.74,512,2.0,dark,3,2,2,0,False,1.0,0.721,52.43,no,0.7766,1.2295,0.8036,35.1,75.1,CONFIRMED-LEAD,high,small_blob,"Real feature confirmed at the same pixels in the corresponding band variant(s) of one acquisition. Fetch the EDR original, geolocate on Trek, and check for an independent pass at a different lighting before writing a finding.",data/processed\ESP_013948_1410\ESP_013948_1410_MRGB.browse_enh.png,,0.426,,,,,,,
ESP_013236_1410_MIRB.abrowse_enh.png,548,4572,16,36,1.23,576,2.25,dark,3,2,2,0,False,1.0,0.638,45.43,no,0.7507,1.4286,0.7994,39.0,75.0,CONFIRMED-LEAD,high,small_blob,"Real feature confirmed at the same pixels in the corresponding band variant(s) of one acquisition. Fetch the EDR original, geolocate on Trek, and check for an independent pass at a different lighting before writing a finding.",data/processed\ESP_013236_1410\ESP_013236_1410_MIRB.abrowse_enh.png,,0.390,,,,,,,
ESP_013236_1410_MIRB.abrowse_enh.png,1640,7516,12,28,0.8,336,2.33,dark,3,2,2,0,False,0.995,0.85,42.91,no,0.816,2.0009,0.6404,35.0,75.0,CONFIRMED-LEAD,high,small_blob,"Real feature confirmed at the same pixels in the corresponding band variant(s) of one acquisition. Fetch the EDR original, geolocate on Trek, and check for an independent pass at a different lighting before writing a finding.",data/processed\ESP_013236_1410\ESP_013236_1410_MIRB.abrowse_enh.png,,0.416,,,,,,,
ESP_013236_1410_MRGB.abrowse_enh.png,548,4572,16,36,1.23,576,2.25,dark,3,2,2,0,False,1.0,0.638,45.43,no,0.7507,1.4286,0.7994,39.0,75.0,CONFIRMED-LEAD,high,small_blob,"Real feature confirmed at the same pixels in the corresponding band variant(s) of one acquisition. Fetch the EDR original, geolocate on Trek, and check for an independent pass at a different lighting before writing a finding.",data/processed\ESP_013236_1410\ESP_013236_1410_MRGB.abrowse_enh.png,,0.390,,,,,,,
ESP_013236_1410_MRGB.abrowse_enh.png,1640,7516,12,28,0.8,336,2.33,dark,3,2,2,0,False,0.995,0.85,42.91,no,0.816,2.0009,0.6404,35.0,75.0,CONFIRMED-LEAD,high,small_blob,"Real feature confirmed at the same pixels in the corresponding band variant(s) of one acquisition. Fetch the EDR original, geolocate on Trek, and check for an independent pass at a different lighting before writing a finding.",data/processed\ESP_013236_1410\ESP_013236_1410_MRGB.abrowse_enh.png,,0.416,,,,,,,
ESP_013236_1410_RED.abrowse_enh.png,1424,3492,24,28,1.02,672,1.17,dark,3,2,2,0,False,1.0,0.644,37.51,no,0.6539,1.343,0.7996,39.0,75.0,CONFIRMED-LEAD,high,small_blob,"Real feature confirmed at the same pixels in the corresponding band variant(s) of one acquisition. Fetch the EDR original, geolocate on Trek, and check for an independent pass at a different lighting before writing a finding.",data/processed\ESP_013236_1410\ESP_013236_1410_RED.abrowse_enh.png,,0.402,,,,,,,
ESP_013948_1410_MIRB.browse_enh.png,628,2104,16,24,0.65,384,1.5,bright,3,2,2,0,False,1.0,1.0,60.54,no,0.6561,0.7947,0.9035,35.0,75.0,CONFIRMED-LEAD,high,small_blob,"Real feature confirmed at the same pixels in the corresponding band variant(s) of one acquisition. Fetch the EDR original, geolocate on Trek, and check for an independent pass at a different lighting before writing a finding.",data/processed\ESP_013948_1410\ESP_013948_1410_MIRB.browse_enh.png,,0.440,,,,,,,
ESP_013948_1410_MRGB.browse_enh.png,628,2104,16,24,0.65,384,1.5,bright,3,2,2,0,False,1.0,1.0,60.55,no,0.656,0.7961,0.9051,35.0,75.0,CONFIRMED-LEAD,high,small_blob,"Real feature confirmed at the same pixels in the corresponding band variant(s) of one acquisition. Fetch the EDR original, geolocate on Trek, and check for an independent pass at a different lighting before writing a finding.",data/processed\ESP_013948_1410\ESP_013948_1410_MRGB.browse_enh.png,,0.440,,,,,,,
ESP_013948_1410_RED.abrowse_enh.png,792,2560,16,36,0.78,576,2.25,dark,3,2,2,0,False,1.0,1.0,41.98,no,0.743,1.1498,0.7004,35.0,75.0,CONFIRMED-LEAD,high,small_blob,"Real feature confirmed at the same pixels in the corresponding band variant(s) of one acquisition. Fetch the EDR original, geolocate on Trek, and check for an independent pass at a different lighting before writing a finding.",data/processed\ESP_013948_1410\ESP_013948_1410_RED.abrowse_enh.png,,0.419,,,,,,,
ESP_013236_1410_MIRB.abrowse_enh.png,804,4476,16,40,1.27,640,2.5,dark,3,2,2,0,False,1.0,0.638,43.92,no,0.7064,1.4516,0.7695,38.9,74.9,CONFIRMED-LEAD,high,small_blob,"Real feature confirmed at the same pixels in the corresponding band variant(s) of one acquisition. Fetch the EDR original, geolocate on Trek, and check for an independent pass at a different lighting before writing a finding.",data/processed\ESP_013236_1410\ESP_013236_1410_MIRB.abrowse_enh.png,,0.390,,,,,,,
ESP_013236_1410_MIRB.browse_enh.png,956,4212,16,36,0.77,576,2.25,dark,3,2,2,0,False,1.0,1.0,29.25,no,0.6547,1.5137,0.7431,34.9,74.9,CONFIRMED-LEAD,high,small_blob,"Real feature confirmed at the same pixels in the corresponding band variant(s) of one acquisition. Fetch the EDR original, geolocate on Trek, and check for an independent pass at a different lighting before writing a finding.",data/processed\ESP_013236_1410\ESP_013236_1410_MIRB.browse_enh.png,,0.420,,,,,,,
ESP_013236_1410_MRGB.abrowse_enh.png,804,4476,16,40,1.27,640,2.5,dark,3,2,2,0,False,1.0,0.638,43.92,no,0.7064,1.4516,0.7695,38.9,74.9,CONFIRMED-LEAD,high,small_blob,"Real feature confirmed at the same pixels in the corresponding band variant(s) of one acquisition. Fetch the EDR original, geolocate on Trek, and check for an independent pass at a different lighting before writing a finding.",data/processed\ESP_013236_1410\ESP_013236_1410_MRGB.abrowse_enh.png,,0.390,,,,,,,
ESP_013236_1410_MRGB.browse_enh.png,956,4212,16,36,0.77,576,2.25,dark,3,2,2,0,False,1.0,1.0,29.25,no,0.6547,1.5137,0.7431,34.9,74.9,CONFIRMED-LEAD,high,small_blob,"Real feature confirmed at the same pixels in the corresponding band variant(s) of one acquisition. Fetch the EDR original, geolocate on Trek, and check for an independent pass at a different lighting before writing a finding.",data/processed\ESP_013236_1410\ESP_013236_1410_MRGB.browse_enh.png,,0.420,,,,,,,
ESP_013236_1410_RED.abrowse_enh.png,1640,7516,12,28,0.79,336,2.33,dark,3,2,2,0,False,1.0,1.0,45.28,no,0.8392,1.6686,0.6467,34.9,74.9,CONFIRMED-LEAD,high,small_blob,"Real feature confirmed at the same pixels in the corresponding band variant(s) of one acquisition. Fetch the EDR original, geolocate on Trek, and check for an independent pass at a different lighting before writing a finding.",data/processed\ESP_013236_1410\ESP_013236_1410_RED.abrowse_enh.png,,0.417,,,,,,,
ESP_013236_1410_RED.browse_enh.png,956,4212,16,36,0.77,576,2.25,dark,3,2,2,0,False,1.0,1.0,30.34,no,0.6791,1.4114,0.7548,34.9,74.9,CONFIRMED-LEAD,high,small_blob,"Real feature confirmed at the same pixels in the corresponding band variant(s) of one acquisition. Fetch the EDR original, geolocate on Trek, and check for an independent pass at a different lighting before writing a finding.",data/processed\ESP_013236_1410\ESP_013236_1410_RED.browse_enh.png,,0.420,,,,,,,
ESP_013236_1410_RED.browse_enh.png,1640,7316,16,36,0.77,576,2.25,dark,3,2,2,0,False,0.999,0.811,43.95,no,0.8649,1.4561,0.614,34.9,74.9,CONFIRMED-LEAD,high,small_blob,"Real feature confirmed at the same pixels in the corresponding band variant(s) of one acquisition. Fetch the EDR original, geolocate on Trek, and check for an independent pass at a different lighting before writing a finding.",data/processed\ESP_013236_1410\ESP_013236_1410_RED.browse_enh.png,,0.420,,,,,,,
ESP_013236_1410_RED.abrowse_enh.png,956,4536,24,24,0.51,576,1.0,bright,3,2,2,0,False,1.0,1.0,49.46,no,0.7239,1.7902,0.535,34.8,74.8,CONFIRMED-LEAD,high,small_blob,"Real feature confirmed at the same pixels in the corresponding band variant(s) of one acquisition. Fetch the EDR original, geolocate on Trek, and check for an independent pass at a different lighting before writing a finding.",data/processed\ESP_013236_1410\ESP_013236_1410_RED.abrowse_enh.png,,0.469,,,,,,,
ESP_013236_1410_RED.browse_enh.png,1192,4116,16,28,0.67,448,1.75,bright,3,2,2,0,False,1.0,1.0,51.64,no,0.7375,0.8276,0.8318,34.8,74.8,CONFIRMED-LEAD,high,small_blob,"Real feature confirmed at the same pixels in the corresponding band variant(s) of one acquisition. Fetch the EDR original, geolocate on Trek, and check for an independent pass at a different lighting before writing a finding.",data/processed\ESP_013236_1410\ESP_013236_1410_RED.browse_enh.png,,0.438,,,,,,,
ESP_013236_1410_RGB.NOMAP.browse_enh.png,460,12160,16,20,3.21,320,1.25,dark,2,1,1,0,False,1.0,1.0,18.58,no,0.8237,1.1758,0.9328,52.8,74.8,CONFIRMED-LEAD,high,small_blob,"Real feature confirmed at the same pixels in the corresponding band variant(s) of one acquisition. Fetch the EDR original, geolocate on Trek, and check for an independent pass at a different lighting before writing a finding.",data/processed\ESP_013236_1410\ESP_013236_1410_RGB.NOMAP.browse_enh.png,,0.096,,,,,,,
ESP_013236_1410_RED.abrowse_enh.png,608,2036,20,24,0.55,480,1.2,bright,3,2,2,0,False,1.0,0.885,42.58,no,0.6867,1.0877,0.64,34.7,74.7,CONFIRMED-LEAD,high,small_blob,"Real feature confirmed at the same pixels in the corresponding band variant(s) of one acquisition. Fetch the EDR original, geolocate on Trek, and check for an independent pass at a different lighting before writing a finding.",data/processed\ESP_013236_1410\ESP_013236_1410_RED.abrowse_enh.png,,0.462,,,,,,,
ESP_013948_1410_MIRB.browse_enh.png,2808,9664,20,36,1.11,720,1.8,dark,3,2,2,0,False,1.0,0.537,32.02,no,0.681,1.3646,0.7814,38.7,74.7,CONFIRMED-LEAD,high,small_blob,"Real feature confirmed at the same pixels in the corresponding band variant(s) of one acquisition. Fetch the EDR original, geolocate on Trek, and check for an independent pass at a different lighting before writing a finding.",data/processed\ESP_013948_1410\ESP_013948_1410_MIRB.browse_enh.png,,0.397,,,,,,,
ESP_013236_1410_MIRB.browse_enh.png,2852,9372,16,28,1.21,448,1.75,dark,2,1,2,0,False,1.0,1.0,30.8,no,0.6687,1.2106,0.8279,34.6,74.6,CONFIRMED-LEAD,high,small_blob,"Real feature confirmed at the same pixels in the corresponding band variant(s) of one acquisition. Fetch the EDR original, geolocate on Trek, and check for an independent pass at a different lighting before writing a finding.",data/processed\ESP_013236_1410\ESP_013236_1410_MIRB.browse_enh.png,,0.390,,,,,,,
ESP_013236_1410_MRGB.browse_enh.png,2852,9372,16,28,1.21,448,1.75,dark,2,1,2,0,False,1.0,1.0,30.8,no,0.6687,1.2106,0.8279,34.6,74.6,CONFIRMED-LEAD,high,small_blob,"Real feature confirmed at the same pixels in the corresponding band variant(s) of one acquisition. Fetch the EDR original, geolocate on Trek, and check for an independent pass at a different lighting before writing a finding.",data/processed\ESP_013236_1410\ESP_013236_1410_MRGB.browse_enh.png,,0.390,,,,,,,
ESP_013236_1410_MIRB.browse_enh.png,604,1548,16,28,1.09,448,1.75,dark,3,2,2,0,False,1.0,0.65,42.87,no,0.6661,1.7642,0.8213,38.5,74.5,CONFIRMED-LEAD,high,small_blob,"Real feature confirmed at the same pixels in the corresponding band variant(s) of one acquisition. Fetch the EDR original, geolocate on Trek, and check for an independent pass at a different lighting before writing a finding.",data/processed\ESP_013236_1410\ESP_013236_1410_MIRB.browse_enh.png,,0.397,,,,,,,
ESP_013236_1410_MRGB.browse_enh.png,604,1548,16,28,1.09,448,1.75,dark,3,2,2,0,False,1.0,0.65,42.87,no,0.6661,1.7642,0.8213,38.5,74.5,CONFIRMED-LEAD,high,small_blob,"Real feature confirmed at the same pixels in the corresponding band variant(s) of one acquisition. Fetch the EDR original, geolocate on Trek, and check for an independent pass at a different lighting before writing a finding.",data/processed\ESP_013236_1410\ESP_013236_1410_MRGB.browse_enh.png,,0.397,,,,,,,
ESP_013948_1410_MIRB.abrowse_enh.png,3636,9036,16,24,1.04,384,1.5,dark,3,2,2,0,False,1.0,0.613,21.79,no,0.7459,1.4761,0.7959,38.5,74.5,CONFIRMED-LEAD,high,small_blob,"Real feature confirmed at the same pixels in the corresponding band variant(s) of one acquisition. Fetch the EDR original, geolocate on Trek, and check for an independent pass at a different lighting before writing a finding.",data/processed\ESP_013948_1410\ESP_013948_1410_MIRB.abrowse_enh.png,,0.401,,,,,,,
ESP_013948_1410_MRGB.abrowse_enh.png,3636,9036,16,24,1.04,384,1.5,dark,3,2,2,0,False,1.0,0.613,21.79,no,0.7459,1.4761,0.7959,38.5,74.5,CONFIRMED-LEAD,high,small_blob,"Real feature confirmed at the same pixels in the corresponding band variant(s) of one acquisition. Fetch the EDR original, geolocate on Trek, and check for an independent pass at a different lighting before writing a finding.",data/processed\ESP_013948_1410\ESP_013948_1410_MRGB.abrowse_enh.png,,0.401,,,,,,,
ESP_013236_1410_RED.browse_enh.png,604,1548,16,28,1.08,448,1.75,dark,3,2,2,0,False,1.0,0.589,44.74,no,0.6862,1.5411,0.8228,38.4,74.4,CONFIRMED-LEAD,high,small_blob,"Real feature confirmed at the same pixels in the corresponding band variant(s) of one acquisition. Fetch the EDR original, geolocate on Trek, and check for an independent pass at a different lighting before writing a finding.",data/processed\ESP_013236_1410\ESP_013236_1410_RED.browse_enh.png,,0.398,,,,,,,
ESP_013236_1410_RED.abrowse_enh.png,556,4512,16,32,1.11,512,2.0,dark,3,2,2,0,False,0.99,0.628,36.18,no,0.7164,1.8786,0.7282,38.3,74.3,CONFIRMED-LEAD,high,small_blob,"Real feature confirmed at the same pixels in the corresponding band variant(s) of one acquisition. Fetch the EDR original, geolocate on Trek, and check for an independent pass at a different lighting before writing a finding.",data/processed\ESP_013236_1410\ESP_013236_1410_RED.abrowse_enh.png,,0.397,,,,,,,
ESP_013948_1410_RED.browse_enh.png,2988,808,24,28,0.94,672,1.17,dark,3,2,2,0,False,1.0,0.603,47.98,no,0.8263,0.8793,0.7089,38.3,74.3,CONFIRMED-LEAD,high,small_blob,"Real feature confirmed at the same pixels in the corresponding band variant(s) of one acquisition. Fetch the EDR original, geolocate on Trek, and check for an independent pass at a different lighting before writing a finding.",data/processed\ESP_013948_1410\ESP_013948_1410_RED.browse_enh.png,,0.402,,,,,,,
ESP_013948_1410_MRGB.browse_enh.png,2976,808,36,28,0.48,1008,1.29,dark,3,2,2,0,False,1.0,0.819,42.35,no,0.8206,1.0509,0.6753,34.2,74.2,CONFIRMED-LEAD,high,small_blob,"Real feature confirmed at the same pixels in the corresponding band variant(s) of one acquisition. Fetch the EDR original, geolocate on Trek, and check for an independent pass at a different lighting before writing a finding.",data/processed\ESP_013948_1410\ESP_013948_1410_MRGB.browse_enh.png,,0.472,,,,,,,
ESP_013948_1410_RED.abrowse_enh.png,916,4976,24,24,0.45,576,1.0,bright,3,2,2,0,False,1.0,1.0,52.7,no,0.717,1.759,0.5294,34.2,74.2,CONFIRMED-LEAD,high,small_blob,"Real feature confirmed at the same pixels in the corresponding band variant(s) of one acquisition. Fetch the EDR original, geolocate on Trek, and check for an independent pass at a different lighting before writing a finding.",data/processed\ESP_013948_1410\ESP_013948_1410_RED.abrowse_enh.png,,0.477,,,,,,,
ESP_013236_1410_RED.browse_enh.png,556,4316,16,32,1.09,512,2.0,dark,3,2,2,0,False,0.998,0.628,36.86,no,0.7186,1.8934,0.725,38.1,74.1,CONFIRMED-LEAD,high,small_blob,"Real feature confirmed at the same pixels in the corresponding band variant(s) of one acquisition. Fetch the EDR original, geolocate on Trek, and check for an independent pass at a different lighting before writing a finding.",data/processed\ESP_013236_1410\ESP_013236_1410_RED.browse_enh.png,,0.397,,,,,,,
ESP_013948_1410_RED.browse_enh.png,916,4780,24,24,0.43,576,1.0,bright,3,2,2,0,False,1.0,1.0,53.38,no,0.7191,1.7027,0.5099,34.1,74.1,CONFIRMED-LEAD,high,small_blob,"Real feature confirmed at the same pixels in the corresponding band variant(s) of one acquisition. Fetch the EDR original, geolocate on Trek, and check for an independent pass at a different lighting before writing a finding.",data/processed\ESP_013948_1410\ESP_013948_1410_RED.browse_enh.png,,0.478,,,,,,,
ESP_013236_1410_MIRB.abrowse_enh.png,556,4512,16,32,1.07,512,2.0,dark,3,2,2,0,False,0.999,0.689,34.84,no,0.6967,1.9384,0.7306,38.0,74.0,CONFIRMED-LEAD,high,small_blob,"Real feature confirmed at the same pixels in the corresponding band variant(s) of one acquisition. Fetch the EDR original, geolocate on Trek, and check for an independent pass at a different lighting before writing a finding.",data/processed\ESP_013236_1410\ESP_013236_1410_MIRB.abrowse_enh.png,,0.399,,,,,,,
ESP_013236_1410_MIRB.browse_enh.png,680,4472,20,20,0.43,400,1.0,bright,3,2,2,0,False,1.0,1.0,63.0,no,0.6087,1.1512,0.5749,34.0,74.0,CONFIRMED-LEAD,high,small_blob,"Real feature confirmed at the same pixels in the corresponding band variant(s) of one acquisition. Fetch the EDR original, geolocate on Trek, and check for an independent pass at a different lighting before writing a finding.",data/processed\ESP_013236_1410\ESP_013236_1410_MIRB.browse_enh.png,,0.478,,,,,,,
ESP_013236_1410_MRGB.abrowse_enh.png,556,4512,16,32,1.07,512,2.0,dark,3,2,2,0,False,0.999,0.689,34.84,no,0.6967,1.9384,0.7306,38.0,74.0,CONFIRMED-LEAD,high,small_blob,"Real feature confirmed at the same pixels in the corresponding band variant(s) of one acquisition. Fetch the EDR original, geolocate on Trek, and check for an independent pass at a different lighting before writing a finding.",data/processed\ESP_013236_1410\ESP_013236_1410_MRGB.abrowse_enh.png,,0.399,,,,,,,
ESP_013236_1410_RED.thumb_enh.png,432,2260,28,28,0.41,784,1.0,bright,3,2,2,0,False,1.0,1.0,54.64,no,0.8548,0.9478,0.6668,34.0,74.0,CONFIRMED-LEAD,high,small_blob,"Real feature confirmed at the same pixels in the corresponding band variant(s) of one acquisition. Fetch the EDR original, geolocate on Trek, and check for an independent pass at a different lighting before writing a finding.",data/processed\ESP_013236_1410\ESP_013236_1410_RED.thumb_enh.png,,0.482,,,,,,,
ESP_013948_1410_MIRB.browse_enh.png,916,4780,24,24,0.42,576,1.0,bright,3,2,2,0,False,1.0,1.0,49.39,no,0.7162,1.8222,0.5064,34.0,74.0,CONFIRMED-LEAD,high,small_blob,"Real feature confirmed at the same pixels in the corresponding band variant(s) of one acquisition. Fetch the EDR original, geolocate on Trek, and check for an independent pass at a different lighting before writing a finding.",data/processed\ESP_013948_1410\ESP_013948_1410_MIRB.browse_enh.png,,0.480,,,,,,,
ESP_013948_1410_RED.browse_enh.png,1656,8224,16,28,0.58,448,1.75,bright,3,2,2,0,False,1.0,1.0,35.84,no,0.7154,1.2275,0.6292,34.0,74.0,CONFIRMED-LEAD,high,small_blob,"Real feature confirmed at the same pixels in the corresponding band variant(s) of one acquisition. Fetch the EDR original, geolocate on Trek, and check for an independent pass at a different lighting before writing a finding.",data/processed\ESP_013948_1410\ESP_013948_1410_RED.browse_enh.png,,0.456,,,,,,,
ESP_013236_1410_MIRB.browse_enh.png,816,4496,24,16,0.52,384,1.5,bright,3,2,2,0,False,0.978,1.0,66.24,no,0.8161,0.8709,0.6981,33.9,73.9,CONFIRMED-LEAD,high,small_blob,"Real feature confirmed at the same pixels in the corresponding band variant(s) of one acquisition. Fetch the EDR original, geolocate on Trek, and check for an independent pass at a different lighting before writing a finding.",data/processed\ESP_013236_1410\ESP_013236_1410_MIRB.browse_enh.png,,0.467,,,,,,,
ESP_013236_1410_MRGB.browse_enh.png,816,4496,24,16,0.52,384,1.5,bright,3,2,2,0,False,0.978,1.0,66.24,no,0.8161,0.8709,0.6981,33.9,73.9,CONFIRMED-LEAD,high,small_blob,"Real feature confirmed at the same pixels in the corresponding band variant(s) of one acquisition. Fetch the EDR original, geolocate on Trek, and check for an independent pass at a different lighting before writing a finding.",data/processed\ESP_013236_1410\ESP_013236_1410_MRGB.browse_enh.png,,0.467,,,,,,,
ESP_013236_1410_RED.abrowse_enh.png,1060,1744,20,28,0.49,560,1.4,dark,3,2,2,0,False,1.0,1.0,53.19,no,0.8288,1.0386,0.7478,33.9,73.9,CONFIRMED-LEAD,high,small_blob,"Real feature confirmed at the same pixels in the corresponding band variant(s) of one acquisition. Fetch the EDR original, geolocate on Trek, and check for an independent pass at a different lighting before writing a finding.",data/processed\ESP_013236_1410\ESP_013236_1410_RED.abrowse_enh.png,,0.471,,,,,,,
ESP_013948_1410_MIRB.browse_enh.png,2664,488,28,20,0.49,560,1.4,dark,3,2,2,0,False,1.0,0.957,31.19,no,0.6963,1.2856,0.9229,33.9,73.9,CONFIRMED-LEAD,high,small_blob,"Real feature confirmed at the same pixels in the corresponding band variant(s) of one acquisition. Fetch the EDR original, geolocate on Trek, and check for an independent pass at a different lighting before writing a finding.",data/processed\ESP_013948_1410\ESP_013948_1410_MIRB.browse_enh.png,,0.471,,,,,,,
ESP_013948_1410_MRGB.browse_enh.png,2664,488,28,20,0.49,560,1.4,dark,3,2,2,0,False,1.0,0.957,31.32,no,0.6977,1.2931,0.922,33.9,73.9,CONFIRMED-LEAD,high,small_blob,"Real feature confirmed at the same pixels in the corresponding band variant(s) of one acquisition. Fetch the EDR original, geolocate on Trek, and check for an independent pass at a different lighting before writing a finding.",data/processed\ESP_013948_1410\ESP_013948_1410_MRGB.browse_enh.png,,0.471,,,,,,,
ESP_013948_1410_MRGB.browse_enh.png,916,4780,24,24,0.41,576,1.0,bright,3,2,2,0,False,1.0,1.0,49.43,no,0.717,1.8202,0.504,33.9,73.9,CONFIRMED-LEAD,high,small_blob,"Real feature confirmed at the same pixels in the corresponding band variant(s) of one acquisition. Fetch the EDR original, geolocate on Trek, and check for an independent pass at a different lighting before writing a finding.",data/processed\ESP_013948_1410\ESP_013948_1410_MRGB.browse_enh.png,,0.482,,,,,,,
ESP_013236_1410_RED.abrowse_enh.png,492,4680,20,28,0.93,560,1.4,dark,3,2,2,0,False,1.0,0.63,52.64,no,0.6657,1.2537,0.6506,37.8,73.8,CONFIRMED-LEAD,high,small_blob,"Real feature confirmed at the same pixels in the corresponding band variant(s) of one acquisition. Fetch the EDR original, geolocate on Trek, and check for an independent pass at a different lighting before writing a finding.",data/processed\ESP_013236_1410\ESP_013236_1410_RED.abrowse_enh.png,,0.402,,,,,,,
ESP_013236_1410_RED.abrowse_enh.png,800,4720,24,20,0.44,480,1.2,bright,3,2,2,0,False,0.994,1.0,59.38,no,0.7205,1.4902,0.5295,33.8,73.8,CONFIRMED-LEAD,high,small_blob,"Real feature confirmed at the same pixels in the corresponding band variant(s) of one acquisition. Fetch the EDR original, geolocate on Trek, and check for an independent pass at a different lighting before writing a finding.",data/processed\ESP_013236_1410\ESP_013236_1410_RED.abrowse_enh.png,,0.478,,,,,,,
ESP_013236_1410_RED.browse_enh.png,1132,3480,20,52,1.14,1040,2.6,dark,3,2,2,0,False,1.0,0.534,34.81,no,0.7353,1.1195,0.8069,37.8,73.8,CONFIRMED-LEAD,high,small_blob,"Real feature confirmed at the same pixels in the corresponding band variant(s) of one acquisition. Fetch the EDR original, geolocate on Trek, and check for an independent pass at a different lighting before writing a finding.",data/processed\ESP_013236_1410\ESP_013236_1410_RED.browse_enh.png,,0.395,,,,,,,
ESP_013236_1410_RED.browse_enh.png,1412,3564,20,24,0.45,480,1.2,dark,3,2,2,0,False,0.977,1.0,63.42,no,0.7798,1.2001,0.6486,33.8,73.8,CONFIRMED-LEAD,high,small_blob,"Real feature confirmed at the same pixels in the corresponding band variant(s) of one acquisition. Fetch the EDR original, geolocate on Trek, and check for an independent pass at a different lighting before writing a finding.",data/processed\ESP_013236_1410\ESP_013236_1410_RED.browse_enh.png,,0.477,,,,,,,
ESP_013236_1410_MIRB.abrowse_enh.png,800,4720,24,20,0.43,480,1.2,bright,3,2,2,0,False,1.0,1.0,56.25,no,0.7187,1.4768,0.5437,33.7,73.7,CONFIRMED-LEAD,high,small_blob,"Real feature confirmed at the same pixels in the corresponding band variant(s) of one acquisition. Fetch the EDR original, geolocate on Trek, and check for an independent pass at a different lighting before writing a finding.",data/processed\ESP_013236_1410\ESP_013236_1410_MIRB.abrowse_enh.png,,0.478,,,,,,,
ESP_013236_1410_MIRB.browse_enh.png,1056,1548,28,28,0.38,784,1.0,dark,3,2,2,0,False,1.0,0.922,47.45,no,0.8316,1.178,0.5439,33.7,73.7,CONFIRMED-LEAD,high,small_blob,"Real feature confirmed at the same pixels in the corresponding band variant(s) of one acquisition. Fetch the EDR original, geolocate on Trek, and check for an independent pass at a different lighting before writing a finding.",data/processed\ESP_013236_1410\ESP_013236_1410_MIRB.browse_enh.png,,0.486,,,,,,,
ESP_013236_1410_MRGB.abrowse_enh.png,800,4720,24,20,0.43,480,1.2,bright,3,2,2,0,False,1.0,1.0,56.25,no,0.7187,1.4768,0.5437,33.7,73.7,CONFIRMED-LEAD,high,small_blob,"Real feature confirmed at the same pixels in the corresponding band variant(s) of one acquisition. Fetch the EDR original, geolocate on Trek, and check for an independent pass at a different lighting before writing a finding.",data/processed\ESP_013236_1410\ESP_013236_1410_MRGB.abrowse_enh.png,,0.478,,,,,,,
ESP_013236_1410_MRGB.browse_enh.png,1056,1548,28,28,0.38,784,1.0,dark,3,2,2,0,False,1.0,0.922,47.45,no,0.8316,1.178,0.5439,33.7,73.7,CONFIRMED-LEAD,high,small_blob,"Real feature confirmed at the same pixels in the corresponding band variant(s) of one acquisition. Fetch the EDR original, geolocate on Trek, and check for an independent pass at a different lighting before writing a finding.",data/processed\ESP_013236_1410\ESP_013236_1410_MRGB.browse_enh.png,,0.486,,,,,,,
ESP_013236_1410_RED.browse_enh.png,800,4524,24,20,0.43,480,1.2,bright,3,2,2,0,False,0.987,1.0,59.99,no,0.7277,1.4564,0.5259,33.7,73.7,CONFIRMED-LEAD,high,small_blob,"Real feature confirmed at the same pixels in the corresponding band variant(s) of one acquisition. Fetch the EDR original, geolocate on Trek, and check for an independent pass at a different lighting before writing a finding.",data/processed\ESP_013236_1410\ESP_013236_1410_RED.browse_enh.png,,0.478,,,,,,,
ESP_013236_1410_MIRB.browse_enh.png,800,4524,24,20,0.42,480,1.2,bright,3,2,2,0,False,1.0,1.0,56.98,no,0.7252,1.5245,0.5261,33.6,73.6,CONFIRMED-LEAD,high,small_blob,"Real feature confirmed at the same pixels in the corresponding band variant(s) of one acquisition. Fetch the EDR original, geolocate on Trek, and check for an independent pass at a different lighting before writing a finding.",data/processed\ESP_013236_1410\ESP_013236_1410_MIRB.browse_enh.png,,0.480,,,,,,,
ESP_013236_1410_MRGB.browse_enh.png,800,4524,24,20,0.42,480,1.2,bright,3,2,2,0,False,1.0,1.0,56.98,no,0.7252,1.5245,0.5261,33.6,73.6,CONFIRMED-LEAD,high,small_blob,"Real feature confirmed at the same pixels in the corresponding band variant(s) of one acquisition. Fetch the EDR original, geolocate on Trek, and check for an independent pass at a different lighting before writing a finding.",data/processed\ESP_013236_1410\ESP_013236_1410_MRGB.browse_enh.png,,0.480,,,,,,,
ESP_013236_1410_RED.browse_enh.png,1056,1548,28,28,0.37,784,1.0,dark,3,2,2,0,False,1.0,1.0,49.83,no,0.8371,1.0261,0.5442,33.6,73.6,CONFIRMED-LEAD,high,small_blob,"Real feature confirmed at the same pixels in the corresponding band variant(s) of one acquisition. Fetch the EDR original, geolocate on Trek, and check for an independent pass at a different lighting before writing a finding.",data/processed\ESP_013236_1410\ESP_013236_1410_RED.browse_enh.png,,0.488,,,,,,,
ESP_013236_1410_RED.browse_enh.png,812,4488,28,24,0.41,672,1.17,bright,3,2,2,0,False,1.0,1.0,70.98,no,0.7993,0.729,0.6289,33.6,73.6,CONFIRMED-LEAD,high,small_blob,"Real feature confirmed at the same pixels in the corresponding band variant(s) of one acquisition. Fetch the EDR original, geolocate on Trek, and check for an independent pass at a different lighting before writing a finding.",data/processed\ESP_013236_1410\ESP_013236_1410_RED.browse_enh.png,,0.482,,,,,,,
ESP_013948_1410_MIRB.abrowse_enh.png,692,5096,16,24,0.94,384,1.5,dark,3,2,2,0,False,1.0,0.588,54.16,no,0.7487,1.2069,0.7621,37.6,73.6,CONFIRMED-LEAD,high,small_blob,"Real feature confirmed at the same pixels in the corresponding band variant(s) of one acquisition. Fetch the EDR original, geolocate on Trek, and check for an independent pass at a different lighting before writing a finding.",data/processed\ESP_013948_1410\ESP_013948_1410_MIRB.abrowse_enh.png,,0.402,,,,,,,
ESP_013948_1410_MIRB.browse_enh.png,1128,3872,24,36,0.91,864,1.5,dark,3,2,2,0,False,1.0,0.647,44.11,no,0.7908,1.1235,0.9205,37.6,73.6,CONFIRMED-LEAD,high,small_blob,"Real feature confirmed at the same pixels in the corresponding band variant(s) of one acquisition. Fetch the EDR original, geolocate on Trek, and check for an independent pass at a different lighting before writing a finding.",data/processed\ESP_013948_1410\ESP_013948_1410_MIRB.browse_enh.png,,0.404,,,,,,,
ESP_013948_1410_MRGB.abrowse_enh.png,692,5096,16,24,0.94,384,1.5,dark,3,2,2,0,False,1.0,0.588,54.16,no,0.7487,1.2069,0.7621,37.6,73.6,CONFIRMED-LEAD,high,small_blob,"Real feature confirmed at the same pixels in the corresponding band variant(s) of one acquisition. Fetch the EDR original, geolocate on Trek, and check for an independent pass at a different lighting before writing a finding.",data/processed\ESP_013948_1410\ESP_013948_1410_MRGB.abrowse_enh.png,,0.402,,,,,,,
ESP_013948_1410_MRGB.browse_enh.png,1128,3872,24,36,0.92,864,1.5,dark,3,2,2,0,False,1.0,0.584,44.01,no,0.7905,1.1402,0.9197,37.6,73.6,CONFIRMED-LEAD,high,small_blob,"Real feature confirmed at the same pixels in the corresponding band variant(s) of one acquisition. Fetch the EDR original, geolocate on Trek, and check for an independent pass at a different lighting before writing a finding.",data/processed\ESP_013948_1410\ESP_013948_1410_MRGB.browse_enh.png,,0.403,,,,,,,
ESP_013948_1410_RED.abrowse_enh.png,1128,4068,24,36,0.91,864,1.5,dark,3,2,2,0,False,1.0,0.589,47.25,no,0.8022,1.1249,0.9128,37.6,73.6,CONFIRMED-LEAD,high,small_blob,"Real feature confirmed at the same pixels in the corresponding band variant(s) of one acquisition. Fetch the EDR original, geolocate on Trek, and check for an independent pass at a different lighting before writing a finding.",data/processed\ESP_013948_1410\ESP_013948_1410_RED.abrowse_enh.png,,0.404,,,,,,,
ESP_013236_1410_RED.abrowse_enh.png,1380,6064,12,32,1.84,384,2.67,dark,2,0,2,0,False,1.0,1.0,24.79,no,0.7474,1.7906,0.8907,33.5,73.5,CONFIRMED-LEAD,high,small_blob,"Real feature confirmed at the same pixels in the corresponding band variant(s) of one acquisition. Fetch the EDR original, geolocate on Trek, and check for an independent pass at a different lighting before writing a finding.",data/processed\ESP_013236_1410\ESP_013236_1410_RED.abrowse_enh.png,,0.376,,,,,,,
ESP_013236_1410_RED.browse_enh.png,952,4340,28,28,0.36,784,1.0,bright,3,2,2,0,False,1.0,1.0,52.14,no,0.6682,1.6327,0.4916,33.5,73.5,CONFIRMED-LEAD,high,small_blob,"Real feature confirmed at the same pixels in the corresponding band variant(s) of one acquisition. Fetch the EDR original, geolocate on Trek, and check for an independent pass at a different lighting before writing a finding.",data/processed\ESP_013236_1410\ESP_013236_1410_RED.browse_enh.png,,0.489,,,,,,,
ESP_013948_1410_MIRB.abrowse_enh.png,1084,4896,16,36,0.6,576,2.25,bright,3,2,2,0,False,1.0,1.0,64.49,no,0.8408,1.0686,0.8429,33.5,73.5,CONFIRMED-LEAD,high,small_blob,"Real feature confirmed at the same pixels in the corresponding band variant(s) of one acquisition. Fetch the EDR original, geolocate on Trek, and check for an independent pass at a different lighting before writing a finding.",data/processed\ESP_013948_1410\ESP_013948_1410_MIRB.abrowse_enh.png,,0.451,,,,,,,
ESP_013948_1410_MIRB.browse_enh.png,644,5076,16,20,0.43,320,1.25,dark,3,2,2,0,False,1.0,1.0,58.85,no,0.7974,1.4926,0.8797,33.5,73.5,CONFIRMED-LEAD,high,small_blob,"Real feature confirmed at the same pixels in the corresponding band variant(s) of one acquisition. Fetch the EDR original, geolocate on Trek, and check for an independent pass at a different lighting before writing a finding.",data/processed\ESP_013948_1410\ESP_013948_1410_MIRB.browse_enh.png,,0.478,,,,,,,
ESP_013948_1410_MRGB.abrowse_enh.png,1084,4896,16,36,0.6,576,2.25,bright,3,2,2,0,False,1.0,1.0,64.48,no,0.8407,1.0687,0.8429,33.5,73.5,CONFIRMED-LEAD,high,small_blob,"Real feature confirmed at the same pixels in the corresponding band variant(s) of one acquisition. Fetch the EDR original, geolocate on Trek, and check for an independent pass at a different lighting before writing a finding.",data/processed\ESP_013948_1410\ESP_013948_1410_MRGB.abrowse_enh.png,,0.451,,,,,,,
ESP_013948_1410_MRGB.browse_enh.png,644,5076,16,20,0.43,320,1.25,dark,3,2,2,0,False,1.0,1.0,59.03,no,0.7984,1.488,0.8799,33.5,73.5,CONFIRMED-LEAD,high,small_blob,"Real feature confirmed at the same pixels in the corresponding band variant(s) of one acquisition. Fetch the EDR original, geolocate on Trek, and check for an independent pass at a different lighting before writing a finding.",data/processed\ESP_013948_1410\ESP_013948_1410_MRGB.browse_enh.png,,0.478,,,,,,,
ESP_013948_1410_RED.abrowse_enh.png,3660,7080,16,28,0.52,448,1.75,bright,3,2,2,0,False,1.0,1.0,63.7,no,0.7977,1.1798,0.8858,33.5,73.5,CONFIRMED-LEAD,high,small_blob,"Real feature confirmed at the same pixels in the corresponding band variant(s) of one acquisition. Fetch the EDR original, geolocate on Trek, and check for an independent pass at a different lighting before writing a finding.",data/processed\ESP_013948_1410\ESP_013948_1410_RED.abrowse_enh.png,,0.467,,,,,,,
ESP_013236_1410_MIRB.abrowse_enh.png,1344,4012,24,24,0.36,576,1.0,bright,3,2,2,0,False,1.0,0.825,75.29,no,0.8136,0.9887,0.5371,33.4,73.4,CONFIRMED-LEAD,high,small_blob,"Real feature confirmed at the same pixels in the corresponding band variant(s) of one acquisition. Fetch the EDR original, geolocate on Trek, and check for an independent pass at a different lighting before writing a finding.",data/processed\ESP_013236_1410\ESP_013236_1410_MIRB.abrowse_enh.png,,0.489,,,,,,,
ESP_013236_1410_MIRB.browse_enh.png,952,4340,28,28,0.34,784,1.0,bright,3,2,2,0,False,1.0,1.0,49.55,no,0.6732,1.6511,0.4782,33.4,73.4,CONFIRMED-LEAD,high,small_blob,"Real feature confirmed at the same pixels in the corresponding band variant(s) of one acquisition. Fetch the EDR original, geolocate on Trek, and check for an independent pass at a different lighting before writing a finding.",data/processed\ESP_013236_1410\ESP_013236_1410_MIRB.browse_enh.png,,0.490,,,,,,,
ESP_013236_1410_MRGB.abrowse_enh.png,1344,4012,24,24,0.36,576,1.0,bright,3,2,2,0,False,1.0,0.825,75.29,no,0.8136,0.9887,0.5371,33.4,73.4,CONFIRMED-LEAD,high,small_blob,"Real feature confirmed at the same pixels in the corresponding band variant(s) of one acquisition. Fetch the EDR original, geolocate on Trek, and check for an independent pass at a different lighting before writing a finding.",data/processed\ESP_013236_1410\ESP_013236_1410_MRGB.abrowse_enh.png,,0.489,,,,,,,
ESP_013236_1410_MRGB.browse_enh.png,952,4340,28,28,0.34,784,1.0,bright,3,2,2,0,False,1.0,1.0,49.55,no,0.6732,1.6511,0.4782,33.4,73.4,CONFIRMED-LEAD,high,small_blob,"Real feature confirmed at the same pixels in the corresponding band variant(s) of one acquisition. Fetch the EDR original, geolocate on Trek, and check for an independent pass at a different lighting before writing a finding.",data/processed\ESP_013236_1410\ESP_013236_1410_MRGB.browse_enh.png,,0.490,,,,,,,
ESP_013236_1410_RED.abrowse_enh.png,1344,4012,24,24,0.36,576,1.0,bright,3,2,2,0,False,1.0,0.873,79.28,no,0.8273,0.9637,0.5551,33.4,73.4,CONFIRMED-LEAD,high,small_blob,"Real feature confirmed at the same pixels in the corresponding band variant(s) of one acquisition. Fetch the EDR original, geolocate on Trek, and check for an independent pass at a different lighting before writing a finding.",data/processed\ESP_013236_1410\ESP_013236_1410_RED.abrowse_enh.png,,0.489,,,,,,,
ESP_013948_1410_MIRB.browse_enh.png,648,2340,16,28,0.51,448,1.75,bright,3,2,2,0,False,1.0,1.0,42.58,no,0.7356,1.0484,0.4909,33.4,73.4,CONFIRMED-LEAD,high,small_blob,"Real feature confirmed at the same pixels in the corresponding band variant(s) of one acquisition. Fetch the EDR original, geolocate on Trek, and check for an independent pass at a different lighting before writing a finding.",data/processed\ESP_013948_1410\ESP_013948_1410_MIRB.browse_enh.png,,0.469,,,,,,,
ESP_013948_1410_MRGB.browse_enh.png,648,2340,16,28,0.51,448,1.75,bright,3,2,2,0,False,1.0,1.0,42.63,no,0.737,1.0477,0.4901,33.4,73.4,CONFIRMED-LEAD,high,small_blob,"Real feature confirmed at the same pixels in the corresponding band variant(s) of one acquisition. Fetch the EDR original, geolocate on Trek, and check for an independent pass at a different lighting before writing a finding.",data/processed\ESP_013948_1410\ESP_013948_1410_MRGB.browse_enh.png,,0.469,,,,,,,
ESP_013236_1410_RED.browse_enh.png,1152,4192,20,36,0.93,720,1.8,bright,3,2,2,0,False,1.0,0.533,63.1,no,0.8557,0.6772,0.8153,37.2,73.2,CONFIRMED-LEAD,high,small_blob,"Real feature confirmed at the same pixels in the corresponding band variant(s) of one acquisition. Fetch the EDR original, geolocate on Trek, and check for an independent pass at a different lighting before writing a finding.",data/processed\ESP_013236_1410\ESP_013236_1410_RED.browse_enh.png,,0.402,,,,,,,
ESP_013236_1410_RED.browse_enh.png,2620,9780,28,20,0.41,560,1.4,bright,3,2,2,0,False,1.0,1.0,51.7,no,0.8403,0.9796,0.7698,33.2,73.2,CONFIRMED-LEAD,high,small_blob,"Real feature confirmed at the same pixels in the corresponding band variant(s) of one acquisition. Fetch the EDR original, geolocate on Trek, and check for an independent pass at a different lighting before writing a finding.",data/processed\ESP_013236_1410\ESP_013236_1410_RED.browse_enh.png,,0.482,,,,,,,
ESP_013948_1410_MRGB.browse_enh.png,1580,7860,16,20,0.4,320,1.25,bright,3,2,2,0,False,1.0,0.807,38.5,no,0.7166,1.5775,0.8857,33.2,73.2,CONFIRMED-LEAD,high,small_blob,"Real feature confirmed at the same pixels in the corresponding band variant(s) of one acquisition. Fetch the EDR original, geolocate on Trek, and check for an independent pass at a different lighting before writing a finding.",data/processed\ESP_013948_1410\ESP_013948_1410_MRGB.browse_enh.png,,0.484,,,,,,,
ESP_013236_1410_MIRB.browse_enh.png,828,4208,24,24,0.32,576,1.0,bright,3,2,2,0,False,1.0,1.0,44.08,no,0.6971,1.1604,0.3906,33.1,73.1,CONFIRMED-LEAD,high,small_blob,"Real feature confirmed at the same pixels in the corresponding band variant(s) of one acquisition. Fetch the EDR original, geolocate on Trek, and check for an independent pass at a different lighting before writing a finding.",data/processed\ESP_013236_1410\ESP_013236_1410_MIRB.browse_enh.png,,0.493,,,,,,,
ESP_013236_1410_MRGB.browse_enh.png,828,4208,24,24,0.32,576,1.0,bright,3,2,2,0,False,1.0,1.0,44.08,no,0.6971,1.1604,0.3906,33.1,73.1,CONFIRMED-LEAD,high,small_blob,"Real feature confirmed at the same pixels in the corresponding band variant(s) of one acquisition. Fetch the EDR original, geolocate on Trek, and check for an independent pass at a different lighting before writing a finding.",data/processed\ESP_013236_1410\ESP_013236_1410_MRGB.browse_enh.png,,0.493,,,,,,,
ESP_013236_1410_RED.browse_enh.png,1196,4292,20,32,0.89,640,1.6,bright,3,2,2,0,False,1.0,0.54,44.62,no,0.6836,1.3059,0.7806,37.1,73.1,CONFIRMED-LEAD,high,small_blob,"Real feature confirmed at the same pixels in the corresponding band variant(s) of one acquisition. Fetch the EDR original, geolocate on Trek, and check for an independent pass at a different lighting before writing a finding.",data/processed\ESP_013236_1410\ESP_013236_1410_RED.browse_enh.png,,0.405,,,,,,,
ESP_013948_1410_MIRB.abrowse_enh.png,1872,9760,16,28,0.47,448,1.75,dark,3,2,2,0,False,0.966,1.0,52.46,no,0.8022,1.2669,0.647,33.1,73.1,CONFIRMED-LEAD,high,small_blob,"Real feature confirmed at the same pixels in the corresponding band variant(s) of one acquisition. Fetch the EDR original, geolocate on Trek, and check for an independent pass at a different lighting before writing a finding.",data/processed\ESP_013948_1410\ESP_013948_1410_MIRB.abrowse_enh.png,,0.473,,,,,,,
ESP_013948_1410_MIRB.browse_enh.png,1288,4320,12,32,0.65,384,2.67,dark,3,2,2,0,False,0.976,1.0,73.83,no,0.8188,1.0236,0.8596,33.1,73.1,CONFIRMED-LEAD,high,small_blob,"Real feature confirmed at the same pixels in the corresponding band variant(s) of one acquisition. Fetch the EDR original, geolocate on Trek, and check for an independent pass at a different lighting before writing a finding.",data/processed\ESP_013948_1410\ESP_013948_1410_MIRB.browse_enh.png,,0.440,,,,,,,
ESP_013948_1410_MIRB.browse_enh.png,1652,8224,20,28,0.4,560,1.4,bright,3,2,2,0,False,1.0,0.807,35.36,no,0.7214,1.2711,0.6054,33.1,73.1,CONFIRMED-LEAD,high,small_blob,"Real feature confirmed at the same pixels in the corresponding band variant(s) of one acquisition. Fetch the EDR original, geolocate on Trek, and check for an independent pass at a different lighting before writing a finding.",data/processed\ESP_013948_1410\ESP_013948_1410_MIRB.browse_enh.png,,0.484,,,,,,,
ESP_013948_1410_MRGB.abrowse_enh.png,1872,9760,16,28,0.47,448,1.75,dark,3,2,2,0,False,0.966,1.0,52.47,no,0.8022,1.2668,0.6471,33.1,73.1,CONFIRMED-LEAD,high,small_blob,"Real feature confirmed at the same pixels in the corresponding band variant(s) of one acquisition. Fetch the EDR original, geolocate on Trek, and check for an independent pass at a different lighting before writing a finding.",data/processed\ESP_013948_1410\ESP_013948_1410_MRGB.abrowse_enh.png,,0.473,,,,,,,
ESP_013948_1410_MRGB.browse_enh.png,1288,4320,12,32,0.65,384,2.67,dark,3,2,2,0,False,0.975,1.0,73.68,no,0.8182,1.0142,0.8584,33.1,73.1,CONFIRMED-LEAD,high,small_blob,"Real feature confirmed at the same pixels in the corresponding band variant(s) of one acquisition. Fetch the EDR original, geolocate on Trek, and check for an independent pass at a different lighting before writing a finding.",data/processed\ESP_013948_1410\ESP_013948_1410_MRGB.browse_enh.png,,0.440,,,,,,,
ESP_013948_1410_MRGB.browse_enh.png,1652,8224,20,28,0.4,560,1.4,bright,3,2,2,0,False,1.0,0.781,35.46,no,0.7212,1.2539,0.6052,33.1,73.1,CONFIRMED-LEAD,high,small_blob,"Real feature confirmed at the same pixels in the corresponding band variant(s) of one acquisition. Fetch the EDR original, geolocate on Trek, and check for an independent pass at a different lighting before writing a finding.",data/processed\ESP_013948_1410\ESP_013948_1410_MRGB.browse_enh.png,,0.484,,,,,,,
ESP_013948_1410_RED.abrowse_enh.png,1288,4516,12,32,0.65,384,2.67,dark,3,2,2,0,False,0.979,1.0,80.77,no,0.8214,1.007,0.8476,33.1,73.1,CONFIRMED-LEAD,high,small_blob,"Real feature confirmed at the same pixels in the corresponding band variant(s) of one acquisition. Fetch the EDR original, geolocate on Trek, and check for an independent pass at a different lighting before writing a finding.",data/processed\ESP_013948_1410\ESP_013948_1410_RED.abrowse_enh.png,,0.440,,,,,,,
ESP_013948_1410_RED.browse_enh.png,1852,4968,12,36,2.43,432,3.0,dark,3,2,0,2,False,1.0,1.0,31.54,no,0.8436,0.9176,0.9329,63.1,73.1,PROMISING,medium,,Strong single-image signal but not confirmed across band variants. Compare against the original product and look for the feature in a same-footprint sibling or an independent acquisition.,data/processed\ESP_013948_1410\ESP_013948_1410_RED.browse_enh.png,,0.370,,,,,,,
ESP_013948_1410_RED.browse_enh.png,2796,9664,32,36,0.31,1152,1.12,dark,3,2,2,0,False,1.0,0.873,32.48,no,0.6941,1.2117,0.6327,33.1,73.1,CONFIRMED-LEAD,high,small_blob,"Real feature confirmed at the same pixels in the corresponding band variant(s) of one acquisition. Fetch the EDR original, geolocate on Trek, and check for an independent pass at a different lighting before writing a finding.",data/processed\ESP_013948_1410\ESP_013948_1410_RED.browse_enh.png,,0.493,,,,,,,
ESP_013236_1410_MRGB.browse_enh.png,1116,4264,28,36,0.34,1008,1.29,bright,3,2,2,0,False,1.0,1.0,63.81,no,0.8524,0.8472,0.8687,33.0,73.0,CONFIRMED-LEAD,high,small_blob,"Real feature confirmed at the same pixels in the corresponding band variant(s) of one acquisition. Fetch the EDR original, geolocate on Trek, and check for an independent pass at a different lighting before writing a finding.",data/processed\ESP_013236_1410\ESP_013236_1410_MRGB.browse_enh.png,,0.490,,,,,,,
ESP_013236_1410_MIRB.browse_enh.png,1120,4264,24,32,0.35,768,1.33,bright,3,2,2,0,False,1.0,1.0,63.22,no,0.8335,0.9024,0.8078,32.9,72.9,CONFIRMED-LEAD,high,small_blob,"Real feature confirmed at the same pixels in the corresponding band variant(s) of one acquisition. Fetch the EDR original, geolocate on Trek, and check for an independent pass at a different lighting before writing a finding.",data/processed\ESP_013236_1410\ESP_013236_1410_MIRB.browse_enh.png,,0.490,,,,,,,
ESP_013948_1410_RED.abrowse_enh.png,468,5120,28,28,0.27,784,1.0,dark,3,2,2,0,False,1.0,0.837,59.55,no,0.7233,1.1079,0.9376,32.8,72.8,CONFIRMED-LEAD,high,small_blob,"Real feature confirmed at the same pixels in the corresponding band variant(s) of one acquisition. Fetch the EDR original, geolocate on Trek, and check for an independent pass at a different lighting before writing a finding.",data/processed\ESP_013948_1410\ESP_013948_1410_RED.abrowse_enh.png,,0.496,,,,,,,
ESP_013948_1410_RED.abrowse_enh.png,3280,10492,20,40,2.06,800,2.0,bright,2,0,2,0,False,1.0,0.514,18.61,no,0.8813,1.7065,0.88,36.8,72.8,CONFIRMED-LEAD,high,small_blob,"Real feature confirmed at the same pixels in the corresponding band variant(s) of one acquisition. Fetch the EDR original, geolocate on Trek, and check for an independent pass at a different lighting before writing a finding.",data/processed\ESP_013948_1410\ESP_013948_1410_RED.abrowse_enh.png,,0.376,,,,,,,
ESP_013236_1410_RED.browse_enh.png,1348,4148,16,20,0.34,320,1.25,bright,3,2,2,0,False,1.0,1.0,30.77,no,0.7097,1.774,0.5205,32.7,72.7,CONFIRMED-LEAD,high,small_blob,"Real feature confirmed at the same pixels in the corresponding band variant(s) of one acquisition. Fetch the EDR original, geolocate on Trek, and check for an independent pass at a different lighting before writing a finding.",data/processed\ESP_013236_1410\ESP_013236_1410_RED.browse_enh.png,,0.490,,,,,,,
ESP_013948_1410_MIRB.browse_enh.png,2680,664,20,16,0.34,320,1.25,bright,3,2,2,0,False,1.0,0.9,33.02,no,0.7228,1.5153,0.8761,32.7,72.7,CONFIRMED-LEAD,high,small_blob,"Real feature confirmed at the same pixels in the corresponding band variant(s) of one acquisition. Fetch the EDR original, geolocate on Trek, and check for an independent pass at a different lighting before writing a finding.",data/processed\ESP_013948_1410\ESP_013948_1410_MIRB.browse_enh.png,,0.490,,,,,,,
ESP_013948_1410_MRGB.browse_enh.png,2680,664,20,16,0.34,320,1.25,bright,3,2,2,0,False,1.0,0.9,33.24,no,0.7239,1.5421,0.8695,32.7,72.7,CONFIRMED-LEAD,high,small_blob,"Real feature confirmed at the same pixels in the corresponding band variant(s) of one acquisition. Fetch the EDR original, geolocate on Trek, and check for an independent pass at a different lighting before writing a finding.",data/processed\ESP_013948_1410\ESP_013948_1410_MRGB.browse_enh.png,,0.490,,,,,,,
ESP_013236_1410_RED.browse_enh.png,616,1528,20,32,0.37,640,1.6,bright,3,2,2,0,False,1.0,0.833,50.05,no,0.6914,0.7856,0.764,32.6,72.6,CONFIRMED-LEAD,high,small_blob,"Real feature confirmed at the same pixels in the corresponding band variant(s) of one acquisition. Fetch the EDR original, geolocate on Trek, and check for an independent pass at a different lighting before writing a finding.",data/processed\ESP_013236_1410\ESP_013236_1410_RED.browse_enh.png,,0.488,,,,,,,
ESP_013236_1410_RED.browse_enh.png,3308,9948,16,24,1.5,384,1.5,dark,2,0,2,0,False,1.0,1.0,29.34,no,0.8561,1.3307,0.903,32.5,72.5,CONFIRMED-LEAD,high,small_blob,"Real feature confirmed at the same pixels in the corresponding band variant(s) of one acquisition. Fetch the EDR original, geolocate on Trek, and check for an independent pass at a different lighting before writing a finding.",data/processed\ESP_013236_1410\ESP_013236_1410_RED.browse_enh.png,,0.379,,,,,,,
ESP_013236_1410_MIRB.browse_enh.png,1148,3300,20,24,0.74,480,1.2,dark,3,2,2,0,False,1.0,0.524,41.55,no,0.6195,1.1907,0.5793,36.4,72.4,CONFIRMED-LEAD,high,small_blob,"Real feature confirmed at the same pixels in the corresponding band variant(s) of one acquisition. Fetch the EDR original, geolocate on Trek, and check for an independent pass at a different lighting before writing a finding.",data/processed\ESP_013236_1410\ESP_013236_1410_MIRB.browse_enh.png,,0.426,,,,,,,
ESP_013236_1410_MIRB.browse_enh.png,1348,4148,16,20,0.3,320,1.25,bright,3,2,2,0,False,1.0,0.814,29.6,no,0.6899,1.6668,0.5708,32.4,72.4,CONFIRMED-LEAD,high,small_blob,"Real feature confirmed at the same pixels in the corresponding band variant(s) of one acquisition. Fetch the EDR original, geolocate on Trek, and check for an independent pass at a different lighting before writing a finding.",data/processed\ESP_013236_1410\ESP_013236_1410_MIRB.browse_enh.png,,0.495,,,,,,,
ESP_013236_1410_MIRB.browse_enh.png,796,4216,28,24,0.27,672,1.17,dark,3,2,2,0,False,0.94,0.837,39.5,no,0.7002,1.1035,0.5572,32.4,72.4,CONFIRMED-LEAD,high,small_blob,"Real feature confirmed at the same pixels in the corresponding band variant(s) of one acquisition. Fetch the EDR original, geolocate on Trek, and check for an independent pass at a different lighting before writing a finding.",data/processed\ESP_013236_1410\ESP_013236_1410_MIRB.browse_enh.png,,0.496,,,,,,,
ESP_013236_1410_MRGB.browse_enh.png,1148,3300,20,24,0.74,480,1.2,dark,3,2,2,0,False,1.0,0.524,41.55,no,0.6195,1.1907,0.5793,36.4,72.4,CONFIRMED-LEAD,high,small_blob,"Real feature confirmed at the same pixels in the corresponding band variant(s) of one acquisition. Fetch the EDR original, geolocate on Trek, and check for an independent pass at a different lighting before writing a finding.",data/processed\ESP_013236_1410\ESP_013236_1410_MRGB.browse_enh.png,,0.426,,,,,,,
ESP_013236_1410_MRGB.browse_enh.png,1348,4148,16,20,0.3,320,1.25,bright,3,2,2,0,False,1.0,0.814,29.6,no,0.6899,1.6668,0.5708,32.4,72.4,CONFIRMED-LEAD,high,small_blob,"Real feature confirmed at the same pixels in the corresponding band variant(s) of one acquisition. Fetch the EDR original, geolocate on Trek, and check for an independent pass at a different lighting before writing a finding.",data/processed\ESP_013236_1410\ESP_013236_1410_MRGB.browse_enh.png,,0.495,,,,,,,
ESP_013236_1410_MRGB.browse_enh.png,796,4216,28,24,0.27,672,1.17,dark,3,2,2,0,False,0.94,0.837,39.5,no,0.7002,1.1035,0.5572,32.4,72.4,CONFIRMED-LEAD,high,small_blob,"Real feature confirmed at the same pixels in the corresponding band variant(s) of one acquisition. Fetch the EDR original, geolocate on Trek, and check for an independent pass at a different lighting before writing a finding.",data/processed\ESP_013236_1410\ESP_013236_1410_MRGB.browse_enh.png,,0.496,,,,,,,
ESP_013236_1410_RED.browse_enh.png,1184,1836,20,28,0.78,560,1.4,dark,3,2,2,0,False,1.0,0.566,37.87,no,0.6159,1.4363,0.7451,36.4,72.4,CONFIRMED-LEAD,high,small_blob,"Real feature confirmed at the same pixels in the corresponding band variant(s) of one acquisition. Fetch the EDR original, geolocate on Trek, and check for an independent pass at a different lighting before writing a finding.",data/processed\ESP_013236_1410\ESP_013236_1410_RED.browse_enh.png,,0.419,,,,,,,
ESP_013236_1410_RED.thumb_enh.png,284,1040,20,40,0.88,800,2.0,dark,3,2,2,0,False,1.0,0.55,59.16,no,0.8194,1.0661,0.7501,36.4,72.4,CONFIRMED-LEAD,high,small_blob,"Real feature confirmed at the same pixels in the corresponding band variant(s) of one acquisition. Fetch the EDR original, geolocate on Trek, and check for an independent pass at a different lighting before writing a finding.",data/processed\ESP_013236_1410\ESP_013236_1410_RED.thumb_enh.png,,0.405,,,,,,,
ESP_013948_1410_MIRB.browse_enh.png,580,2208,16,28,0.39,448,1.75,bright,3,2,2,0,False,1.0,1.0,57.66,no,0.753,1.0606,0.6404,32.4,72.4,CONFIRMED-LEAD,high,small_blob,"Real feature confirmed at the same pixels in the corresponding band variant(s) of one acquisition. Fetch the EDR original, geolocate on Trek, and check for an independent pass at a different lighting before writing a finding.",data/processed\ESP_013948_1410\ESP_013948_1410_MIRB.browse_enh.png,,0.485,,,,,,,
ESP_013948_1410_MIRB.browse_enh.png,944,4796,16,36,0.48,576,2.25,dark,3,2,2,0,False,0.993,1.0,43.02,no,0.7633,1.1262,0.8073,32.4,72.4,CONFIRMED-LEAD,high,small_blob,"Real feature confirmed at the same pixels in the corresponding band variant(s) of one acquisition. Fetch the EDR original, geolocate on Trek, and check for an independent pass at a different lighting before writing a finding.",data/processed\ESP_013948_1410\ESP_013948_1410_MIRB.browse_enh.png,,0.472,,,,,,,
ESP_013948_1410_MRGB.browse_enh.png,944,4796,16,36,0.48,576,2.25,dark,3,2,2,0,False,0.997,1.0,43.08,no,0.7642,1.1294,0.8077,32.4,72.4,CONFIRMED-LEAD,high,small_blob,"Real feature confirmed at the same pixels in the corresponding band variant(s) of one acquisition. Fetch the EDR original, geolocate on Trek, and check for an independent pass at a different lighting before writing a finding.",data/processed\ESP_013948_1410\ESP_013948_1410_MRGB.browse_enh.png,,0.472,,,,,,,
ESP_013948_1410_RED.browse_enh.png,944,4796,16,36,0.48,576,2.25,dark,3,2,2,0,False,1.0,1.0,46.52,no,0.774,1.0731,0.803,32.4,72.4,CONFIRMED-LEAD,high,small_blob,"Real feature confirmed at the same pixels in the corresponding band variant(s) of one acquisition. Fetch the EDR original, geolocate on Trek, and check for an independent pass at a different lighting before writing a finding.",data/processed\ESP_013948_1410\ESP_013948_1410_RED.browse_enh.png,,0.472,,,,,,,
ESP_013236_1410_MIRB.abrowse_enh.png,1148,3496,20,24,0.72,480,1.2,dark,3,2,2,0,False,1.0,0.655,41.61,no,0.6046,1.1872,0.5784,36.2,72.2,CONFIRMED-LEAD,high,small_blob,"Real feature confirmed at the same pixels in the corresponding band variant(s) of one acquisition. Fetch the EDR original, geolocate on Trek, and check for an independent pass at a different lighting before writing a finding.",data/processed\ESP_013236_1410\ESP_013236_1410_MIRB.abrowse_enh.png,,0.431,,,,,,,
ESP_013236_1410_MIRB.browse_enh.png,1968,9412,24,20,0.26,480,1.2,bright,3,2,2,0,False,0.979,1.0,46.42,no,0.8165,1.1055,0.7111,32.2,72.2,CONFIRMED-LEAD,high,small_blob,"Real feature confirmed at the same pixels in the corresponding band variant(s) of one acquisition. Fetch the EDR original, geolocate on Trek, and check for an independent pass at a different lighting before writing a finding.",data/processed\ESP_013236_1410\ESP_013236_1410_MIRB.browse_enh.png,,0.496,,,,,,,
ESP_013236_1410_MRGB.abrowse_enh.png,1148,3496,20,24,0.72,480,1.2,dark,3,2,2,0,False,1.0,0.655,41.61,no,0.6046,1.1872,0.5784,36.2,72.2,CONFIRMED-LEAD,high,small_blob,"Real feature confirmed at the same pixels in the corresponding band variant(s) of one acquisition. Fetch the EDR original, geolocate on Trek, and check for an independent pass at a different lighting before writing a finding.",data/processed\ESP_013236_1410\ESP_013236_1410_MRGB.abrowse_enh.png,,0.431,,,,,,,
ESP_013236_1410_MRGB.browse_enh.png,1968,9412,24,20,0.26,480,1.2,bright,3,2,2,0,False,0.979,1.0,46.42,no,0.8165,1.1055,0.7111,32.2,72.2,CONFIRMED-LEAD,high,small_blob,"Real feature confirmed at the same pixels in the corresponding band variant(s) of one acquisition. Fetch the EDR original, geolocate on Trek, and check for an independent pass at a different lighting before writing a finding.",data/processed\ESP_013236_1410\ESP_013236_1410_MRGB.browse_enh.png,,0.496,,,,,,,
ESP_013948_1410_RED.browse_enh.png,1340,6264,12,32,1.69,384,2.67,dark,2,0,2,0,False,1.0,1.0,28.0,no,0.8018,1.645,0.8946,32.2,72.2,CONFIRMED-LEAD,high,small_blob,"Real feature confirmed at the same pixels in the corresponding band variant(s) of one acquisition. Fetch the EDR original, geolocate on Trek, and check for an independent pass at a different lighting before writing a finding.",data/processed\ESP_013948_1410\ESP_013948_1410_RED.browse_enh.png,,0.376,,,,,,,
ESP_013948_1410_RED.browse_enh.png,784,6300,16,32,1.56,512,2.0,dark,2,0,2,0,False,1.0,1.0,25.85,no,0.755,1.9868,0.8288,32.2,72.2,CONFIRMED-LEAD,high,small_blob,"Real feature confirmed at the same pixels in the corresponding band variant(s) of one acquisition. Fetch the EDR original, geolocate on Trek, and check for an independent pass at a different lighting before writing a finding.",data/processed\ESP_013948_1410\ESP_013948_1410_RED.browse_enh.png,,0.379,,,,,,,
ESP_013236_1410_MIRB.abrowse_enh.png,1372,3952,12,32,0.54,384,2.67,dark,3,2,2,0,False,0.991,1.0,78.79,no,0.8925,0.5417,0.8686,32.1,72.1,CONFIRMED-LEAD,high,small_blob,"Real feature confirmed at the same pixels in the corresponding band variant(s) of one acquisition. Fetch the EDR original, geolocate on Trek, and check for an independent pass at a different lighting before writing a finding.",data/processed\ESP_013236_1410\ESP_013236_1410_MIRB.abrowse_enh.png,,0.463,,,,,,,
ESP_013236_1410_MRGB.abrowse_enh.png,1372,3952,12,32,0.54,384,2.67,dark,3,2,2,0,False,0.991,1.0,78.79,no,0.8925,0.5417,0.8686,32.1,72.1,CONFIRMED-LEAD,high,small_blob,"Real feature confirmed at the same pixels in the corresponding band variant(s) of one acquisition. Fetch the EDR original, geolocate on Trek, and check for an independent pass at a different lighting before writing a finding.",data/processed\ESP_013236_1410\ESP_013236_1410_MRGB.abrowse_enh.png,,0.463,,,,,,,
ESP_013948_1410_RED.browse_enh.png,1896,9648,24,28,0.23,672,1.17,dark,3,2,2,0,False,1.0,0.762,46.91,no,0.8168,1.3677,0.6228,32.1,72.1,CONFIRMED-LEAD,high,small_blob,"Real feature confirmed at the same pixels in the corresponding band variant(s) of one acquisition. Fetch the EDR original, geolocate on Trek, and check for an independent pass at a different lighting before writing a finding.",data/processed\ESP_013948_1410\ESP_013948_1410_RED.browse_enh.png,,0.498,,,,,,,
ESP_013948_1410_RGB.NOMAP.browse_enh.png,636,11432,16,16,2.85,256,1.0,dark,2,1,1,0,False,1.0,1.0,26.23,no,0.8146,1.2119,0.9615,50.1,72.1,CONFIRMED-LEAD,high,small_blob,"Real feature confirmed at the same pixels in the corresponding band variant(s) of one acquisition. Fetch the EDR original, geolocate on Trek, and check for an independent pass at a different lighting before writing a finding.",data/processed\ESP_013948_1410\ESP_013948_1410_RGB.NOMAP.browse_enh.png,,0.197,,,,,,,
ESP_013236_1410_MIRB.browse_enh.png,656,4648,36,32,0.18,1152,1.12,dark,3,2,2,0,False,1.0,0.884,53.31,no,0.8488,1.3167,0.9102,32.0,72.0,CONFIRMED-LEAD,high,small_blob,"Real feature confirmed at the same pixels in the corresponding band variant(s) of one acquisition. Fetch the EDR original, geolocate on Trek, and check for an independent pass at a different lighting before writing a finding.",data/processed\ESP_013236_1410\ESP_013236_1410_MIRB.browse_enh.png,,0.498,,,,,,,
ESP_013236_1410_MRGB.browse_enh.png,656,4648,36,32,0.18,1152,1.12,dark,3,2,2,0,False,1.0,0.884,53.31,no,0.8488,1.3167,0.9102,32.0,72.0,CONFIRMED-LEAD,high,small_blob,"Real feature confirmed at the same pixels in the corresponding band variant(s) of one acquisition. Fetch the EDR original, geolocate on Trek, and check for an independent pass at a different lighting before writing a finding.",data/processed\ESP_013236_1410\ESP_013236_1410_MRGB.browse_enh.png,,0.498,,,,,,,
ESP_013236_1410_RED.browse_enh.png,1148,3300,20,28,0.73,560,1.4,dark,3,2,2,0,False,1.0,0.518,42.04,no,0.6673,1.1361,0.5891,36.0,72.0,CONFIRMED-LEAD,high,small_blob,"Real feature confirmed at the same pixels in the corresponding band variant(s) of one acquisition. Fetch the EDR original, geolocate on Trek, and check for an independent pass at a different lighting before writing a finding.",data/processed\ESP_013236_1410\ESP_013236_1410_RED.browse_enh.png,,0.429,,,,,,,
ESP_013236_1410_RED.browse_enh.png,676,4268,16,32,0.39,512,2.0,bright,3,2,2,0,False,1.0,1.0,36.23,no,0.7632,1.085,0.2909,32.0,72.0,CONFIRMED-LEAD,high,small_blob,"Real feature confirmed at the same pixels in the corresponding band variant(s) of one acquisition. Fetch the EDR original, geolocate on Trek, and check for an independent pass at a different lighting before writing a finding.",data/processed\ESP_013236_1410\ESP_013236_1410_RED.browse_enh.png,,0.485,,,,,,,
ESP_013236_1410_IRB.NOMAP.browse_enh.png,460,12160,16,20,2.87,320,1.25,dark,2,1,1,0,False,1.0,1.0,20.62,no,0.7776,1.4399,0.9459,49.9,71.9,CONFIRMED-LEAD,high,small_blob,"Real feature confirmed at the same pixels in the corresponding band variant(s) of one acquisition. Fetch the EDR original, geolocate on Trek, and check for an independent pass at a different lighting before writing a finding.",data/processed\ESP_013236_1410\ESP_013236_1410_IRB.NOMAP.browse_enh.png,,0.193,,,,,,,
ESP_013236_1410_MIRB.abrowse_enh.png,1924,9460,20,28,0.26,560,1.4,bright,3,2,2,0,False,1.0,1.0,55.85,no,0.8439,1.2164,0.4838,31.9,71.9,CONFIRMED-LEAD,high,small_blob,"Real feature confirmed at the same pixels in the corresponding band variant(s) of one acquisition. Fetch the EDR original, geolocate on Trek, and check for an independent pass at a different lighting before writing a finding.",data/processed\ESP_013236_1410\ESP_013236_1410_MIRB.abrowse_enh.png,,0.496,,,,,,,
ESP_013236_1410_MIRB.browse_enh.png,1960,9476,16,32,0.38,512,2.0,dark,3,2,2,0,False,1.0,0.725,23.95,no,0.8139,2.1103,0.7026,31.9,71.9,CONFIRMED-LEAD,high,small_blob,"Real feature confirmed at the same pixels in the corresponding band variant(s) of one acquisition. Fetch the EDR original, geolocate on Trek, and check for an independent pass at a different lighting before writing a finding.",data/processed\ESP_013236_1410\ESP_013236_1410_MIRB.browse_enh.png,,0.486,,,,,,,
ESP_013236_1410_MRGB.abrowse_enh.png,1924,9460,20,28,0.26,560,1.4,bright,3,2,2,0,False,1.0,1.0,55.85,no,0.8439,1.2164,0.4838,31.9,71.9,CONFIRMED-LEAD,high,small_blob,"Real feature confirmed at the same pixels in the corresponding band variant(s) of one acquisition. Fetch the EDR original, geolocate on Trek, and check for an independent pass at a different lighting before writing a finding.",data/processed\ESP_013236_1410\ESP_013236_1410_MRGB.abrowse_enh.png,,0.496,,,,,,,
ESP_013236_1410_MRGB.browse_enh.png,1960,9476,16,32,0.38,512,2.0,dark,3,2,2,0,False,1.0,0.725,23.95,no,0.8139,2.1103,0.7026,31.9,71.9,CONFIRMED-LEAD,high,small_blob,"Real feature confirmed at the same pixels in the corresponding band variant(s) of one acquisition. Fetch the EDR original, geolocate on Trek, and check for an independent pass at a different lighting before writing a finding.",data/processed\ESP_013236_1410\ESP_013236_1410_MRGB.browse_enh.png,,0.486,,,,,,,
ESP_013948_1410_MIRB.abrowse_enh.png,3388,6940,20,44,0.39,880,2.2,dark,3,2,2,0,False,1.0,1.0,41.04,no,0.755,1.4769,0.7988,31.9,71.9,CONFIRMED-LEAD,high,small_blob,"Real feature confirmed at the same pixels in the corresponding band variant(s) of one acquisition. Fetch the EDR original, geolocate on Trek, and check for an independent pass at a different lighting before writing a finding.",data/processed\ESP_013948_1410\ESP_013948_1410_MIRB.abrowse_enh.png,,0.485,,,,,,,
ESP_013948_1410_RED.browse_enh.png,1216,2492,20,44,0.85,880,2.2,dark,3,2,2,0,False,1.0,0.679,36.09,no,0.6769,1.9746,0.7762,35.9,71.9,CONFIRMED-LEAD,high,small_blob,"Real feature confirmed at the same pixels in the corresponding band variant(s) of one acquisition. Fetch the EDR original, geolocate on Trek, and check for an independent pass at a different lighting before writing a finding.",data/processed\ESP_013948_1410\ESP_013948_1410_RED.browse_enh.png,,0.407,,,,,,,
ESP_013236_1410_MRGB.browse_enh.png,1688,1308,20,32,0.28,640,1.6,bright,3,2,2,0,False,0.995,0.944,41.79,no,0.8916,0.8086,0.7267,31.8,71.8,CONFIRMED-LEAD,high,small_blob,"Real feature confirmed at the same pixels in the corresponding band variant(s) of one acquisition. Fetch the EDR original, geolocate on Trek, and check for an independent pass at a different lighting before writing a finding.",data/processed\ESP_013236_1410\ESP_013236_1410_MRGB.browse_enh.png,,0.495,,,,,,,
ESP_013948_1410_MIRB.abrowse_enh.png,2716,904,16,24,0.28,384,1.5,dark,3,2,2,0,False,1.0,1.0,45.87,no,0.7651,1.6702,0.5177,31.8,71.8,CONFIRMED-LEAD,high,small_blob,"Real feature confirmed at the same pixels in the corresponding band variant(s) of one acquisition. Fetch the EDR original, geolocate on Trek, and check for an independent pass at a different lighting before writing a finding.",data/processed\ESP_013948_1410\ESP_013948_1410_MIRB.abrowse_enh.png,,0.495,,,,,,,
ESP_013948_1410_MRGB.abrowse_enh.png,2716,904,16,24,0.28,384,1.5,dark,3,2,2,0,False,1.0,1.0,45.87,no,0.765,1.6703,0.5175,31.8,71.8,CONFIRMED-LEAD,high,small_blob,"Real feature confirmed at the same pixels in the corresponding band variant(s) of one acquisition. Fetch the EDR original, geolocate on Trek, and check for an independent pass at a different lighting before writing a finding.",data/processed\ESP_013948_1410\ESP_013948_1410_MRGB.abrowse_enh.png,,0.495,,,,,,,
ESP_013236_1410_RED.abrowse_enh.png,1076,1840,16,32,0.81,512,2.0,dark,3,2,2,0,False,1.0,0.696,39.05,no,0.7115,1.2367,0.7483,35.7,71.7,CONFIRMED-LEAD,high,small_blob,"Real feature confirmed at the same pixels in the corresponding band variant(s) of one acquisition. Fetch the EDR original, geolocate on Trek, and check for an independent pass at a different lighting before writing a finding.",data/processed\ESP_013236_1410\ESP_013236_1410_RED.abrowse_enh.png,,0.414,,,,,,,
ESP_013236_1410_RED.browse_enh.png,1600,7512,36,16,0.86,576,2.25,bright,3,2,2,0,False,1.0,0.562,36.58,no,0.7496,1.6327,0.8515,35.7,71.7,CONFIRMED-LEAD,high,small_blob,"Real feature confirmed at the same pixels in the corresponding band variant(s) of one acquisition. Fetch the EDR original, geolocate on Trek, and check for an independent pass at a different lighting before writing a finding.",data/processed\ESP_013236_1410\ESP_013236_1410_RED.browse_enh.png,,0.407,,,,,,,
ESP_013948_1410_MIRB.browse_enh.png,800,4656,20,24,0.2,480,1.2,dark,3,2,2,0,False,0.91,0.974,40.65,no,0.6599,1.3186,0.7242,31.7,71.7,CONFIRMED-LEAD,high,small_blob,"Real feature confirmed at the same pixels in the corresponding band variant(s) of one acquisition. Fetch the EDR original, geolocate on Trek, and check for an independent pass at a different lighting before writing a finding.",data/processed\ESP_013948_1410\ESP_013948_1410_MIRB.browse_enh.png,,0.498,,,,,,,
ESP_013948_1410_MRGB.browse_enh.png,800,4656,20,24,0.2,480,1.2,dark,3,2,2,0,False,0.916,0.909,40.53,no,0.6591,1.323,0.7231,31.7,71.7,CONFIRMED-LEAD,high,small_blob,"Real feature confirmed at the same pixels in the corresponding band variant(s) of one acquisition. Fetch the EDR original, geolocate on Trek, and check for an independent pass at a different lighting before writing a finding.",data/processed\ESP_013948_1410\ESP_013948_1410_MRGB.browse_enh.png,,0.498,,,,,,,
ESP_013948_1410_RED.browse_enh.png,792,4656,28,24,0.19,672,1.17,dark,3,2,2,0,False,0.942,1.0,45.98,no,0.6901,1.1051,0.3575,31.7,71.7,CONFIRMED-LEAD,high,small_blob,"Real feature confirmed at the same pixels in the corresponding band variant(s) of one acquisition. Fetch the EDR original, geolocate on Trek, and check for an independent pass at a different lighting before writing a finding.",data/processed\ESP_013948_1410\ESP_013948_1410_RED.browse_enh.png,,0.498,,,,,,,
ESP_013236_1410_MIRB.abrowse_enh.png,1076,1840,16,32,0.8,512,2.0,dark,3,2,2,0,False,1.0,0.646,37.19,no,0.7015,1.4444,0.7399,35.6,71.6,CONFIRMED-LEAD,high,small_blob,"Real feature confirmed at the same pixels in the corresponding band variant(s) of one acquisition. Fetch the EDR original, geolocate on Trek, and check for an independent pass at a different lighting before writing a finding.",data/processed\ESP_013236_1410\ESP_013236_1410_MIRB.abrowse_enh.png,,0.416,,,,,,,
ESP_013236_1410_MRGB.abrowse_enh.png,1076,1840,16,32,0.8,512,2.0,dark,3,2,2,0,False,1.0,0.646,37.19,no,0.7015,1.4444,0.7399,35.6,71.6,CONFIRMED-LEAD,high,small_blob,"Real feature confirmed at the same pixels in the corresponding band variant(s) of one acquisition. Fetch the EDR original, geolocate on Trek, and check for an independent pass at a different lighting before writing a finding.",data/processed\ESP_013236_1410\ESP_013236_1410_MRGB.abrowse_enh.png,,0.416,,,,,,,
ESP_013236_1410_RED.abrowse_enh.png,712,4652,24,36,0.69,864,1.5,dark,3,2,2,0,False,1.0,0.533,50.73,no,0.8028,1.2544,0.7813,35.6,71.6,CONFIRMED-LEAD,high,small_blob,"Real feature confirmed at the same pixels in the corresponding band variant(s) of one acquisition. Fetch the EDR original, geolocate on Trek, and check for an independent pass at a different lighting before writing a finding.",data/processed\ESP_013236_1410\ESP_013236_1410_RED.abrowse_enh.png,,0.434,,,,,,,
ESP_013948_1410_MIRB.browse_enh.png,2572,1476,20,16,0.21,320,1.25,dark,3,2,2,0,False,0.942,0.712,28.79,no,0.782,1.7794,0.6398,31.6,71.6,CONFIRMED-LEAD,high,small_blob,"Real feature confirmed at the same pixels in the corresponding band variant(s) of one acquisition. Fetch the EDR original, geolocate on Trek, and check for an independent pass at a different lighting before writing a finding.",data/processed\ESP_013948_1410\ESP_013948_1410_MIRB.browse_enh.png,,0.498,,,,,,,
ESP_013948_1410_RED.abrowse_enh.png,452,5088,16,28,0.3,448,1.75,bright,3,2,2,0,False,1.0,0.781,85.9,no,0.7284,0.8661,0.7509,31.6,71.6,CONFIRMED-LEAD,high,small_blob,"Real feature confirmed at the same pixels in the corresponding band variant(s) of one acquisition. Fetch the EDR original, geolocate on Trek, and check for an independent pass at a different lighting before writing a finding.",data/processed\ESP_013948_1410\ESP_013948_1410_RED.abrowse_enh.png,,0.495,,,,,,,
ESP_013236_1410_MIRB.browse_enh.png,1824,9176,20,20,0.61,400,1.0,bright,3,2,2,0,False,0.967,0.62,46.06,no,0.7756,1.6548,0.8369,35.5,71.5,CONFIRMED-LEAD,high,small_blob,"Real feature confirmed at the same pixels in the corresponding band variant(s) of one acquisition. Fetch the EDR original, geolocate on Trek, and check for an independent pass at a different lighting before writing a finding.",data/processed\ESP_013236_1410\ESP_013236_1410_MIRB.browse_enh.png,,0.448,,,,,,,
ESP_013236_1410_MRGB.browse_enh.png,1824,9176,20,20,0.61,400,1.0,bright,3,2,2,0,False,0.967,0.62,46.06,no,0.7756,1.6548,0.8369,35.5,71.5,CONFIRMED-LEAD,high,small_blob,"Real feature confirmed at the same pixels in the corresponding band variant(s) of one acquisition. Fetch the EDR original, geolocate on Trek, and check for an independent pass at a different lighting before writing a finding.",data/processed\ESP_013236_1410\ESP_013236_1410_MRGB.browse_enh.png,,0.448,,,,,,,
ESP_013948_1410_RED.browse_enh.png,2572,1476,20,16,0.2,320,1.25,dark,3,2,2,0,False,0.928,0.753,31.87,no,0.7906,1.7398,0.6437,31.5,71.5,CONFIRMED-LEAD,high,small_blob,"Real feature confirmed at the same pixels in the corresponding band variant(s) of one acquisition. Fetch the EDR original, geolocate on Trek, and check for an independent pass at a different lighting before writing a finding.",data/processed\ESP_013948_1410\ESP_013948_1410_RED.browse_enh.png,,0.498,,,,,,,
ESP_013236_1410_IRB.NOMAP.browse_enh.png,512,1920,20,20,2.77,400,1.0,bright,2,1,1,0,False,1.0,1.0,26.65,no,0.8517,0.9685,0.9192,49.4,71.4,CONFIRMED-LEAD,high,small_blob,"Real feature confirmed at the same pixels in the corresponding band variant(s) of one acquisition. Fetch the EDR original, geolocate on Trek, and check for an independent pass at a different lighting before writing a finding.",data/processed\ESP_013236_1410\ESP_013236_1410_IRB.NOMAP.browse_enh.png,,0.219,,,,,,,
ESP_013236_1410_MIRB.browse_enh.png,612,1824,32,16,0.32,512,2.0,dark,3,2,2,0,False,1.0,1.0,41.44,no,0.7277,1.385,0.4448,31.4,71.4,CONFIRMED-LEAD,high,small_blob,"Real feature confirmed at the same pixels in the corresponding band variant(s) of one acquisition. Fetch the EDR original, geolocate on Trek, and check for an independent pass at a different lighting before writing a finding.",data/processed\ESP_013236_1410\ESP_013236_1410_MIRB.browse_enh.png,,0.493,,,,,,,
ESP_013236_1410_MRGB.browse_enh.png,612,1824,32,16,0.32,512,2.0,dark,3,2,2,0,False,1.0,1.0,41.44,no,0.7277,1.385,0.4448,31.4,71.4,CONFIRMED-LEAD,high,small_blob,"Real feature confirmed at the same pixels in the corresponding band variant(s) of one acquisition. Fetch the EDR original, geolocate on Trek, and check for an independent pass at a different lighting before writing a finding.",data/processed\ESP_013236_1410\ESP_013236_1410_MRGB.browse_enh.png,,0.493,,,,,,,
ESP_013948_1410_MRGB.browse_enh.png,1428,3292,20,40,0.3,800,2.0,dark,3,2,2,0,False,1.0,1.0,53.02,no,0.8956,1.0767,0.8035,31.4,71.4,CONFIRMED-LEAD,high,small_blob,"Real feature confirmed at the same pixels in the corresponding band variant(s) of one acquisition. Fetch the EDR original, geolocate on Trek, and check for an independent pass at a different lighting before writing a finding.",data/processed\ESP_013948_1410\ESP_013948_1410_MRGB.browse_enh.png,,0.495,,,,,,,
ESP_013948_1410_RED.abrowse_enh.png,756,4992,28,32,0.59,896,1.14,dark,3,2,2,0,False,1.0,0.601,56.74,no,0.7421,1.1513,0.659,35.4,71.4,CONFIRMED-LEAD,high,small_blob,"Real feature confirmed at the same pixels in the corresponding band variant(s) of one acquisition. Fetch the EDR original, geolocate on Trek, and check for an independent pass at a different lighting before writing a finding.",data/processed\ESP_013948_1410\ESP_013948_1410_RED.abrowse_enh.png,,0.453,,,,,,,
ESP_013948_1410_MIRB.browse_enh.png,620,5096,24,16,0.22,384,1.5,dark,3,2,2,0,False,0.937,1.0,51.4,no,0.8041,1.3364,0.9159,31.3,71.3,CONFIRMED-LEAD,high,small_blob,"Real feature confirmed at the same pixels in the corresponding band variant(s) of one acquisition. Fetch the EDR original, geolocate on Trek, and check for an independent pass at a different lighting before writing a finding.",data/processed\ESP_013948_1410\ESP_013948_1410_MIRB.browse_enh.png,,0.498,,,,,,,
ESP_013948_1410_MRGB.browse_enh.png,620,5096,24,16,0.22,384,1.5,dark,3,2,2,0,False,0.937,1.0,51.7,no,0.8054,1.3371,0.9149,31.3,71.3,CONFIRMED-LEAD,high,small_blob,"Real feature confirmed at the same pixels in the corresponding band variant(s) of one acquisition. Fetch the EDR original, geolocate on Trek, and check for an independent pass at a different lighting before writing a finding.",data/processed\ESP_013948_1410\ESP_013948_1410_MRGB.browse_enh.png,,0.498,,,,,,,
ESP_013236_1410_RED.abrowse_enh.png,700,4632,28,28,0.09,784,1.0,bright,3,2,2,0,False,1.0,0.74,57.74,no,0.7599,1.0367,0.2677,31.2,71.2,CONFIRMED-LEAD,high,small_blob,"Real feature confirmed at the same pixels in the corresponding band variant(s) of one acquisition. Fetch the EDR original, geolocate on Trek, and check for an independent pass at a different lighting before writing a finding.",data/processed\ESP_013236_1410\ESP_013236_1410_RED.abrowse_enh.png,,0.498,,,,,,,
ESP_013948_1410_RED.browse_enh.png,620,5096,24,16,0.21,384,1.5,dark,3,2,2,0,False,0.967,1.0,55.87,no,0.7998,1.3371,0.9367,31.2,71.2,CONFIRMED-LEAD,high,small_blob,"Real feature confirmed at the same pixels in the corresponding band variant(s) of one acquisition. Fetch the EDR original, geolocate on Trek, and check for an independent pass at a different lighting before writing a finding.",data/processed\ESP_013948_1410\ESP_013948_1410_RED.browse_enh.png,,0.498,,,,,,,
ESP_013236_1410_MIRB.browse_enh.png,1192,4116,16,28,0.7,448,1.75,bright,3,2,2,0,False,1.0,0.67,49.89,no,0.7353,0.809,0.8179,35.1,71.1,CONFIRMED-LEAD,high,small_blob,"Real feature confirmed at the same pixels in the corresponding band variant(s) of one acquisition. Fetch the EDR original, geolocate on Trek, and check for an independent pass at a different lighting before writing a finding.",data/processed\ESP_013236_1410\ESP_013236_1410_MIRB.browse_enh.png,,0.433,,,,,,,
ESP_013236_1410_MRGB.browse_enh.png,1192,4116,16,28,0.7,448,1.75,bright,3,2,2,0,False,1.0,0.67,49.89,no,0.7353,0.809,0.8179,35.1,71.1,CONFIRMED-LEAD,high,small_blob,"Real feature confirmed at the same pixels in the corresponding band variant(s) of one acquisition. Fetch the EDR original, geolocate on Trek, and check for an independent pass at a different lighting before writing a finding.",data/processed\ESP_013236_1410\ESP_013236_1410_MRGB.browse_enh.png,,0.433,,,,,,,
ESP_013236_1410_MIRB.browse_enh.png,832,4464,20,32,0.19,640,1.6,dark,3,2,2,0,False,0.908,0.769,64.86,no,0.8327,0.7643,0.8842,31.0,71.0,CONFIRMED-LEAD,high,small_blob,"Real feature confirmed at the same pixels in the corresponding band variant(s) of one acquisition. Fetch the EDR original, geolocate on Trek, and check for an independent pass at a different lighting before writing a finding.",data/processed\ESP_013236_1410\ESP_013236_1410_MIRB.browse_enh.png,,0.498,,,,,,,
ESP_013236_1410_MIRB.browse_enh.png,1640,7316,16,36,0.78,576,2.25,dark,3,2,2,0,False,0.99,0.692,41.73,no,0.8523,1.7252,0.6126,35.0,71.0,CONFIRMED-LEAD,high,small_blob,"Real feature confirmed at the same pixels in the corresponding band variant(s) of one acquisition. Fetch the EDR original, geolocate on Trek, and check for an independent pass at a different lighting before writing a finding.",data/processed\ESP_013236_1410\ESP_013236_1410_MIRB.browse_enh.png,,0.419,,,,,,,
ESP_013236_1410_MRGB.browse_enh.png,832,4464,20,32,0.19,640,1.6,dark,3,2,2,0,False,0.908,0.769,64.86,no,0.8327,0.7643,0.8842,31.0,71.0,CONFIRMED-LEAD,high,small_blob,"Real feature confirmed at the same pixels in the corresponding band variant(s) of one acquisition. Fetch the EDR original, geolocate on Trek, and check for an independent pass at a different lighting before writing a finding.",data/processed\ESP_013236_1410\ESP_013236_1410_MRGB.browse_enh.png,,0.498,,,,,,,
ESP_013236_1410_MRGB.browse_enh.png,1640,7316,16,36,0.78,576,2.25,dark,3,2,2,0,False,0.99,0.692,41.73,no,0.8523,1.7252,0.6126,35.0,71.0,CONFIRMED-LEAD,high,small_blob,"Real feature confirmed at the same pixels in the corresponding band variant(s) of one acquisition. Fetch the EDR original, geolocate on Trek, and check for an independent pass at a different lighting before writing a finding.",data/processed\ESP_013236_1410\ESP_013236_1410_MRGB.browse_enh.png,,0.419,,,,,,,
ESP_013236_1410_RED.abrowse_enh.png,852,7204,32,20,1.33,640,1.6,bright,2,0,2,0,False,1.0,1.0,26.17,no,0.7992,1.3819,0.897,31.0,71.0,CONFIRMED-LEAD,high,small_blob,"Real feature confirmed at the same pixels in the corresponding band variant(s) of one acquisition. Fetch the EDR original, geolocate on Trek, and check for an independent pass at a different lighting before writing a finding.",data/processed\ESP_013236_1410\ESP_013236_1410_RED.abrowse_enh.png,,0.390,,,,,,,
ESP_013948_1410_RED.browse_enh.png,3032,4188,16,28,1.38,448,1.75,dark,2,0,2,0,False,1.0,1.0,26.52,no,0.8062,1.354,0.8678,31.0,71.0,CONFIRMED-LEAD,high,small_blob,"Real feature confirmed at the same pixels in the corresponding band variant(s) of one acquisition. Fetch the EDR original, geolocate on Trek, and check for an independent pass at a different lighting before writing a finding.",data/processed\ESP_013948_1410\ESP_013948_1410_RED.browse_enh.png,,0.386,,,,,,,
ESP_013236_1410_RED.browse_enh.png,1496,2608,24,20,0.11,480,1.2,dark,3,2,2,0,False,0.83,1.0,39.12,no,0.7377,1.2396,0.8977,30.9,70.9,CONFIRMED-LEAD,high,small_blob,"Real feature confirmed at the same pixels in the corresponding band variant(s) of one acquisition. Fetch the EDR original, geolocate on Trek, and check for an independent pass at a different lighting before writing a finding.",data/processed\ESP_013236_1410\ESP_013236_1410_RED.browse_enh.png,,0.498,,,,,,,
ESP_013236_1410_RED.browse_enh.png,832,4464,20,32,0.17,640,1.6,dark,3,2,2,0,False,0.925,0.753,68.78,no,0.8376,0.6886,0.9051,30.8,70.8,CONFIRMED-LEAD,high,small_blob,"Real feature confirmed at the same pixels in the corresponding band variant(s) of one acquisition. Fetch the EDR original, geolocate on Trek, and check for an independent pass at a different lighting before writing a finding.",data/processed\ESP_013236_1410\ESP_013236_1410_RED.browse_enh.png,,0.498,,,,,,,
ESP_013948_1410_MIRB.abrowse_enh.png,2288,10004,24,12,0.25,288,2.0,dark,3,2,2,0,False,0.994,0.808,52.71,no,0.802,1.4961,0.917,30.7,70.7,CONFIRMED-LEAD,high,small_blob,"Real feature confirmed at the same pixels in the corresponding band variant(s) of one acquisition. Fetch the EDR original, geolocate on Trek, and check for an independent pass at a different lighting before writing a finding.",data/processed\ESP_013948_1410\ESP_013948_1410_MIRB.abrowse_enh.png,,0.497,,,,,,,
ESP_013948_1410_MIRB.abrowse_enh.png,3588,8868,16,20,0.1,320,1.25,dark,3,2,2,0,False,0.775,1.0,35.39,no,0.7611,1.0667,0.8306,30.6,70.6,CONFIRMED-LEAD,high,small_blob,"Real feature confirmed at the same pixels in the corresponding band variant(s) of one acquisition. Fetch the EDR original, geolocate on Trek, and check for an independent pass at a different lighting before writing a finding.",data/processed\ESP_013948_1410\ESP_013948_1410_MIRB.abrowse_enh.png,,0.498,,,,,,,
ESP_013948_1410_MRGB.abrowse_enh.png,3588,8868,16,20,0.1,320,1.25,dark,3,2,2,0,False,0.775,1.0,35.39,no,0.7611,1.0548,0.8306,30.6,70.6,CONFIRMED-LEAD,high,small_blob,"Real feature confirmed at the same pixels in the corresponding band variant(s) of one acquisition. Fetch the EDR original, geolocate on Trek, and check for an independent pass at a different lighting before writing a finding.",data/processed\ESP_013948_1410\ESP_013948_1410_MRGB.abrowse_enh.png,,0.498,,,,,,,
ESP_013948_1410_RED.browse_enh.png,528,4848,20,20,0.5,400,1.0,dark,3,2,2,0,False,1.0,0.646,46.96,no,0.7507,1.075,0.9189,34.6,70.6,CONFIRMED-LEAD,high,small_blob,"Real feature confirmed at the same pixels in the corresponding band variant(s) of one acquisition. Fetch the EDR original, geolocate on Trek, and check for an independent pass at a different lighting before writing a finding.",data/processed\ESP_013948_1410\ESP_013948_1410_RED.browse_enh.png,,0.470,,,,,,,
ESP_013236_1410_IRB.NOMAP.browse_enh.png,720,6288,12,28,2.92,336,2.33,bright,2,1,1,0,False,1.0,1.0,29.56,no,0.8817,1.3191,0.8859,48.5,70.5,CONFIRMED-LEAD,high,small_blob,"Real feature confirmed at the same pixels in the corresponding band variant(s) of one acquisition. Fetch the EDR original, geolocate on Trek, and check for an independent pass at a different lighting before writing a finding.",data/processed\ESP_013236_1410\ESP_013236_1410_IRB.NOMAP.browse_enh.png,,0.172,,,,,,,
ESP_013948_1410_MIRB.browse_enh.png,1660,7484,24,16,0.13,384,1.5,bright,3,2,2,0,False,0.806,0.829,35.56,no,0.7732,1.4304,0.9606,30.5,70.5,CONFIRMED-LEAD,high,small_blob,"Real feature confirmed at the same pixels in the corresponding band variant(s) of one acquisition. Fetch the EDR original, geolocate on Trek, and check for an independent pass at a different lighting before writing a finding.",data/processed\ESP_013948_1410\ESP_013948_1410_MIRB.browse_enh.png,,0.498,,,,,,,
ESP_013948_1410_MRGB.browse_enh.png,1660,7484,24,16,0.13,384,1.5,bright,3,2,2,0,False,0.814,0.883,35.75,no,0.7724,1.4552,0.9729,30.5,70.5,CONFIRMED-LEAD,high,small_blob,"Real feature confirmed at the same pixels in the corresponding band variant(s) of one acquisition. Fetch the EDR original, geolocate on Trek, and check for an independent pass at a different lighting before writing a finding.",data/processed\ESP_013948_1410\ESP_013948_1410_MRGB.browse_enh.png,,0.498,,,,,,,
ESP_013948_1410_RED.browse_enh.png,1660,7484,24,16,0.13,384,1.5,bright,3,2,2,0,False,0.912,0.829,38.2,no,0.7853,1.3566,0.8804,30.5,70.5,CONFIRMED-LEAD,high,small_blob,"Real feature confirmed at the same pixels in the corresponding band variant(s) of one acquisition. Fetch the EDR original, geolocate on Trek, and check for an independent pass at a different lighting before writing a finding.",data/processed\ESP_013948_1410\ESP_013948_1410_RED.browse_enh.png,,0.498,,,,,,,
diff_ESP_013236_1410_MRGB.thumb_vs_ESP_013236_1410_RED.NOMAP.browse.png,1460,364,20,60,3.23,1200,3.0,bright,2,0,0,0,False,1.0,1.0,33.85,no,0.8698,0.9839,0.9075,60.5,70.5,PROMISING,medium,,Strong single-image signal but not confirmed across band variants. Compare against the original product and look for the feature in a same-footprint sibling or an independent acquisition.,data/processed\extras_compare\ESP_013236_1410\diff_ESP_013236_1410_MRGB.thumb_vs_ESP_013236_1410_RED.NOMAP.browse.png,,0.091,,,,,,,
ESP_013236_1410_MIRB.browse_enh.png,772,4360,36,32,0.46,1152,1.12,dark,3,2,2,0,False,1.0,0.533,55.05,no,0.7342,1.1941,0.6835,34.4,70.4,CONFIRMED-LEAD,high,small_blob,"Real feature confirmed at the same pixels in the corresponding band variant(s) of one acquisition. Fetch the EDR original, geolocate on Trek, and check for an independent pass at a different lighting before writing a finding.",data/processed\ESP_013236_1410\ESP_013236_1410_MIRB.browse_enh.png,,0.475,,,,,,,
ESP_013236_1410_MRGB.browse_enh.png,772,4360,36,32,0.46,1152,1.12,dark,3,2,2,0,False,1.0,0.533,55.05,no,0.7342,1.1941,0.6835,34.4,70.4,CONFIRMED-LEAD,high,small_blob,"Real feature confirmed at the same pixels in the corresponding band variant(s) of one acquisition. Fetch the EDR original, geolocate on Trek, and check for an independent pass at a different lighting before writing a finding.",data/processed\ESP_013236_1410\ESP_013236_1410_MRGB.browse_enh.png,,0.475,,,,,,,
ESP_013236_1410_RGB.NOMAP.browse_enh.png,512,1920,20,20,2.65,400,1.0,bright,2,1,1,0,False,1.0,1.0,25.51,no,0.8238,1.0254,0.9284,48.4,70.4,CONFIRMED-LEAD,high,small_blob,"Real feature confirmed at the same pixels in the corresponding band variant(s) of one acquisition. Fetch the EDR original, geolocate on Trek, and check for an independent pass at a different lighting before writing a finding.",data/processed\ESP_013236_1410\ESP_013236_1410_RGB.NOMAP.browse_enh.png,,0.256,,,,,,,
ESP_013948_1410_RED.browse_enh.png,620,2104,24,44,0.59,1056,1.83,bright,3,2,2,0,False,1.0,0.672,67.63,no,0.7465,0.7859,0.7449,34.3,70.3,CONFIRMED-LEAD,high,small_blob,"Real feature confirmed at the same pixels in the corresponding band variant(s) of one acquisition. Fetch the EDR original, geolocate on Trek, and check for an independent pass at a different lighting before writing a finding.",data/processed\ESP_013948_1410\ESP_013948_1410_RED.browse_enh.png,,0.453,,,,,,,
ESP_013948_1410_MIRB.browse_enh.png,2976,808,36,28,0.48,1008,1.29,dark,3,2,2,0,False,1.0,0.688,42.21,no,0.8202,1.0372,0.6731,34.2,70.2,CONFIRMED-LEAD,high,small_blob,"Real feature confirmed at the same pixels in the corresponding band variant(s) of one acquisition. Fetch the EDR original, geolocate on Trek, and check for an independent pass at a different lighting before writing a finding.",data/processed\ESP_013948_1410\ESP_013948_1410_MIRB.browse_enh.png,,0.472,,,,,,,
ESP_013236_1410_IRB.NOMAP.browse_enh.png,960,9604,12,20,2.75,240,1.67,dark,2,1,1,0,False,1.0,1.0,30.94,no,0.7683,1.4496,0.847,48.1,70.1,CONFIRMED-LEAD,high,small_blob,"Real feature confirmed at the same pixels in the corresponding band variant(s) of one acquisition. Fetch the EDR original, geolocate on Trek, and check for an independent pass at a different lighting before writing a finding.",data/processed\ESP_013236_1410\ESP_013236_1410_IRB.NOMAP.browse_enh.png,,0.225,,,,,,,
ESP_013236_1410_MIRB.abrowse_enh.png,704,4636,24,24,0.44,576,1.0,bright,3,2,2,0,False,1.0,0.693,57.55,no,0.6751,0.9848,0.5918,34.1,70.1,CONFIRMED-LEAD,high,small_blob,"Real feature confirmed at the same pixels in the corresponding band variant(s) of one acquisition. Fetch the EDR original, geolocate on Trek, and check for an independent pass at a different lighting before writing a finding.",data/processed\ESP_013236_1410\ESP_013236_1410_MIRB.abrowse_enh.png,,0.478,,,,,,,
ESP_013236_1410_MIRB.browse_enh.png,1924,9260,24,32,0.03,768,1.33,bright,3,2,2,0,False,1.0,0.705,54.16,no,0.8649,1.1834,0.433,30.1,70.1,CONFIRMED-LEAD,high,small_blob,"Real feature confirmed at the same pixels in the corresponding band variant(s) of one acquisition. Fetch the EDR original, geolocate on Trek, and check for an independent pass at a different lighting before writing a finding.",data/processed\ESP_013236_1410\ESP_013236_1410_MIRB.browse_enh.png,,0.498,,,,,,,
ESP_013236_1410_MRGB.abrowse_enh.png,704,4636,24,24,0.44,576,1.0,bright,3,2,2,0,False,1.0,0.693,57.55,no,0.6751,0.9848,0.5918,34.1,70.1,CONFIRMED-LEAD,high,small_blob,"Real feature confirmed at the same pixels in the corresponding band variant(s) of one acquisition. Fetch the EDR original, geolocate on Trek, and check for an independent pass at a different lighting before writing a finding.",data/processed\ESP_013236_1410\ESP_013236_1410_MRGB.abrowse_enh.png,,0.478,,,,,,,
ESP_013236_1410_MRGB.browse_enh.png,1844,4540,16,40,2.32,640,2.5,dark,3,2,1,1,False,1.0,1.0,20.43,no,0.8761,1.1137,0.8307,48.1,70.1,CONFIRMED-LEAD,high,small_blob,"Real feature confirmed at the same pixels in the corresponding band variant(s) of one acquisition. Fetch the EDR original, geolocate on Trek, and check for an independent pass at a different lighting before writing a finding.",data/processed\ESP_013236_1410\ESP_013236_1410_MRGB.browse_enh.png,,0.376,,,,,,,
ESP_013236_1410_MRGB.browse_enh.png,1924,9260,24,32,0.03,768,1.33,bright,3,2,2,0,False,1.0,0.705,54.16,no,0.8649,1.1834,0.433,30.1,70.1,CONFIRMED-LEAD,high,small_blob,"Real feature confirmed at the same pixels in the corresponding band variant(s) of one acquisition. Fetch the EDR original, geolocate on Trek, and check for an independent pass at a different lighting before writing a finding.",data/processed\ESP_013236_1410\ESP_013236_1410_MRGB.browse_enh.png,,0.498,,,,,,,
ESP_013236_1410_RED.abrowse_enh.png,772,4736,32,24,0.45,768,1.33,bright,3,2,2,0,False,1.0,0.508,54.23,no,0.7829,1.5085,0.8752,33.8,69.8,CONFIRMED-LEAD,high,small_blob,"Real feature confirmed at the same pixels in the corresponding band variant(s) of one acquisition. Fetch the EDR original, geolocate on Trek, and check for an independent pass at a different lighting before writing a finding.",data/processed\ESP_013236_1410\ESP_013236_1410_RED.abrowse_enh.png,,0.477,,,,,,,
ESP_013948_1410_MIRB.abrowse_enh.png,700,2468,20,36,0.09,720,1.8,bright,3,2,2,0,False,1.0,1.0,55.04,no,0.7342,1.4331,0.5537,29.8,69.8,CONFIRMED-LEAD,high,small_blob,"Real feature confirmed at the same pixels in the corresponding band variant(s) of one acquisition. Fetch the EDR original, geolocate on Trek, and check for an independent pass at a different lighting before writing a finding.",data/processed\ESP_013948_1410\ESP_013948_1410_MIRB.abrowse_enh.png,,0.498,,,,,,,
ESP_013948_1410_MRGB.abrowse_enh.png,700,2468,20,36,0.09,720,1.8,bright,3,2,2,0,False,1.0,1.0,55.04,no,0.7343,1.4331,0.5539,29.8,69.8,CONFIRMED-LEAD,high,small_blob,"Real feature confirmed at the same pixels in the corresponding band variant(s) of one acquisition. Fetch the EDR original, geolocate on Trek, and check for an independent pass at a different lighting before writing a finding.",data/processed\ESP_013948_1410\ESP_013948_1410_MRGB.abrowse_enh.png,,0.498,,,,,,,
ESP_013236_1410_MIRB.abrowse_enh.png,2184,9892,20,20,0.4,400,1.0,bright,3,2,2,0,False,1.0,0.593,31.38,no,0.7122,1.6387,0.8632,33.7,69.7,CONFIRMED-LEAD,high,small_blob,"Real feature confirmed at the same pixels in the corresponding band variant(s) of one acquisition. Fetch the EDR original, geolocate on Trek, and check for an independent pass at a different lighting before writing a finding.",data/processed\ESP_013236_1410\ESP_013236_1410_MIRB.abrowse_enh.png,,0.484,,,,,,,
ESP_013948_1410_MRGB.browse_enh.png,1292,4484,16,28,0.54,448,1.75,dark,3,2,2,0,False,1.0,0.533,31.87,no,0.6009,1.4984,0.8825,33.7,69.7,CONFIRMED-LEAD,high,small_blob,"Real feature confirmed at the same pixels in the corresponding band variant(s) of one acquisition. Fetch the EDR original, geolocate on Trek, and check for an independent pass at a different lighting before writing a finding.",data/processed\ESP_013948_1410\ESP_013948_1410_MRGB.browse_enh.png,,0.463,,,,,,,
ESP_013948_1410_MIRB.browse_enh.png,1308,2568,20,36,1.21,720,1.8,bright,3,2,2,0,False,1.0,1.0,37.34,no,0.8037,0.8777,0.8734,29.6,69.6,CONFIRMED-LEAD,high,small_blob,"Real feature confirmed at the same pixels in the corresponding band variant(s) of one acquisition. Fetch the EDR original, geolocate on Trek, and check for an independent pass at a different lighting before writing a finding.",data/processed\ESP_013948_1410\ESP_013948_1410_MIRB.browse_enh.png,,0.390,,,,,,,
ESP_013948_1410_MRGB.browse_enh.png,1308,2568,20,36,1.21,720,1.8,bright,3,2,2,0,False,1.0,1.0,37.3,no,0.8038,0.8553,0.8731,29.6,69.6,CONFIRMED-LEAD,high,small_blob,"Real feature confirmed at the same pixels in the corresponding band variant(s) of one acquisition. Fetch the EDR original, geolocate on Trek, and check for an independent pass at a different lighting before writing a finding.",data/processed\ESP_013948_1410\ESP_013948_1410_MRGB.browse_enh.png,,0.390,,,,,,,
ESP_013948_1410_IRB.NOMAP.browse_enh.png,836,5472,12,32,2.87,384,2.67,bright,2,1,1,0,False,1.0,1.0,30.51,no,0.8332,1.395,0.9222,47.5,69.5,CONFIRMED-LEAD,high,small_blob,"Real feature confirmed at the same pixels in the corresponding band variant(s) of one acquisition. Fetch the EDR original, geolocate on Trek, and check for an independent pass at a different lighting before writing a finding.",data/processed\ESP_013948_1410\ESP_013948_1410_IRB.NOMAP.browse_enh.png,,0.193,,,,,,,
ESP_013948_1410_RED.browse_enh.png,1308,2568,20,36,1.2,720,1.8,bright,3,2,2,0,False,1.0,1.0,40.24,no,0.8183,0.9224,0.8764,29.5,69.5,CONFIRMED-LEAD,high,small_blob,"Real feature confirmed at the same pixels in the corresponding band variant(s) of one acquisition. Fetch the EDR original, geolocate on Trek, and check for an independent pass at a different lighting before writing a finding.",data/processed\ESP_013948_1410\ESP_013948_1410_RED.browse_enh.png,,0.390,,,,,,,
ESP_013236_1410_MIRB.browse_enh.png,1844,4540,16,40,2.24,640,2.5,dark,3,2,1,1,False,1.0,1.0,22.38,no,0.8594,1.2368,0.8137,47.4,69.4,CONFIRMED-LEAD,high,small_blob,"Real feature confirmed at the same pixels in the corresponding band variant(s) of one acquisition. Fetch the EDR original, geolocate on Trek, and check for an independent pass at a different lighting before writing a finding.",data/processed\ESP_013236_1410\ESP_013236_1410_MIRB.browse_enh.png,,0.376,,,,,,,
ESP_013948_1410_MRGB.browse_enh.png,2772,10424,20,20,0.48,400,1.0,dark,2,1,2,0,False,1.0,0.727,35.0,no,0.7965,1.1145,0.9198,29.4,69.4,CONFIRMED-LEAD,high,small_blob,"Real feature confirmed at the same pixels in the corresponding band variant(s) of one acquisition. Fetch the EDR original, geolocate on Trek, and check for an independent pass at a different lighting before writing a finding.",data/processed\ESP_013948_1410\ESP_013948_1410_MRGB.browse_enh.png,,0.472,,,,,,,
ESP_013948_1410_RED.abrowse_enh.png,2580,576,20,52,0.17,1040,2.6,bright,3,2,2,0,False,0.972,0.725,45.83,no,0.8711,1.5666,0.3267,29.3,69.3,CONFIRMED-LEAD,high,small_blob,"Real feature confirmed at the same pixels in the corresponding band variant(s) of one acquisition. Fetch the EDR original, geolocate on Trek, and check for an independent pass at a different lighting before writing a finding.",data/processed\ESP_013948_1410\ESP_013948_1410_RED.abrowse_enh.png,,0.498,,,,,,,
ESP_013948_1410_RED.abrowse_enh.png,648,2536,16,28,0.5,448,1.75,bright,3,2,2,0,False,1.0,0.685,45.39,no,0.7582,1.0621,0.4772,33.3,69.3,CONFIRMED-LEAD,high,small_blob,"Real feature confirmed at the same pixels in the corresponding band variant(s) of one acquisition. Fetch the EDR original, geolocate on Trek, and check for an independent pass at a different lighting before writing a finding.",data/processed\ESP_013948_1410\ESP_013948_1410_RED.abrowse_enh.png,,0.470,,,,,,,
ESP_013948_1410_RED.browse_enh.png,648,2340,16,28,0.5,448,1.75,bright,3,2,2,0,False,1.0,0.685,45.65,no,0.7586,1.0734,0.4741,33.3,69.3,CONFIRMED-LEAD,high,small_blob,"Real feature confirmed at the same pixels in the corresponding band variant(s) of one acquisition. Fetch the EDR original, geolocate on Trek, and check for an independent pass at a different lighting before writing a finding.",data/processed\ESP_013948_1410\ESP_013948_1410_RED.browse_enh.png,,0.470,,,,,,,
ESP_013236_1410_RED.NOMAP.browse_enh.png,2680,3468,36,12,3.12,432,3.0,bright,2,0,0,0,False,0.991,1.0,21.7,no,0.8648,2.0755,0.8822,59.2,69.2,PROMISING,medium,,Strong single-image signal but not confirmed across band variants. Compare against the original product and look for the feature in a same-footprint sibling or an independent acquisition.,data/processed\ESP_013236_1410\ESP_013236_1410_RED.NOMAP.browse_enh.png,,0.125,,,,,,,
ESP_013236_1410_RED.abrowse_enh.png,840,4660,12,28,0.14,336,2.33,bright,3,2,2,0,False,1.0,1.0,65.18,no,0.8308,0.807,0.6757,29.2,69.2,CONFIRMED-LEAD,high,small_blob,"Real feature confirmed at the same pixels in the corresponding band variant(s) of one acquisition. Fetch the EDR original, geolocate on Trek, and check for an independent pass at a different lighting before writing a finding.",data/processed\ESP_013236_1410\ESP_013236_1410_RED.abrowse_enh.png,,0.498,,,,,,,
ESP_013948_1410_MIRB.browse_enh.png,1564,7624,20,20,0.34,400,1.0,bright,3,2,2,0,False,1.0,0.54,30.94,no,0.7582,1.4907,0.8304,33.2,69.2,CONFIRMED-LEAD,high,small_blob,"Real feature confirmed at the same pixels in the corresponding band variant(s) of one acquisition. Fetch the EDR original, geolocate on Trek, and check for an independent pass at a different lighting before writing a finding.",data/processed\ESP_013948_1410\ESP_013948_1410_MIRB.browse_enh.png,,0.490,,,,,,,
ESP_013948_1410_MRGB.browse_enh.png,1564,7624,20,20,0.34,400,1.0,bright,3,2,2,0,False,1.0,0.54,31.23,no,0.7586,1.5198,0.8251,33.2,69.2,CONFIRMED-LEAD,high,small_blob,"Real feature confirmed at the same pixels in the corresponding band variant(s) of one acquisition. Fetch the EDR original, geolocate on Trek, and check for an independent pass at a different lighting before writing a finding.",data/processed\ESP_013948_1410\ESP_013948_1410_MRGB.browse_enh.png,,0.490,,,,,,,
ESP_013236_1410_MIRB.browse_enh.png,2036,4572,20,40,0.5,800,2.0,dark,3,2,2,0,False,0.991,0.613,34.61,no,0.8366,1.5411,0.7248,33.1,69.1,CONFIRMED-LEAD,high,small_blob,"Real feature confirmed at the same pixels in the corresponding band variant(s) of one acquisition. Fetch the EDR original, geolocate on Trek, and check for an independent pass at a different lighting before writing a finding.",data/processed\ESP_013236_1410\ESP_013236_1410_MIRB.browse_enh.png,,0.470,,,,,,,
ESP_013236_1410_RED.browse_enh.png,3200,9872,24,32,1.06,768,1.33,dark,2,0,2,0,False,1.0,0.826,22.61,no,0.838,1.2049,0.9353,29.1,69.1,CONFIRMED-LEAD,high,small_blob,"Real feature confirmed at the same pixels in the corresponding band variant(s) of one acquisition. Fetch the EDR original, geolocate on Trek, and check for an independent pass at a different lighting before writing a finding.",data/processed\ESP_013236_1410\ESP_013236_1410_RED.browse_enh.png,,0.399,,,,,,,
ESP_013948_1410_RED.abrowse_enh.png,1928,9876,16,32,0.06,512,2.0,bright,3,2,2,0,False,0.77,0.754,42.6,no,0.7606,1.5031,0.601,29.1,69.1,CONFIRMED-LEAD,high,small_blob,"Real feature confirmed at the same pixels in the corresponding band variant(s) of one acquisition. Fetch the EDR original, geolocate on Trek, and check for an independent pass at a different lighting before writing a finding.",data/processed\ESP_013948_1410\ESP_013948_1410_RED.abrowse_enh.png,,0.498,,,,,,,
ESP_013236_1410_MIRB.abrowse_enh.png,840,4660,12,28,0.1,336,2.33,bright,3,2,2,0,False,1.0,1.0,61.26,no,0.8255,0.8856,0.6309,28.8,68.8,CONFIRMED-LEAD,high,small_blob,"Real feature confirmed at the same pixels in the corresponding band variant(s) of one acquisition. Fetch the EDR original, geolocate on Trek, and check for an independent pass at a different lighting before writing a finding.",data/processed\ESP_013236_1410\ESP_013236_1410_MIRB.abrowse_enh.png,,0.498,,,,,,,
ESP_013236_1410_MRGB.abrowse_enh.png,840,4660,12,28,0.1,336,2.33,bright,3,2,2,0,False,1.0,1.0,61.26,no,0.8255,0.8856,0.6309,28.8,68.8,CONFIRMED-LEAD,high,small_blob,"Real feature confirmed at the same pixels in the corresponding band variant(s) of one acquisition. Fetch the EDR original, geolocate on Trek, and check for an independent pass at a different lighting before writing a finding.",data/processed\ESP_013236_1410\ESP_013236_1410_MRGB.abrowse_enh.png,,0.498,,,,,,,
ESP_013236_1410_RED.abrowse_enh.png,856,6640,24,20,0.33,480,1.2,bright,3,2,2,0,False,0.952,0.591,33.99,no,0.8401,1.3948,0.4875,32.8,68.8,CONFIRMED-LEAD,high,small_blob,"Real feature confirmed at the same pixels in the corresponding band variant(s) of one acquisition. Fetch the EDR original, geolocate on Trek, and check for an independent pass at a different lighting before writing a finding.",data/processed\ESP_013236_1410\ESP_013236_1410_RED.abrowse_enh.png,,0.492,,,,,,,
ESP_013236_1410_RED.browse_enh.png,824,4208,28,24,0.31,672,1.17,bright,3,2,2,0,False,1.0,0.518,46.25,no,0.7266,1.1502,0.3794,32.8,68.8,CONFIRMED-LEAD,high,small_blob,"Real feature confirmed at the same pixels in the corresponding band variant(s) of one acquisition. Fetch the EDR original, geolocate on Trek, and check for an independent pass at a different lighting before writing a finding.",data/processed\ESP_013236_1410\ESP_013236_1410_RED.browse_enh.png,,0.493,,,,,,,
ESP_013948_1410_MIRB.browse_enh.png,608,4884,16,20,1.03,320,1.25,bright,3,2,2,0,False,1.0,1.0,42.31,no,0.6855,0.8913,0.8184,28.8,68.8,CONFIRMED-LEAD,high,small_blob,"Real feature confirmed at the same pixels in the corresponding band variant(s) of one acquisition. Fetch the EDR original, geolocate on Trek, and check for an independent pass at a different lighting before writing a finding.",data/processed\ESP_013948_1410\ESP_013948_1410_MIRB.browse_enh.png,,0.402,,,,,,,
ESP_013948_1410_MRGB.browse_enh.png,608,4884,16,20,1.03,320,1.25,bright,3,2,2,0,False,1.0,1.0,42.27,no,0.6866,0.9039,0.8188,28.8,68.8,CONFIRMED-LEAD,high,small_blob,"Real feature confirmed at the same pixels in the corresponding band variant(s) of one acquisition. Fetch the EDR original, geolocate on Trek, and check for an independent pass at a different lighting before writing a finding.",data/processed\ESP_013948_1410\ESP_013948_1410_MRGB.browse_enh.png,,0.402,,,,,,,
ESP_013948_1410_RED.browse_enh.png,608,4884,16,20,1.03,320,1.25,bright,3,2,2,0,False,1.0,1.0,45.31,no,0.6959,0.9141,0.8198,28.8,68.8,CONFIRMED-LEAD,high,small_blob,"Real feature confirmed at the same pixels in the corresponding band variant(s) of one acquisition. Fetch the EDR original, geolocate on Trek, and check for an independent pass at a different lighting before writing a finding.",data/processed\ESP_013948_1410\ESP_013948_1410_RED.browse_enh.png,,0.402,,,,,,,
ESP_013948_1410_RED.browse_enh.png,1564,7624,20,20,0.3,400,1.0,bright,3,2,2,0,False,1.0,0.577,33.42,no,0.773,1.4601,0.82,32.8,68.8,CONFIRMED-LEAD,high,small_blob,"Real feature confirmed at the same pixels in the corresponding band variant(s) of one acquisition. Fetch the EDR original, geolocate on Trek, and check for an independent pass at a different lighting before writing a finding.",data/processed\ESP_013948_1410\ESP_013948_1410_RED.browse_enh.png,,0.495,,,,,,,
ESP_013948_1410_MIRB.abrowse_enh.png,792,4940,12,28,0.09,336,2.33,dark,3,2,2,0,False,0.913,0.744,51.25,no,0.6601,1.3719,0.4324,28.7,68.7,CONFIRMED-LEAD,high,small_blob,"Real feature confirmed at the same pixels in the corresponding band variant(s) of one acquisition. Fetch the EDR original, geolocate on Trek, and check for an independent pass at a different lighting before writing a finding.",data/processed\ESP_013948_1410\ESP_013948_1410_MIRB.abrowse_enh.png,,0.498,,,,,,,
ESP_013948_1410_MRGB.abrowse_enh.png,792,4940,12,28,0.09,336,2.33,dark,3,2,2,0,False,0.913,0.744,51.25,no,0.6601,1.3718,0.4314,28.7,68.7,CONFIRMED-LEAD,high,small_blob,"Real feature confirmed at the same pixels in the corresponding band variant(s) of one acquisition. Fetch the EDR original, geolocate on Trek, and check for an independent pass at a different lighting before writing a finding.",data/processed\ESP_013948_1410\ESP_013948_1410_MRGB.abrowse_enh.png,,0.498,,,,,,,
ESP_013236_1410_MIRB.abrowse_enh.png,856,6640,24,20,0.31,480,1.2,bright,3,2,2,0,False,0.954,0.573,32.32,no,0.8288,1.4052,0.46,32.6,68.6,CONFIRMED-LEAD,high,small_blob,"Real feature confirmed at the same pixels in the corresponding band variant(s) of one acquisition. Fetch the EDR original, geolocate on Trek, and check for an independent pass at a different lighting before writing a finding.",data/processed\ESP_013236_1410\ESP_013236_1410_MIRB.abrowse_enh.png,,0.493,,,,,,,
ESP_013236_1410_MIRB.thumb_enh.png,436,2260,24,28,0.29,672,1.17,bright,3,2,2,0,False,1.0,0.529,51.28,no,0.8348,1.0012,0.6007,32.6,68.6,CONFIRMED-LEAD,high,small_blob,"Real feature confirmed at the same pixels in the corresponding band variant(s) of one acquisition. Fetch the EDR original, geolocate on Trek, and check for an independent pass at a different lighting before writing a finding.",data/processed\ESP_013236_1410\ESP_013236_1410_MIRB.thumb_enh.png,,0.495,,,,,,,
ESP_013236_1410_MRGB.abrowse_enh.png,856,6640,24,20,0.31,480,1.2,bright,3,2,2,0,False,0.954,0.573,32.32,no,0.8288,1.4052,0.46,32.6,68.6,CONFIRMED-LEAD,high,small_blob,"Real feature confirmed at the same pixels in the corresponding band variant(s) of one acquisition. Fetch the EDR original, geolocate on Trek, and check for an independent pass at a different lighting before writing a finding.",data/processed\ESP_013236_1410\ESP_013236_1410_MRGB.abrowse_enh.png,,0.493,,,,,,,
ESP_013948_1410_MIRB.browse_enh.png,524,2164,24,28,0.29,672,1.17,dark,3,2,2,0,False,0.905,0.5,23.79,no,0.7774,2.1124,0.7843,32.6,68.6,CONFIRMED-LEAD,high,small_blob,"Real feature confirmed at the same pixels in the corresponding band variant(s) of one acquisition. Fetch the EDR original, geolocate on Trek, and check for an independent pass at a different lighting before writing a finding.",data/processed\ESP_013948_1410\ESP_013948_1410_MIRB.browse_enh.png,,0.495,,,,,,,
ESP_013948_1410_MRGB.browse_enh.png,524,2164,24,28,0.29,672,1.17,dark,3,2,2,0,False,0.902,0.5,23.92,no,0.7776,2.0956,0.7795,32.6,68.6,CONFIRMED-LEAD,high,small_blob,"Real feature confirmed at the same pixels in the corresponding band variant(s) of one acquisition. Fetch the EDR original, geolocate on Trek, and check for an independent pass at a different lighting before writing a finding.",data/processed\ESP_013948_1410\ESP_013948_1410_MRGB.browse_enh.png,,0.495,,,,,,,
ESP_013948_1410_MRGB.browse_enh.png,2284,9920,20,28,1.94,560,1.4,bright,3,2,1,1,False,1.0,0.922,25.23,no,0.7961,1.5195,0.9288,46.6,68.6,CONFIRMED-LEAD,high,small_blob,"Real feature confirmed at the same pixels in the corresponding band variant(s) of one acquisition. Fetch the EDR original, geolocate on Trek, and check for an independent pass at a different lighting before writing a finding.",data/processed\ESP_013948_1410\ESP_013948_1410_MRGB.browse_enh.png,,0.376,,,,,,,
ESP_013948_1410_RED.browse_enh.png,1596,8792,28,32,0.27,896,1.14,dark,3,2,2,0,False,1.0,0.6,37.7,no,0.8505,1.2311,0.687,32.6,68.6,CONFIRMED-LEAD,high,small_blob,"Real feature confirmed at the same pixels in the corresponding band variant(s) of one acquisition. Fetch the EDR original, geolocate on Trek, and check for an independent pass at a different lighting before writing a finding.",data/processed\ESP_013948_1410\ESP_013948_1410_RED.browse_enh.png,,0.496,,,,,,,
ESP_013948_1410_RED.abrowse_enh.png,1296,4344,24,20,0.98,480,1.2,bright,3,2,2,0,False,1.0,1.0,53.84,no,0.763,0.7222,0.8646,28.5,68.5,CONFIRMED-LEAD,high,small_blob,"Real feature confirmed at the same pixels in the corresponding band variant(s) of one acquisition. Fetch the EDR original, geolocate on Trek, and check for an independent pass at a different lighting before writing a finding.",data/processed\ESP_013948_1410\ESP_013948_1410_RED.abrowse_enh.png,,0.402,,,,,,,
ESP_013948_1410_RED.browse_enh.png,2708,752,24,32,0.3,768,1.33,dark,3,2,2,0,False,1.0,0.577,37.06,no,0.7779,1.7993,0.4887,32.5,68.5,CONFIRMED-LEAD,high,small_blob,"Real feature confirmed at the same pixels in the corresponding band variant(s) of one acquisition. Fetch the EDR original, geolocate on Trek, and check for an independent pass at a different lighting before writing a finding.",data/processed\ESP_013948_1410\ESP_013948_1410_RED.browse_enh.png,,0.495,,,,,,,
ESP_013948_1410_MIRB.browse_enh.png,1896,9648,24,28,0.27,672,1.17,dark,3,2,2,0,False,1.0,0.521,43.29,no,0.806,1.4591,0.7572,32.4,68.4,CONFIRMED-LEAD,high,small_blob,"Real feature confirmed at the same pixels in the corresponding band variant(s) of one acquisition. Fetch the EDR original, geolocate on Trek, and check for an independent pass at a different lighting before writing a finding.",data/processed\ESP_013948_1410\ESP_013948_1410_MIRB.browse_enh.png,,0.496,,,,,,,
ESP_013948_1410_MRGB.browse_enh.png,1896,9648,24,28,0.27,672,1.17,dark,3,2,2,0,False,1.0,0.675,43.53,no,0.8072,1.439,0.7568,32.4,68.4,CONFIRMED-LEAD,high,small_blob,"Real feature confirmed at the same pixels in the corresponding band variant(s) of one acquisition. Fetch the EDR original, geolocate on Trek, and check for an independent pass at a different lighting before writing a finding.",data/processed\ESP_013948_1410\ESP_013948_1410_MRGB.browse_enh.png,,0.496,,,,,,,
diff_ESP_013236_1410_MRGB.browse_vs_ESP_013236_1410_RED.NOMAP.browse.png,980,4768,16,48,3.01,768,3.0,bright,2,0,0,0,False,1.0,0.97,33.63,no,0.8365,1.1765,0.9028,58.4,68.4,PROMISING,medium,,Strong single-image signal but not confirmed across band variants. Compare against the original product and look for the feature in a same-footprint sibling or an independent acquisition.,data/processed\extras_compare\ESP_013236_1410\diff_ESP_013236_1410_MRGB.browse_vs_ESP_013236_1410_RED.NOMAP.browse.png,,0.146,,,,,,,
ESP_013236_1410_MIRB.browse_enh.png,1640,8464,24,36,0.31,864,1.5,dark,3,2,2,0,False,0.992,0.519,40.36,no,0.8576,1.4356,0.8669,32.3,68.3,CONFIRMED-LEAD,high,small_blob,"Real feature confirmed at the same pixels in the corresponding band variant(s) of one acquisition. Fetch the EDR original, geolocate on Trek, and check for an independent pass at a different lighting before writing a finding.",data/processed\ESP_013236_1410\ESP_013236_1410_MIRB.browse_enh.png,,0.493,,,,,,,
ESP_013236_1410_MRGB.browse_enh.png,1640,8464,24,36,0.31,864,1.5,dark,3,2,2,0,False,0.992,0.519,40.36,no,0.8576,1.4356,0.8669,32.3,68.3,CONFIRMED-LEAD,high,small_blob,"Real feature confirmed at the same pixels in the corresponding band variant(s) of one acquisition. Fetch the EDR original, geolocate on Trek, and check for an independent pass at a different lighting before writing a finding.",data/processed\ESP_013236_1410\ESP_013236_1410_MRGB.browse_enh.png,,0.493,,,,,,,
ESP_013236_1410_RED.browse_enh.png,3328,6416,16,24,1.02,384,1.5,bright,2,0,2,0,False,1.0,1.0,42.55,no,0.7298,0.9431,0.888,28.3,68.3,CONFIRMED-LEAD,high,small_blob,"Real feature confirmed at the same pixels in the corresponding band variant(s) of one acquisition. Fetch the EDR original, geolocate on Trek, and check for an independent pass at a different lighting before writing a finding.",data/processed\ESP_013236_1410\ESP_013236_1410_RED.browse_enh.png,,0.402,,,,,,,
ESP_013948_1410_MRGB.browse_enh.png,1700,5656,16,24,1.94,384,1.5,dark,3,2,1,1,False,1.0,1.0,28.59,no,0.7901,1.437,0.9461,46.3,68.3,CONFIRMED-LEAD,high,small_blob,"Real feature confirmed at the same pixels in the corresponding band variant(s) of one acquisition. Fetch the EDR original, geolocate on Trek, and check for an independent pass at a different lighting before writing a finding.",data/processed\ESP_013948_1410\ESP_013948_1410_MRGB.browse_enh.png,,0.376,,,,,,,
ESP_013236_1410_IRB.NOMAP.browse_enh.png,832,5988,16,32,2.58,512,2.0,bright,2,1,1,0,False,1.0,1.0,28.86,no,0.8639,1.3955,0.9051,46.2,68.2,CONFIRMED-LEAD,high,small_blob,"Real feature confirmed at the same pixels in the corresponding band variant(s) of one acquisition. Fetch the EDR original, geolocate on Trek, and check for an independent pass at a different lighting before writing a finding.",data/processed\ESP_013236_1410\ESP_013236_1410_IRB.NOMAP.browse_enh.png,,0.295,,,,,,,
ESP_013236_1410_MIRB.browse_enh.png,1688,1272,20,32,0.33,640,1.6,dark,3,2,2,0,False,0.974,0.617,47.83,no,0.8895,1.0068,0.8388,32.2,68.2,CONFIRMED-LEAD,high,small_blob,"Real feature confirmed at the same pixels in the corresponding band variant(s) of one acquisition. Fetch the EDR original, geolocate on Trek, and check for an independent pass at a different lighting before writing a finding.",data/processed\ESP_013236_1410\ESP_013236_1410_MIRB.browse_enh.png,,0.492,,,,,,,
ESP_013236_1410_MRGB.abrowse_enh.png,2704,10108,28,16,1.97,448,1.75,bright,3,2,1,1,False,1.0,1.0,27.84,no,0.8253,1.2443,0.8854,46.2,68.2,CONFIRMED-LEAD,high,small_blob,"Real feature confirmed at the same pixels in the corresponding band variant(s) of one acquisition. Fetch the EDR original, geolocate on Trek, and check for an independent pass at a different lighting before writing a finding.",data/processed\ESP_013236_1410\ESP_013236_1410_MRGB.abrowse_enh.png,,0.376,,,,,,,
ESP_013236_1410_MRGB.browse_enh.png,2356,9628,20,32,1.93,640,1.6,bright,3,2,1,1,False,1.0,0.946,27.16,no,0.7884,1.3791,0.8296,46.2,68.2,CONFIRMED-LEAD,high,small_blob,"Real feature confirmed at the same pixels in the corresponding band variant(s) of one acquisition. Fetch the EDR original, geolocate on Trek, and check for an independent pass at a different lighting before writing a finding.",data/processed\ESP_013236_1410\ESP_013236_1410_MRGB.browse_enh.png,,0.376,,,,,,,
ESP_013236_1410_RED.browse_enh.png,680,4328,16,16,0.92,256,1.0,bright,3,2,2,0,False,1.0,1.0,42.39,no,0.6397,0.6982,0.9854,28.2,68.2,CONFIRMED-LEAD,high,small_blob,"Real feature confirmed at the same pixels in the corresponding band variant(s) of one acquisition. Fetch the EDR original, geolocate on Trek, and check for an independent pass at a different lighting before writing a finding.",data/processed\ESP_013236_1410\ESP_013236_1410_RED.browse_enh.png,,0.403,,,,,,,
ESP_013236_1410_RED.browse_enh.png,3280,6428,20,28,0.97,560,1.4,bright,2,0,2,0,False,1.0,1.0,49.3,no,0.7829,0.9599,0.8981,28.1,68.1,CONFIRMED-LEAD,high,small_blob,"Real feature confirmed at the same pixels in the corresponding band variant(s) of one acquisition. Fetch the EDR original, geolocate on Trek, and check for an independent pass at a different lighting before writing a finding.",data/processed\ESP_013236_1410\ESP_013236_1410_RED.browse_enh.png,,0.402,,,,,,,
ESP_013948_1410_MIRB.browse_enh.png,1296,4148,24,20,0.94,480,1.2,bright,3,2,2,0,False,1.0,1.0,50.54,no,0.7567,0.6988,0.8685,28.1,68.1,CONFIRMED-LEAD,high,small_blob,"Real feature confirmed at the same pixels in the corresponding band variant(s) of one acquisition. Fetch the EDR original, geolocate on Trek, and check for an independent pass at a different lighting before writing a finding.",data/processed\ESP_013948_1410\ESP_013948_1410_MIRB.browse_enh.png,,0.402,,,,,,,
ESP_013948_1410_MRGB.browse_enh.png,1296,4148,24,20,0.94,480,1.2,bright,3,2,2,0,False,1.0,1.0,50.55,no,0.7554,0.6991,0.8686,28.1,68.1,CONFIRMED-LEAD,high,small_blob,"Real feature confirmed at the same pixels in the corresponding band variant(s) of one acquisition. Fetch the EDR original, geolocate on Trek, and check for an independent pass at a different lighting before writing a finding.",data/processed\ESP_013948_1410\ESP_013948_1410_MRGB.browse_enh.png,,0.402,,,,,,,
ESP_013948_1410_RED.abrowse_enh.png,1896,9844,24,28,0.23,672,1.17,dark,3,2,2,0,False,1.0,0.689,46.03,no,0.8171,1.3983,0.6265,32.1,68.1,CONFIRMED-LEAD,high,small_blob,"Real feature confirmed at the same pixels in the corresponding band variant(s) of one acquisition. Fetch the EDR original, geolocate on Trek, and check for an independent pass at a different lighting before writing a finding.",data/processed\ESP_013948_1410\ESP_013948_1410_RED.abrowse_enh.png,,0.498,,,,,,,
ESP_013236_1410_RED.browse_enh.png,1960,9476,16,32,0.39,512,2.0,dark,3,2,2,0,False,1.0,0.656,25.25,no,0.8198,1.9164,0.6889,32.0,68.0,CONFIRMED-LEAD,high,small_blob,"Real feature confirmed at the same pixels in the corresponding band variant(s) of one acquisition. Fetch the EDR original, geolocate on Trek, and check for an independent pass at a different lighting before writing a finding.",data/processed\ESP_013236_1410\ESP_013236_1410_RED.browse_enh.png,,0.485,,,,,,,
ESP_013236_1410_RED.NOMAP.browse_enh.png,2216,5076,8,28,3.08,224,3.5,bright,2,0,0,0,False,0.999,1.0,24.51,no,0.8582,1.6003,0.9108,57.9,67.9,PROMISING,medium,,Strong single-image signal but not confirmed across band variants. Compare against the original product and look for the feature in a same-footprint sibling or an independent acquisition.,data/processed\ESP_013236_1410\ESP_013236_1410_RED.NOMAP.browse_enh.png,,0.132,,,,,,,
ESP_013948_1410_RED.browse_enh.png,700,6212,24,24,0.87,576,1.0,dark,2,0,2,0,False,1.0,0.87,36.21,no,0.7598,1.8044,0.8589,27.9,67.9,CONFIRMED-LEAD,high,small_blob,"Real feature confirmed at the same pixels in the corresponding band variant(s) of one acquisition. Fetch the EDR original, geolocate on Trek, and check for an independent pass at a different lighting before writing a finding.",data/processed\ESP_013948_1410\ESP_013948_1410_RED.browse_enh.png,,0.405,,,,,,,
ESP_013948_1410_MIRB.abrowse_enh.png,1944,2056,28,32,0.18,896,1.14,dark,3,2,2,0,False,1.0,0.654,50.96,no,0.8294,1.2718,0.8498,31.8,67.8,CONFIRMED-LEAD,high,small_blob,"Real feature confirmed at the same pixels in the corresponding band variant(s) of one acquisition. Fetch the EDR original, geolocate on Trek, and check for an independent pass at a different lighting before writing a finding.",data/processed\ESP_013948_1410\ESP_013948_1410_MIRB.abrowse_enh.png,,0.498,,,,,,,
ESP_013948_1410_MRGB.abrowse_enh.png,1944,2056,28,32,0.18,896,1.14,dark,3,2,2,0,False,1.0,0.654,50.96,no,0.8294,1.2718,0.8493,31.8,67.8,CONFIRMED-LEAD,high,small_blob,"Real feature confirmed at the same pixels in the corresponding band variant(s) of one acquisition. Fetch the EDR original, geolocate on Trek, and check for an independent pass at a different lighting before writing a finding.",data/processed\ESP_013948_1410\ESP_013948_1410_MRGB.abrowse_enh.png,,0.498,,,,,,,
ESP_013948_1410_MRGB.abrowse_enh.png,3092,6868,24,20,0.22,480,1.2,bright,3,2,2,0,False,1.0,0.689,27.8,no,0.6378,1.6656,0.5075,31.8,67.8,CONFIRMED-LEAD,high,small_blob,"Real feature confirmed at the same pixels in the corresponding band variant(s) of one acquisition. Fetch the EDR original, geolocate on Trek, and check for an independent pass at a different lighting before writing a finding.",data/processed\ESP_013948_1410\ESP_013948_1410_MRGB.abrowse_enh.png,,0.498,,,,,,,
ESP_013236_1410_MRGB.browse_enh.png,2352,9584,12,28,2.03,336,2.33,bright,3,2,1,1,False,1.0,1.0,26.47,no,0.7801,0.9222,0.9111,45.7,67.7,CONFIRMED-LEAD,high,small_blob,"Real feature confirmed at the same pixels in the corresponding band variant(s) of one acquisition. Fetch the EDR original, geolocate on Trek, and check for an independent pass at a different lighting before writing a finding.",data/processed\ESP_013236_1410\ESP_013236_1410_MRGB.browse_enh.png,,0.376,,,,,,,
ESP_013236_1410_MRGB.browse_enh.png,2704,9912,28,16,1.91,448,1.75,bright,3,2,1,1,False,1.0,1.0,28.79,no,0.8249,1.157,0.8893,45.7,67.7,CONFIRMED-LEAD,high,small_blob,"Real feature confirmed at the same pixels in the corresponding band variant(s) of one acquisition. Fetch the EDR original, geolocate on Trek, and check for an independent pass at a different lighting before writing a finding.",data/processed\ESP_013236_1410\ESP_013236_1410_MRGB.browse_enh.png,,0.376,,,,,,,
ESP_013948_1410_RED.thumb_enh.png,192,1188,16,24,0.95,384,1.5,dark,2,0,2,0,False,1.0,1.0,48.6,no,0.601,1.4213,0.7925,27.7,67.7,CONFIRMED-LEAD,high,small_blob,"Real feature confirmed at the same pixels in the corresponding band variant(s) of one acquisition. Fetch the EDR original, geolocate on Trek, and check for an independent pass at a different lighting before writing a finding.",data/processed\ESP_013948_1410\ESP_013948_1410_RED.thumb_enh.png,,0.402,,,,,,,
ESP_013948_1410_MRGB.browse_enh.png,2572,1476,20,16,0.21,320,1.25,dark,3,2,2,0,False,0.922,0.663,29.09,no,0.7816,1.7805,0.6404,31.6,67.6,CONFIRMED-LEAD,high,small_blob,"Real feature confirmed at the same pixels in the corresponding band variant(s) of one acquisition. Fetch the EDR original, geolocate on Trek, and check for an independent pass at a different lighting before writing a finding.",data/processed\ESP_013948_1410\ESP_013948_1410_MRGB.browse_enh.png,,0.498,,,,,,,
ESP_013948_1410_RGB.NOMAP.browse_enh.png,836,5472,12,28,2.59,336,2.33,bright,2,1,1,0,False,1.0,1.0,32.44,no,0.8088,1.6834,0.9271,45.6,67.6,CONFIRMED-LEAD,high,small_blob,"Real feature confirmed at the same pixels in the corresponding band variant(s) of one acquisition. Fetch the EDR original, geolocate on Trek, and check for an independent pass at a different lighting before writing a finding.",data/processed\ESP_013948_1410\ESP_013948_1410_RGB.NOMAP.browse_enh.png,,0.292,,,,,,,
ESP_013236_1410_RED.browse_enh.png,1960,1372,28,20,0.22,560,1.4,dark,3,2,2,0,False,1.0,0.517,45.48,no,0.753,1.4227,0.4892,31.5,67.5,CONFIRMED-LEAD,high,small_blob,"Real feature confirmed at the same pixels in the corresponding band variant(s) of one acquisition. Fetch the EDR original, geolocate on Trek, and check for an independent pass at a different lighting before writing a finding.",data/processed\ESP_013236_1410\ESP_013236_1410_RED.browse_enh.png,,0.498,,,,,,,
ESP_013948_1410_RED.abrowse_enh.png,760,5152,32,20,0.25,640,1.6,bright,3,2,2,0,False,1.0,0.68,68.63,no,0.7891,1.1246,0.7232,31.5,67.5,CONFIRMED-LEAD,high,small_blob,"Real feature confirmed at the same pixels in the corresponding band variant(s) of one acquisition. Fetch the EDR original, geolocate on Trek, and check for an independent pass at a different lighting before writing a finding.",data/processed\ESP_013948_1410\ESP_013948_1410_RED.abrowse_enh.png,,0.497,,,,,,,
ESP_013948_1410_RED.browse_enh.png,820,2344,20,24,0.17,480,1.2,dark,3,2,2,0,False,0.741,0.515,45.27,no,0.7601,1.6699,0.7518,31.4,67.4,CONFIRMED-LEAD,high,small_blob,"Real feature confirmed at the same pixels in the corresponding band variant(s) of one acquisition. Fetch the EDR original, geolocate on Trek, and check for an independent pass at a different lighting before writing a finding.",data/processed\ESP_013948_1410\ESP_013948_1410_RED.browse_enh.png,,0.498,,,,,,,
ESP_013948_1410_RED.browse_enh.png,1392,2920,36,24,0.21,864,1.5,dark,3,2,2,0,False,0.901,0.534,38.68,no,0.6801,1.3978,0.8856,31.4,67.4,CONFIRMED-LEAD,high,small_blob,"Real feature confirmed at the same pixels in the corresponding band variant(s) of one acquisition. Fetch the EDR original, geolocate on Trek, and check for an independent pass at a different lighting before writing a finding.",data/processed\ESP_013948_1410\ESP_013948_1410_RED.browse_enh.png,,0.498,,,,,,,
ESP_013948_1410_RED.browse_enh.png,3596,8960,16,36,1.51,576,2.25,dark,2,0,2,0,False,1.0,0.687,26.97,no,0.8548,1.2648,0.666,31.4,67.4,CONFIRMED-LEAD,high,small_blob,"Real feature confirmed at the same pixels in the corresponding band variant(s) of one acquisition. Fetch the EDR original, geolocate on Trek, and check for an independent pass at a different lighting before writing a finding.",data/processed\ESP_013948_1410\ESP_013948_1410_RED.browse_enh.png,,0.379,,,,,,,
ESP_013236_1410_IRB.NOMAP.browse_enh.png,580,16380,12,24,3.05,288,2.0,dark,2,0,1,0,False,1.0,1.0,23.37,no,0.6627,1.4771,0.9372,45.2,67.2,CONFIRMED-LEAD,high,small_blob,"Real feature confirmed at the same pixels in the corresponding band variant(s) of one acquisition. Fetch the EDR original, geolocate on Trek, and check for an independent pass at a different lighting before writing a finding.",data/processed\ESP_013236_1410\ESP_013236_1410_IRB.NOMAP.browse_enh.png,,0.140,,,,,,,
ESP_013948_1410_RED.abrowse_enh.png,1112,4820,28,36,0.14,1008,1.29,bright,3,2,2,0,False,0.99,0.695,65.51,no,0.8471,0.6722,0.8886,31.2,67.2,CONFIRMED-LEAD,high,small_blob,"Real feature confirmed at the same pixels in the corresponding band variant(s) of one acquisition. Fetch the EDR original, geolocate on Trek, and check for an independent pass at a different lighting before writing a finding.",data/processed\ESP_013948_1410\ESP_013948_1410_RED.abrowse_enh.png,,0.498,,,,,,,
ESP_013236_1410_MIRB.browse_enh.png,888,4420,32,24,0.15,768,1.33,dark,3,2,2,0,False,1.0,0.517,47.66,no,0.8032,1.5019,0.7069,31.1,67.1,CONFIRMED-LEAD,high,small_blob,"Real feature confirmed at the same pixels in the corresponding band variant(s) of one acquisition. Fetch the EDR original, geolocate on Trek, and check for an independent pass at a different lighting before writing a finding.",data/processed\ESP_013236_1410\ESP_013236_1410_MIRB.browse_enh.png,,0.498,,,,,,,
ESP_013236_1410_MRGB.browse_enh.png,888,4420,32,24,0.15,768,1.33,dark,3,2,2,0,False,1.0,0.517,47.66,no,0.8032,1.5019,0.7069,31.1,67.1,CONFIRMED-LEAD,high,small_blob,"Real feature confirmed at the same pixels in the corresponding band variant(s) of one acquisition. Fetch the EDR original, geolocate on Trek, and check for an independent pass at a different lighting before writing a finding.",data/processed\ESP_013236_1410\ESP_013236_1410_MRGB.browse_enh.png,,0.498,,,,,,,
ESP_013948_1410_RED.abrowse_enh.png,740,5172,28,20,0.17,560,1.4,bright,3,2,2,0,False,1.0,0.642,58.27,no,0.7586,1.5828,0.5117,31.1,67.1,CONFIRMED-LEAD,high,small_blob,"Real feature confirmed at the same pixels in the corresponding band variant(s) of one acquisition. Fetch the EDR original, geolocate on Trek, and check for an independent pass at a different lighting before writing a finding.",data/processed\ESP_013948_1410\ESP_013948_1410_RED.abrowse_enh.png,,0.498,,,,,,,
ESP_013236_1410_MIRB.browse_enh.png,1728,7392,24,20,0.24,480,1.2,bright,2,1,2,0,False,0.941,0.915,24.48,no,0.8408,1.7824,0.2471,27.0,67.0,CONFIRMED-LEAD,high,small_blob,"Real feature confirmed at the same pixels in the corresponding band variant(s) of one acquisition. Fetch the EDR original, geolocate on Trek, and check for an independent pass at a different lighting before writing a finding.",data/processed\ESP_013236_1410\ESP_013236_1410_MIRB.browse_enh.png,,0.498,,,,,,,
ESP_013236_1410_MRGB.browse_enh.png,1728,7392,24,20,0.24,480,1.2,bright,2,1,2,0,False,0.941,0.915,24.48,no,0.8408,1.7824,0.2471,27.0,67.0,CONFIRMED-LEAD,high,small_blob,"Real feature confirmed at the same pixels in the corresponding band variant(s) of one acquisition. Fetch the EDR original, geolocate on Trek, and check for an independent pass at a different lighting before writing a finding.",data/processed\ESP_013236_1410\ESP_013236_1410_MRGB.browse_enh.png,,0.498,,,,,,,
ESP_013236_1410_RED.browse_enh.png,888,4420,32,24,0.13,768,1.33,dark,3,2,2,0,False,1.0,0.511,49.97,no,0.8102,1.4324,0.5654,31.0,67.0,CONFIRMED-LEAD,high,small_blob,"Real feature confirmed at the same pixels in the corresponding band variant(s) of one acquisition. Fetch the EDR original, geolocate on Trek, and check for an independent pass at a different lighting before writing a finding.",data/processed\ESP_013236_1410\ESP_013236_1410_RED.browse_enh.png,,0.498,,,,,,,
ESP_013948_1410_MIRB.abrowse_enh.png,1900,9844,16,28,0.23,448,1.75,dark,3,2,2,0,False,1.0,0.64,44.81,no,0.8028,1.5731,0.749,31.0,67.0,CONFIRMED-LEAD,high,small_blob,"Real feature confirmed at the same pixels in the corresponding band variant(s) of one acquisition. Fetch the EDR original, geolocate on Trek, and check for an independent pass at a different lighting before writing a finding.",data/processed\ESP_013948_1410\ESP_013948_1410_MIRB.abrowse_enh.png,,0.498,,,,,,,
ESP_013948_1410_MRGB.abrowse_enh.png,1900,9844,16,28,0.23,448,1.75,dark,3,2,2,0,False,1.0,0.64,44.81,no,0.8029,1.5731,0.749,31.0,67.0,CONFIRMED-LEAD,high,small_blob,"Real feature confirmed at the same pixels in the corresponding band variant(s) of one acquisition. Fetch the EDR original, geolocate on Trek, and check for an independent pass at a different lighting before writing a finding.",data/processed\ESP_013948_1410\ESP_013948_1410_MRGB.abrowse_enh.png,,0.498,,,,,,,
ESP_013948_1410_RED.browse_enh.png,2872,6424,28,24,0.11,672,1.17,dark,3,2,2,0,False,0.969,0.505,36.2,no,0.7579,1.677,0.3084,31.0,67.0,CONFIRMED-LEAD,high,small_blob,"Real feature confirmed at the same pixels in the corresponding band variant(s) of one acquisition. Fetch the EDR original, geolocate on Trek, and check for an independent pass at a different lighting before writing a finding.",data/processed\ESP_013948_1410\ESP_013948_1410_RED.browse_enh.png,,0.498,,,,,,,
ESP_013236_1410_RED.browse_enh.png,1140,1756,28,36,0.1,1008,1.29,bright,3,2,2,0,False,1.0,0.503,30.75,no,0.6643,1.2052,0.6901,30.9,66.9,CONFIRMED-LEAD,high,small_blob,"Real feature confirmed at the same pixels in the corresponding band variant(s) of one acquisition. Fetch the EDR original, geolocate on Trek, and check for an independent pass at a different lighting before writing a finding.",data/processed\ESP_013236_1410\ESP_013236_1410_RED.browse_enh.png,,0.498,,,,,,,
ESP_013236_1410_RED.browse_enh.png,796,4212,28,28,0.06,784,1.0,dark,3,2,2,0,False,0.691,0.597,45.29,no,0.7513,0.9069,0.5128,30.9,66.9,CONFIRMED-LEAD,high,small_blob,"Real feature confirmed at the same pixels in the corresponding band variant(s) of one acquisition. Fetch the EDR original, geolocate on Trek, and check for an independent pass at a different lighting before writing a finding.",data/processed\ESP_013236_1410\ESP_013236_1410_RED.browse_enh.png,,0.498,,,,,,,
ESP_013948_1410_MIRB.browse_enh.png,2872,6424,28,24,0.1,672,1.17,dark,3,2,2,0,False,0.972,0.505,33.78,no,0.7428,1.5724,0.3881,30.9,66.9,CONFIRMED-LEAD,high,small_blob,"Real feature confirmed at the same pixels in the corresponding band variant(s) of one acquisition. Fetch the EDR original, geolocate on Trek, and check for an independent pass at a different lighting before writing a finding.",data/processed\ESP_013948_1410\ESP_013948_1410_MIRB.browse_enh.png,,0.498,,,,,,,
ESP_013948_1410_MRGB.browse_enh.png,724,4740,12,20,0.9,240,1.67,bright,3,2,2,0,False,1.0,1.0,50.54,no,0.7694,0.6456,0.8997,26.9,66.9,CONFIRMED-LEAD,high,small_blob,"Real feature confirmed at the same pixels in the corresponding band variant(s) of one acquisition. Fetch the EDR original, geolocate on Trek, and check for an independent pass at a different lighting before writing a finding.",data/processed\ESP_013948_1410\ESP_013948_1410_MRGB.browse_enh.png,,0.405,,,,,,,
ESP_013948_1410_MRGB.browse_enh.png,2872,6424,28,24,0.1,672,1.17,dark,3,2,2,0,False,0.947,0.505,33.94,no,0.7438,1.577,0.3702,30.9,66.9,CONFIRMED-LEAD,high,small_blob,"Real feature confirmed at the same pixels in the corresponding band variant(s) of one acquisition. Fetch the EDR original, geolocate on Trek, and check for an independent pass at a different lighting before writing a finding.",data/processed\ESP_013948_1410\ESP_013948_1410_MRGB.browse_enh.png,,0.498,,,,,,,
ESP_013236_1410_MRGB.browse_enh.png,1472,2708,16,28,0.21,448,1.75,dark,3,2,2,0,False,1.0,0.538,33.62,no,0.777,1.3312,0.6899,30.8,66.8,CONFIRMED-LEAD,high,small_blob,"Real feature confirmed at the same pixels in the corresponding band variant(s) of one acquisition. Fetch the EDR original, geolocate on Trek, and check for an independent pass at a different lighting before writing a finding.",data/processed\ESP_013236_1410\ESP_013236_1410_MRGB.browse_enh.png,,0.498,,,,,,,
ESP_013948_1410_MIRB.browse_enh.png,1868,5004,16,20,1.72,320,1.25,dark,3,2,1,1,False,1.0,1.0,34.93,no,0.7828,1.0527,0.9062,44.8,66.8,CONFIRMED-LEAD,high,small_blob,"Real feature confirmed at the same pixels in the corresponding band variant(s) of one acquisition. Fetch the EDR original, geolocate on Trek, and check for an independent pass at a different lighting before writing a finding.",data/processed\ESP_013948_1410\ESP_013948_1410_MIRB.browse_enh.png,,0.376,,,,,,,
ESP_013948_1410_MRGB.abrowse_enh.png,2284,10124,20,20,1.67,400,1.0,bright,3,2,1,1,False,1.0,1.0,29.32,no,0.7182,1.4623,0.8599,44.8,66.8,CONFIRMED-LEAD,high,small_blob,"Real feature confirmed at the same pixels in the corresponding band variant(s) of one acquisition. Fetch the EDR original, geolocate on Trek, and check for an independent pass at a different lighting before writing a finding.",data/processed\ESP_013948_1410\ESP_013948_1410_MRGB.abrowse_enh.png,,0.376,,,,,,,
ESP_013236_1410_RED.abrowse_enh.png,1428,2700,24,32,0.79,768,1.33,dark,2,0,2,0,False,1.0,0.764,32.91,no,0.6411,1.3371,0.8539,26.7,66.7,CONFIRMED-LEAD,high,small_blob,"Real feature confirmed at the same pixels in the corresponding band variant(s) of one acquisition. Fetch the EDR original, geolocate on Trek, and check for an independent pass at a different lighting before writing a finding.",data/processed\ESP_013236_1410\ESP_013236_1410_RED.abrowse_enh.png,,0.417,,,,,,,
ESP_013236_1410_RED.browse_enh.png,1352,4076,20,24,0.09,480,1.2,bright,3,2,2,0,False,1.0,0.654,38.64,no,0.6208,1.3091,0.5421,30.7,66.7,CONFIRMED-LEAD,high,small_blob,"Real feature confirmed at the same pixels in the corresponding band variant(s) of one acquisition. Fetch the EDR original, geolocate on Trek, and check for an independent pass at a different lighting before writing a finding.",data/processed\ESP_013236_1410\ESP_013236_1410_RED.browse_enh.png,,0.498,,,,,,,
ESP_013236_1410_RED.browse_enh.png,744,4344,24,28,0.06,672,1.17,bright,3,2,2,0,False,1.0,0.614,49.97,no,0.5956,1.047,0.0366,30.6,66.6,CONFIRMED-LEAD,high,small_blob,"Real feature confirmed at the same pixels in the corresponding band variant(s) of one acquisition. Fetch the EDR original, geolocate on Trek, and check for an independent pass at a different lighting before writing a finding.",data/processed\ESP_013236_1410\ESP_013236_1410_RED.browse_enh.png,,0.498,,,,,,,
ESP_013236_1410_MIRB.browse_enh.png,1408,3332,36,40,0.68,1440,1.11,bright,3,2,2,0,False,1.0,0.85,56.03,no,0.8178,0.8631,0.7422,26.5,66.5,CONFIRMED-LEAD,high,small_blob,"Real feature confirmed at the same pixels in the corresponding band variant(s) of one acquisition. Fetch the EDR original, geolocate on Trek, and check for an independent pass at a different lighting before writing a finding.",data/processed\ESP_013236_1410\ESP_013236_1410_MIRB.browse_enh.png,,0.436,,,,,,,
ESP_013236_1410_IRB.NOMAP.browse_enh.png,820,15232,32,56,0.54,1792,1.75,dark,2,1,1,0,False,1.0,1.0,60.69,no,0.8704,0.9937,0.687,44.4,66.4,CONFIRMED-LEAD,high,,"Real feature confirmed at the same pixels in the corresponding band variant(s) of one acquisition. Fetch the EDR original, geolocate on Trek, and check for an independent pass at a different lighting before writing a finding.",data/processed\ESP_013236_1410\ESP_013236_1410_IRB.NOMAP.browse_enh.png,,0.463,,,,,,,
ESP_013236_1410_RED.browse_enh.png,1768,1212,20,44,0.22,880,2.2,dark,3,2,2,0,False,1.0,0.576,47.86,no,0.8672,1.1476,0.8208,30.4,66.4,CONFIRMED-LEAD,high,small_blob,"Real feature confirmed at the same pixels in the corresponding band variant(s) of one acquisition. Fetch the EDR original, geolocate on Trek, and check for an independent pass at a different lighting before writing a finding.",data/processed\ESP_013236_1410\ESP_013236_1410_RED.browse_enh.png,,0.498,,,,,,,
ESP_013948_1410_RED.browse_enh.png,2892,848,24,32,0.07,768,1.33,dark,3,2,2,0,False,0.898,0.535,59.84,no,0.8523,0.8943,0.3657,30.4,66.4,CONFIRMED-LEAD,high,small_blob,"Real feature confirmed at the same pixels in the corresponding band variant(s) of one acquisition. Fetch the EDR original, geolocate on Trek, and check for an independent pass at a different lighting before writing a finding.",data/processed\ESP_013948_1410\ESP_013948_1410_RED.browse_enh.png,,0.498,,,,,,,
ESP_013948_1410_RED.browse_enh.png,708,4904,12,24,0.91,288,2.0,bright,3,2,2,0,False,1.0,1.0,56.18,no,0.8279,0.7668,0.8819,26.4,66.4,CONFIRMED-LEAD,high,small_blob,"Real feature confirmed at the same pixels in the corresponding band variant(s) of one acquisition. Fetch the EDR original, geolocate on Trek, and check for an independent pass at a different lighting before writing a finding.",data/processed\ESP_013948_1410\ESP_013948_1410_RED.browse_enh.png,,0.404,,,,,,,
ESP_013236_1410_RED.abrowse_enh.png,672,1968,20,36,0.14,720,1.8,bright,3,2,2,0,False,1.0,0.586,48.61,no,0.747,1.5276,0.7833,30.3,66.3,CONFIRMED-LEAD,high,small_blob,"Real feature confirmed at the same pixels in the corresponding band variant(s) of one acquisition. Fetch the EDR original, geolocate on Trek, and check for an independent pass at a different lighting before writing a finding.",data/processed\ESP_013236_1410\ESP_013236_1410_RED.abrowse_enh.png,,0.498,,,,,,,
ESP_013236_1410_RED.browse_enh.png,1368,2112,12,28,0.95,336,2.33,bright,3,2,2,0,False,1.0,1.0,51.04,no,0.7019,0.4181,0.9359,26.3,66.3,CONFIRMED-LEAD,high,small_blob,"Real feature confirmed at the same pixels in the corresponding band variant(s) of one acquisition. Fetch the EDR original, geolocate on Trek, and check for an independent pass at a different lighting before writing a finding.",data/processed\ESP_013236_1410\ESP_013236_1410_RED.browse_enh.png,,0.402,,,,,,,
ESP_013948_1410_IRB.NOMAP.browse_enh.png,268,13844,16,20,2.24,320,1.25,dark,2,1,1,0,False,1.0,1.0,42.37,no,0.7898,1.0861,0.8712,44.3,66.3,CONFIRMED-LEAD,high,small_blob,"Real feature confirmed at the same pixels in the corresponding band variant(s) of one acquisition. Fetch the EDR original, geolocate on Trek, and check for an independent pass at a different lighting before writing a finding.",data/processed\ESP_013948_1410\ESP_013948_1410_IRB.NOMAP.browse_enh.png,,0.376,,,,,,,
ESP_013948_1410_MIRB.browse_enh.png,2712,708,28,36,0.03,1008,1.29,bright,3,2,2,0,False,0.771,0.675,40.07,no,0.8072,1.6375,0.3053,30.3,66.3,CONFIRMED-LEAD,high,small_blob,"Real feature confirmed at the same pixels in the corresponding band variant(s) of one acquisition. Fetch the EDR original, geolocate on Trek, and check for an independent pass at a different lighting before writing a finding.",data/processed\ESP_013948_1410\ESP_013948_1410_MIRB.browse_enh.png,,0.498,,,,,,,
ESP_013948_1410_RED.browse_enh.png,3404,6892,16,32,0.88,512,2.0,dark,2,0,2,0,False,1.0,0.817,51.97,no,0.8304,1.0401,0.8758,26.3,66.3,CONFIRMED-LEAD,high,small_blob,"Real feature confirmed at the same pixels in the corresponding band variant(s) of one acquisition. Fetch the EDR original, geolocate on Trek, and check for an independent pass at a different lighting before writing a finding.",data/processed\ESP_013948_1410\ESP_013948_1410_RED.browse_enh.png,,0.405,,,,,,,
ESP_013948_1410_IRB.NOMAP.browse_enh.png,384,8128,12,24,2.36,288,2.0,dark,2,1,1,0,False,1.0,1.0,25.47,no,0.6903,1.4288,0.8765,44.1,66.1,CONFIRMED-LEAD,high,small_blob,"Real feature confirmed at the same pixels in the corresponding band variant(s) of one acquisition. Fetch the EDR original, geolocate on Trek, and check for an independent pass at a different lighting before writing a finding.",data/processed\ESP_013948_1410\ESP_013948_1410_IRB.NOMAP.browse_enh.png,,0.376,,,,,,,
ESP_013948_1410_IRB.NOMAP.browse_enh.png,864,11460,16,28,2.3,448,1.75,dark,2,1,1,0,False,1.0,1.0,29.73,no,0.8258,0.9034,0.9501,44.1,66.1,CONFIRMED-LEAD,high,small_blob,"Real feature confirmed at the same pixels in the corresponding band variant(s) of one acquisition. Fetch the EDR original, geolocate on Trek, and check for an independent pass at a different lighting before writing a finding.",data/processed\ESP_013948_1410\ESP_013948_1410_IRB.NOMAP.browse_enh.png,,0.376,,,,,,,
ESP_013948_1410_MRGB.browse_enh.png,1868,5004,16,20,1.64,320,1.25,dark,3,2,1,1,False,1.0,1.0,33.17,no,0.7733,1.0224,0.909,44.1,66.1,CONFIRMED-LEAD,high,small_blob,"Real feature confirmed at the same pixels in the corresponding band variant(s) of one acquisition. Fetch the EDR original, geolocate on Trek, and check for an independent pass at a different lighting before writing a finding.",data/processed\ESP_013948_1410\ESP_013948_1410_MRGB.browse_enh.png,,0.376,,,,,,,
ESP_013948_1410_MRGB.browse_enh.png,2620,10196,24,16,1.68,384,1.5,bright,3,2,1,1,False,1.0,1.0,29.74,no,0.8089,1.0645,0.9515,44.1,66.1,CONFIRMED-LEAD,high,small_blob,"Real feature confirmed at the same pixels in the corresponding band variant(s) of one acquisition. Fetch the EDR original, geolocate on Trek, and check for an independent pass at a different lighting before writing a finding.",data/processed\ESP_013948_1410\ESP_013948_1410_MRGB.browse_enh.png,,0.376,,,,,,,
ESP_013948_1410_MIRB.browse_enh.png,708,4904,12,28,0.91,336,2.33,bright,3,2,2,0,False,1.0,1.0,49.62,no,0.781,0.7277,0.8137,25.9,65.9,CONFIRMED-LEAD,high,small_blob,"Real feature confirmed at the same pixels in the corresponding band variant(s) of one acquisition. Fetch the EDR original, geolocate on Trek, and check for an independent pass at a different lighting before writing a finding.",data/processed\ESP_013948_1410\ESP_013948_1410_MIRB.browse_enh.png,,0.404,,,,,,,
ESP_013948_1410_MRGB.browse_enh.png,708,4904,12,28,0.91,336,2.33,bright,3,2,2,0,False,1.0,1.0,49.73,no,0.7807,0.7267,0.8138,25.9,65.9,CONFIRMED-LEAD,high,small_blob,"Real feature confirmed at the same pixels in the corresponding band variant(s) of one acquisition. Fetch the EDR original, geolocate on Trek, and check for an independent pass at a different lighting before writing a finding.",data/processed\ESP_013948_1410\ESP_013948_1410_MRGB.browse_enh.png,,0.404,,,,,,,
diff_ESP_013236_1410_RED.abrowse_vs_ESP_013236_1410_RED.NOMAP.browse.png,904,7084,16,48,2.72,768,3.0,bright,2,0,0,0,False,1.0,0.702,23.92,no,0.7827,1.2784,0.9592,55.9,65.9,PROMISING,medium,,Strong single-image signal but not confirmed across band variants. Compare against the original product and look for the feature in a same-footprint sibling or an independent acquisition.,data/processed\extras_compare\ESP_013236_1410\diff_ESP_013236_1410_RED.abrowse_vs_ESP_013236_1410_RED.NOMAP.browse.png,,0.238,,,,,,,
ESP_013236_1410_MIRB.browse_enh.png,1704,7864,16,16,0.19,256,1.0,bright,3,2,2,0,False,0.543,0.737,28.73,no,0.671,1.4175,0.5221,31.8,65.8,CONFIRMED-LEAD,medium,small_blob,"Real feature confirmed at the same pixels in the corresponding band variant(s) of one acquisition. Fetch the EDR original, geolocate on Trek, and check for an independent pass at a different lighting before writing a finding.",data/processed\ESP_013236_1410\ESP_013236_1410_MIRB.browse_enh.png,,0.498,,,,,,,
ESP_013236_1410_MIRB.browse_enh.png,2356,9640,20,20,1.55,400,1.0,bright,3,2,1,1,False,1.0,1.0,31.94,no,0.7583,1.42,0.829,43.8,65.8,CONFIRMED-LEAD,high,small_blob,"Real feature confirmed at the same pixels in the corresponding band variant(s) of one acquisition. Fetch the EDR original, geolocate on Trek, and check for an independent pass at a different lighting before writing a finding.",data/processed\ESP_013236_1410\ESP_013236_1410_MIRB.browse_enh.png,,0.379,,,,,,,
ESP_013236_1410_MIRB.browse_enh.png,2704,9912,28,16,1.69,448,1.75,bright,3,2,1,1,False,1.0,1.0,30.37,no,0.832,1.025,0.8903,43.8,65.8,CONFIRMED-LEAD,high,small_blob,"Real feature confirmed at the same pixels in the corresponding band variant(s) of one acquisition. Fetch the EDR original, geolocate on Trek, and check for an independent pass at a different lighting before writing a finding.",data/processed\ESP_013236_1410\ESP_013236_1410_MIRB.browse_enh.png,,0.376,,,,,,,
ESP_013236_1410_MRGB.browse_enh.png,1704,7864,16,16,0.19,256,1.0,bright,3,2,2,0,False,0.543,0.737,28.73,no,0.671,1.4175,0.5221,31.8,65.8,CONFIRMED-LEAD,medium,small_blob,"Real feature confirmed at the same pixels in the corresponding band variant(s) of one acquisition. Fetch the EDR original, geolocate on Trek, and check for an independent pass at a different lighting before writing a finding.",data/processed\ESP_013236_1410\ESP_013236_1410_MRGB.browse_enh.png,,0.498,,,,,,,
ESP_013236_1410_RED.abrowse_enh.png,1904,4728,12,40,2.22,480,3.33,dark,2,1,0,2,False,1.0,1.0,29.22,no,0.8626,1.1881,0.8315,55.8,65.8,PROMISING,medium,,Strong single-image signal but not confirmed across band variants. Compare against the original product and look for the feature in a same-footprint sibling or an independent acquisition.,data/processed\ESP_013236_1410\ESP_013236_1410_RED.abrowse_enh.png,,0.376,,,,,,,
ESP_013948_1410_RED_C_01_ORTHO.br_enh.png,1120,2668,12,36,2.73,432,3.0,dark,2,0,0,0,False,1.0,1.0,31.08,no,0.8502,1.1749,0.8774,55.8,65.8,PROMISING,medium,,Strong single-image signal but not confirmed across band variants. Compare against the original product and look for the feature in a same-footprint sibling or an independent acquisition.,data/processed\ESP_013948_1410_ESP_013236_1410\ESP_013948_1410_RED_C_01_ORTHO.br_enh.png,,0.234,,,,,,,
ESP_013236_1410_MIRB.browse_enh.png,2628,948,20,16,0.11,320,1.25,dark,2,1,2,0,False,1.0,1.0,28.08,no,0.7938,1.6466,0.1137,25.7,65.7,CONFIRMED-LEAD,high,small_blob,"Real feature confirmed at the same pixels in the corresponding band variant(s) of one acquisition. Fetch the EDR original, geolocate on Trek, and check for an independent pass at a different lighting before writing a finding.",data/processed\ESP_013236_1410\ESP_013236_1410_MIRB.browse_enh.png,,0.498,,,,,,,
ESP_013236_1410_MRGB.browse_enh.png,2628,948,20,16,0.11,320,1.25,dark,2,1,2,0,False,1.0,1.0,28.08,no,0.7938,1.6466,0.1137,25.7,65.7,CONFIRMED-LEAD,high,small_blob,"Real feature confirmed at the same pixels in the corresponding band variant(s) of one acquisition. Fetch the EDR original, geolocate on Trek, and check for an independent pass at a different lighting before writing a finding.",data/processed\ESP_013236_1410\ESP_013236_1410_MRGB.browse_enh.png,,0.498,,,,,,,
ESP_013236_1410_RED.abrowse_enh.png,960,7528,20,40,0.11,800,2.0,bright,3,2,2,0,False,0.898,0.531,35.43,no,0.8278,1.6468,0.3362,29.7,65.7,CONFIRMED-LEAD,high,small_blob,"Real feature confirmed at the same pixels in the corresponding band variant(s) of one acquisition. Fetch the EDR original, geolocate on Trek, and check for an independent pass at a different lighting before writing a finding.",data/processed\ESP_013236_1410\ESP_013236_1410_RED.abrowse_enh.png,,0.498,,,,,,,
ESP_013236_1410_RED.browse_enh.png,3328,6028,24,16,0.73,384,1.5,dark,2,0,2,0,False,1.0,1.0,40.92,no,0.8304,1.491,0.8168,25.7,65.7,CONFIRMED-LEAD,high,small_blob,"Real feature confirmed at the same pixels in the corresponding band variant(s) of one acquisition. Fetch the EDR original, geolocate on Trek, and check for an independent pass at a different lighting before writing a finding.",data/processed\ESP_013236_1410\ESP_013236_1410_RED.browse_enh.png,,0.429,,,,,,,
ESP_013948_1410_RED.browse_enh.png,576,2192,24,48,0.08,1152,2.0,bright,3,2,2,0,False,1.0,0.531,45.84,no,0.8129,1.2012,0.4319,29.6,65.6,CONFIRMED-LEAD,high,small_blob,"Real feature confirmed at the same pixels in the corresponding band variant(s) of one acquisition. Fetch the EDR original, geolocate on Trek, and check for an independent pass at a different lighting before writing a finding.",data/processed\ESP_013948_1410\ESP_013948_1410_RED.browse_enh.png,,0.498,,,,,,,
ESP_013236_1410_RED.browse_enh.png,1676,4688,20,20,0.6,400,1.0,dark,2,0,2,0,False,1.0,1.0,26.23,no,0.6711,1.5933,0.8025,25.5,65.5,CONFIRMED-LEAD,high,small_blob,"Real feature confirmed at the same pixels in the corresponding band variant(s) of one acquisition. Fetch the EDR original, geolocate on Trek, and check for an independent pass at a different lighting before writing a finding.",data/processed\ESP_013236_1410\ESP_013236_1410_RED.browse_enh.png,,0.451,,,,,,,
ESP_013948_1410_MIRB.abrowse_enh.png,532,1836,16,28,0.06,448,1.75,dark,3,2,2,0,False,0.675,0.531,44.77,no,0.639,1.3991,0.63,29.5,65.5,CONFIRMED-LEAD,high,small_blob,"Real feature confirmed at the same pixels in the corresponding band variant(s) of one acquisition. Fetch the EDR original, geolocate on Trek, and check for an independent pass at a different lighting before writing a finding.",data/processed\ESP_013948_1410\ESP_013948_1410_MIRB.abrowse_enh.png,,0.498,,,,,,,
ESP_013948_1410_MRGB.abrowse_enh.png,532,1836,16,28,0.06,448,1.75,dark,3,2,2,0,False,0.676,0.531,44.77,no,0.639,1.3991,0.6307,29.5,65.5,CONFIRMED-LEAD,high,small_blob,"Real feature confirmed at the same pixels in the corresponding band variant(s) of one acquisition. Fetch the EDR original, geolocate on Trek, and check for an independent pass at a different lighting before writing a finding.",data/processed\ESP_013948_1410\ESP_013948_1410_MRGB.abrowse_enh.png,,0.498,,,,,,,
ESP_013948_1410_RGB.NOMAP.browse_enh.png,660,7392,20,24,2.12,480,1.2,bright,2,1,1,0,False,1.0,0.848,28.48,no,0.7093,1.2813,0.8253,43.5,65.5,CONFIRMED-LEAD,high,small_blob,"Real feature confirmed at the same pixels in the corresponding band variant(s) of one acquisition. Fetch the EDR original, geolocate on Trek, and check for an independent pass at a different lighting before writing a finding.",data/processed\ESP_013948_1410\ESP_013948_1410_RGB.NOMAP.browse_enh.png,,0.376,,,,,,,
ESP_013236_1410_MRGB.browse_enh.png,1408,3220,16,32,0.78,512,2.0,bright,3,2,2,0,False,1.0,0.819,48.46,no,0.7904,0.6181,0.973,25.4,65.4,CONFIRMED-LEAD,high,small_blob,"Real feature confirmed at the same pixels in the corresponding band variant(s) of one acquisition. Fetch the EDR original, geolocate on Trek, and check for an independent pass at a different lighting before writing a finding.",data/processed\ESP_013236_1410\ESP_013236_1410_MRGB.browse_enh.png,,0.419,,,,,,,
ESP_013948_1410_RED.abrowse_enh.png,1384,4052,16,24,0.69,384,1.5,bright,3,2,2,0,False,1.0,1.0,63.02,no,0.7518,1.0217,0.8022,25.4,65.4,CONFIRMED-LEAD,high,small_blob,"Real feature confirmed at the same pixels in the corresponding band variant(s) of one acquisition. Fetch the EDR original, geolocate on Trek, and check for an independent pass at a different lighting before writing a finding.",data/processed\ESP_013948_1410\ESP_013948_1410_RED.abrowse_enh.png,,0.434,,,,,,,
ESP_013236_1410_IRB.NOMAP.browse_enh.png,540,7976,16,24,2.16,384,1.5,bright,2,1,1,0,False,1.0,1.0,30.51,no,0.7409,1.4193,0.9522,43.3,65.3,CONFIRMED-LEAD,high,small_blob,"Real feature confirmed at the same pixels in the corresponding band variant(s) of one acquisition. Fetch the EDR original, geolocate on Trek, and check for an independent pass at a different lighting before writing a finding.",data/processed\ESP_013236_1410\ESP_013236_1410_IRB.NOMAP.browse_enh.png,,0.376,,,,,,,
ESP_013236_1410_RED.browse_enh.png,1088,3396,20,28,1.08,560,1.4,dark,3,2,2,0,False,1.0,0.511,30.89,no,0.6685,1.4976,0.7985,29.1,65.1,CONFIRMED-LEAD,high,small_blob,"Real feature confirmed at the same pixels in the corresponding band variant(s) of one acquisition. Fetch the EDR original, geolocate on Trek, and check for an independent pass at a different lighting before writing a finding.",data/processed\ESP_013236_1410\ESP_013236_1410_RED.browse_enh.png,,0.398,,,,,,,
ESP_013948_1410_MIRB.abrowse_enh.png,1384,4052,16,24,0.66,384,1.5,bright,3,2,2,0,False,1.0,1.0,57.86,no,0.7492,0.9852,0.7927,25.1,65.1,CONFIRMED-LEAD,high,small_blob,"Real feature confirmed at the same pixels in the corresponding band variant(s) of one acquisition. Fetch the EDR original, geolocate on Trek, and check for an independent pass at a different lighting before writing a finding.",data/processed\ESP_013948_1410\ESP_013948_1410_MIRB.abrowse_enh.png,,0.438,,,,,,,
ESP_013948_1410_MIRB.browse_enh.png,2284,9916,20,32,1.58,640,1.6,bright,3,2,1,1,False,1.0,0.914,29.16,no,0.7569,1.4093,0.8871,43.1,65.1,CONFIRMED-LEAD,high,small_blob,"Real feature confirmed at the same pixels in the corresponding band variant(s) of one acquisition. Fetch the EDR original, geolocate on Trek, and check for an independent pass at a different lighting before writing a finding.",data/processed\ESP_013948_1410\ESP_013948_1410_MIRB.browse_enh.png,,0.379,,,,,,,
ESP_013948_1410_MRGB.abrowse_enh.png,1384,4052,16,24,0.66,384,1.5,bright,3,2,2,0,False,1.0,1.0,57.86,no,0.7492,0.9853,0.7928,25.1,65.1,CONFIRMED-LEAD,high,small_blob,"Real feature confirmed at the same pixels in the corresponding band variant(s) of one acquisition. Fetch the EDR original, geolocate on Trek, and check for an independent pass at a different lighting before writing a finding.",data/processed\ESP_013948_1410\ESP_013948_1410_MRGB.abrowse_enh.png,,0.438,,,,,,,
ESP_013948_1410_RED.browse_enh.png,2148,7240,20,24,0.58,480,1.2,dark,2,0,2,0,False,1.0,1.0,23.32,no,0.6487,1.7216,0.7044,25.0,65.0,CONFIRMED-LEAD,high,small_blob,"Real feature confirmed at the same pixels in the corresponding band variant(s) of one acquisition. Fetch the EDR original, geolocate on Trek, and check for an independent pass at a different lighting before writing a finding.",data/processed\ESP_013948_1410\ESP_013948_1410_RED.browse_enh.png,,0.456,,,,,,,
ESP_013948_1410_RGB.NOMAP.browse_enh.png,268,13844,16,20,2.07,320,1.25,dark,2,1,1,0,False,1.0,1.0,40.21,no,0.7674,1.4396,0.8944,42.9,64.9,CONFIRMED-LEAD,high,small_blob,"Real feature confirmed at the same pixels in the corresponding band variant(s) of one acquisition. Fetch the EDR original, geolocate on Trek, and check for an independent pass at a different lighting before writing a finding.",data/processed\ESP_013948_1410\ESP_013948_1410_RGB.NOMAP.browse_enh.png,,0.376,,,,,,,
ESP_013236_1410_MRGB.browse_enh.png,2208,7512,16,28,1.57,448,1.75,dark,3,2,1,1,False,1.0,1.0,20.7,no,0.7457,1.4765,0.9028,42.7,64.7,CONFIRMED-LEAD,high,small_blob,"Real feature confirmed at the same pixels in the corresponding band variant(s) of one acquisition. Fetch the EDR original, geolocate on Trek, and check for an independent pass at a different lighting before writing a finding.",data/processed\ESP_013236_1410\ESP_013236_1410_MRGB.browse_enh.png,,0.379,,,,,,,
ESP_013236_1410_RED_C_01_ORTHO.th_enh.png,572,2444,16,20,2.05,320,1.25,bright,2,1,1,0,False,1.0,1.0,38.66,no,0.8283,0.9306,0.9595,42.7,64.7,CONFIRMED-LEAD,high,small_blob,"Real feature confirmed at the same pixels in the corresponding band variant(s) of one acquisition. Fetch the EDR original, geolocate on Trek, and check for an independent pass at a different lighting before writing a finding.",data/processed\ESP_013948_1410_ESP_013236_1410\ESP_013236_1410_RED_C_01_ORTHO.th_enh.png,,0.376,,,,,,,
ESP_013236_1410_MIRB.abrowse_enh.png,964,7528,16,36,0.04,576,2.25,dark,3,2,2,0,False,1.0,0.606,35.88,no,0.8158,1.7027,0.0714,28.6,64.6,CONFIRMED-LEAD,high,small_blob,"Real feature confirmed at the same pixels in the corresponding band variant(s) of one acquisition. Fetch the EDR original, geolocate on Trek, and check for an independent pass at a different lighting before writing a finding.",data/processed\ESP_013236_1410\ESP_013236_1410_MIRB.abrowse_enh.png,,0.498,,,,,,,
ESP_013236_1410_MRGB.abrowse_enh.png,964,7528,16,36,0.04,576,2.25,dark,3,2,2,0,False,1.0,0.606,35.88,no,0.8158,1.7027,0.0714,28.6,64.6,CONFIRMED-LEAD,high,small_blob,"Real feature confirmed at the same pixels in the corresponding band variant(s) of one acquisition. Fetch the EDR original, geolocate on Trek, and check for an independent pass at a different lighting before writing a finding.",data/processed\ESP_013236_1410\ESP_013236_1410_MRGB.abrowse_enh.png,,0.498,,,,,,,
ESP_013948_1410_MIRB.abrowse_enh.png,1588,7872,24,24,0.02,576,1.0,dark,3,2,2,0,False,0.647,0.701,35.42,no,0.8327,1.2636,0.3871,30.5,64.5,CONFIRMED-LEAD,high,small_blob,"Real feature confirmed at the same pixels in the corresponding band variant(s) of one acquisition. Fetch the EDR original, geolocate on Trek, and check for an independent pass at a different lighting before writing a finding.",data/processed\ESP_013948_1410\ESP_013948_1410_MIRB.abrowse_enh.png,,0.498,,,,,,,
ESP_013948_1410_MRGB.abrowse_enh.png,1588,7872,24,24,0.02,576,1.0,dark,3,2,2,0,False,0.647,0.701,35.42,no,0.8327,1.2636,0.3998,30.5,64.5,CONFIRMED-LEAD,high,small_blob,"Real feature confirmed at the same pixels in the corresponding band variant(s) of one acquisition. Fetch the EDR original, geolocate on Trek, and check for an independent pass at a different lighting before writing a finding.",data/processed\ESP_013948_1410\ESP_013948_1410_MRGB.abrowse_enh.png,,0.498,,,,,,,
ESP_013948_1410_RED.browse_enh.png,1380,3856,20,28,0.56,560,1.4,bright,3,2,2,0,False,1.0,1.0,58.73,no,0.7715,1.0226,0.6925,24.5,64.5,CONFIRMED-LEAD,high,small_blob,"Real feature confirmed at the same pixels in the corresponding band variant(s) of one acquisition. Fetch the EDR original, geolocate on Trek, and check for an independent pass at a different lighting before writing a finding.",data/processed\ESP_013948_1410\ESP_013948_1410_RED.browse_enh.png,,0.460,,,,,,,
diff_ESP_013236_1410_RED.browse_vs_ESP_013236_1410_RED.NOMAP.browse.png,980,2196,12,36,2.58,432,3.0,dark,2,0,0,0,False,1.0,1.0,24.09,no,0.7329,1.4191,0.9035,54.5,64.5,PROMISING,medium,,Strong single-image signal but not confirmed across band variants. Compare against the original product and look for the feature in a same-footprint sibling or an independent acquisition.,data/processed\extras_compare\ESP_013236_1410\diff_ESP_013236_1410_RED.browse_vs_ESP_013236_1410_RED.NOMAP.browse.png,,0.295,,,,,,,
ESP_013236_1410_MIRB.browse_enh.png,2208,7512,16,28,1.54,448,1.75,dark,3,2,1,1,False,1.0,1.0,22.53,no,0.7384,1.4322,0.9129,42.4,64.4,CONFIRMED-LEAD,high,small_blob,"Real feature confirmed at the same pixels in the corresponding band variant(s) of one acquisition. Fetch the EDR original, geolocate on Trek, and check for an independent pass at a different lighting before writing a finding.",data/processed\ESP_013236_1410\ESP_013236_1410_MIRB.browse_enh.png,,0.379,,,,,,,
ESP_013236_1410_MRGB.browse_enh.png,2156,4636,24,12,1.59,288,2.0,bright,3,2,1,1,False,1.0,1.0,25.79,no,0.8359,1.2067,0.9248,42.4,64.4,CONFIRMED-LEAD,high,small_blob,"Real feature confirmed at the same pixels in the corresponding band variant(s) of one acquisition. Fetch the EDR original, geolocate on Trek, and check for an independent pass at a different lighting before writing a finding.",data/processed\ESP_013236_1410\ESP_013236_1410_MRGB.browse_enh.png,,0.379,,,,,,,
ESP_013236_1410_RED.abrowse_enh.png,1344,2268,32,36,0.34,1152,1.12,bright,2,1,2,0,False,1.0,0.592,43.12,no,0.8618,0.9649,0.9596,28.4,64.4,CONFIRMED-LEAD,high,small_blob,"Real feature confirmed at the same pixels in the corresponding band variant(s) of one acquisition. Fetch the EDR original, geolocate on Trek, and check for an independent pass at a different lighting before writing a finding.",data/processed\ESP_013236_1410\ESP_013236_1410_RED.abrowse_enh.png,,0.490,,,,,,,
ESP_013236_1410_RED.browse_enh.png,2968,6032,16,16,0.48,256,1.0,bright,2,0,2,0,False,1.0,1.0,36.1,no,0.747,1.4939,0.7921,24.3,64.3,CONFIRMED-LEAD,high,small_blob,"Real feature confirmed at the same pixels in the corresponding band variant(s) of one acquisition. Fetch the EDR original, geolocate on Trek, and check for an independent pass at a different lighting before writing a finding.",data/processed\ESP_013236_1410\ESP_013236_1410_RED.browse_enh.png,,0.472,,,,,,,
ESP_013948_1410_MIRB.browse_enh.png,1380,3856,20,28,0.54,560,1.4,bright,3,2,2,0,False,1.0,1.0,54.24,no,0.7655,1.0267,0.7,24.3,64.3,CONFIRMED-LEAD,high,small_blob,"Real feature confirmed at the same pixels in the corresponding band variant(s) of one acquisition. Fetch the EDR original, geolocate on Trek, and check for an independent pass at a different lighting before writing a finding.",data/processed\ESP_013948_1410\ESP_013948_1410_MIRB.browse_enh.png,,0.463,,,,,,,
ESP_013948_1410_MRGB.browse_enh.png,1380,3856,20,28,0.54,560,1.4,bright,3,2,2,0,False,1.0,1.0,54.1,no,0.7667,1.0214,0.6992,24.3,64.3,CONFIRMED-LEAD,high,small_blob,"Real feature confirmed at the same pixels in the corresponding band variant(s) of one acquisition. Fetch the EDR original, geolocate on Trek, and check for an independent pass at a different lighting before writing a finding.",data/processed\ESP_013948_1410\ESP_013948_1410_MRGB.browse_enh.png,,0.463,,,,,,,
ESP_013948_1410_RED.thumb_enh.png,180,1208,28,40,0.5,1120,1.43,bright,2,0,2,0,False,1.0,0.961,67.65,no,0.7918,1.1878,0.6981,24.2,64.2,CONFIRMED-LEAD,high,small_blob,"Real feature confirmed at the same pixels in the corresponding band variant(s) of one acquisition. Fetch the EDR original, geolocate on Trek, and check for an independent pass at a different lighting before writing a finding.",data/processed\ESP_013948_1410\ESP_013948_1410_RED.thumb_enh.png,,0.470,,,,,,,
ESP_013236_1410_MIRB.browse_enh.png,1756,5252,20,16,1.41,320,1.25,dark,3,2,1,1,False,1.0,1.0,26.28,no,0.7485,1.0781,0.8437,42.1,64.1,CONFIRMED-LEAD,high,small_blob,"Real feature confirmed at the same pixels in the corresponding band variant(s) of one acquisition. Fetch the EDR original, geolocate on Trek, and check for an independent pass at a different lighting before writing a finding.",data/processed\ESP_013236_1410\ESP_013236_1410_MIRB.browse_enh.png,,0.384,,,,,,,
ESP_013236_1410_MRGB.browse_enh.png,2640,9960,20,16,1.41,320,1.25,bright,3,2,1,1,False,1.0,1.0,32.25,no,0.7488,0.7679,0.9931,42.1,64.1,CONFIRMED-LEAD,high,small_blob,"Real feature confirmed at the same pixels in the corresponding band variant(s) of one acquisition. Fetch the EDR original, geolocate on Trek, and check for an independent pass at a different lighting before writing a finding.",data/processed\ESP_013236_1410\ESP_013236_1410_MRGB.browse_enh.png,,0.384,,,,,,,
ESP_013236_1410_RED.browse_enh.png,1428,3392,24,28,0.46,672,1.17,bright,3,2,2,0,False,1.0,1.0,59.59,no,0.7881,1.0592,0.6849,24.1,64.1,CONFIRMED-LEAD,high,small_blob,"Real feature confirmed at the same pixels in the corresponding band variant(s) of one acquisition. Fetch the EDR original, geolocate on Trek, and check for an independent pass at a different lighting before writing a finding.",data/processed\ESP_013236_1410\ESP_013236_1410_RED.browse_enh.png,,0.475,,,,,,,
ESP_013948_1410_RED.NOMAP.thumb_enh.png,812,1576,12,36,2.54,432,3.0,dark,2,0,0,0,False,1.0,1.0,22.62,no,0.8207,1.3099,0.9566,54.1,64.1,PROMISING,medium,,Strong single-image signal but not confirmed across band variants. Compare against the original product and look for the feature in a same-footprint sibling or an independent acquisition.,data/processed\ESP_013948_1410\ESP_013948_1410_RED.NOMAP.thumb_enh.png,,0.314,,,,,,,
ESP_013948_1410_MRGB.browse_enh.png,1960,6944,24,20,1.38,480,1.2,dark,3,2,1,1,False,1.0,1.0,31.96,no,0.8306,1.4978,0.8497,42.0,64.0,CONFIRMED-LEAD,high,small_blob,"Real feature confirmed at the same pixels in the corresponding band variant(s) of one acquisition. Fetch the EDR original, geolocate on Trek, and check for an independent pass at a different lighting before writing a finding.",data/processed\ESP_013948_1410\ESP_013948_1410_MRGB.browse_enh.png,,0.386,,,,,,,
ESP_013948_1410_RED.abrowse_enh.png,1596,8908,20,56,0.05,1120,2.8,dark,3,2,2,0,False,1.0,0.623,44.49,no,0.9012,1.3324,0.607,28.0,64.0,CONFIRMED-LEAD,high,small_blob,"Real feature confirmed at the same pixels in the corresponding band variant(s) of one acquisition. Fetch the EDR original, geolocate on Trek, and check for an independent pass at a different lighting before writing a finding.",data/processed\ESP_013948_1410\ESP_013948_1410_RED.abrowse_enh.png,,0.498,,,,,,,
ESP_013236_1410_IRB.NOMAP.browse_enh.png,908,15124,20,12,2.05,240,1.67,dark,2,1,1,0,False,1.0,1.0,32.71,no,0.6608,1.3885,0.8882,41.9,63.9,CONFIRMED-LEAD,high,small_blob,"Real feature confirmed at the same pixels in the corresponding band variant(s) of one acquisition. Fetch the EDR original, geolocate on Trek, and check for an independent pass at a different lighting before writing a finding.",data/processed\ESP_013236_1410\ESP_013236_1410_IRB.NOMAP.browse_enh.png,,0.376,,,,,,,
ESP_013948_1410_IRB.NOMAP.browse_enh.png,564,1556,20,20,2.47,400,1.0,bright,2,0,1,0,False,1.0,0.925,30.82,no,0.8229,0.9314,0.897,41.8,63.8,CONFIRMED-LEAD,high,small_blob,"Real feature confirmed at the same pixels in the corresponding band variant(s) of one acquisition. Fetch the EDR original, geolocate on Trek, and check for an independent pass at a different lighting before writing a finding.",data/processed\ESP_013948_1410\ESP_013948_1410_IRB.NOMAP.browse_enh.png,,0.351,,,,,,,
ESP_013236_1410_RED.browse_enh.png,3284,6396,20,24,0.89,480,1.2,bright,2,0,2,0,False,1.0,0.643,56.2,no,0.7922,0.6577,0.8696,27.7,63.7,CONFIRMED-LEAD,high,small_blob,"Real feature confirmed at the same pixels in the corresponding band variant(s) of one acquisition. Fetch the EDR original, geolocate on Trek, and check for an independent pass at a different lighting before writing a finding.",data/processed\ESP_013236_1410\ESP_013236_1410_RED.browse_enh.png,,0.405,,,,,,,
ESP_013948_1410_MIRB.browse_enh.png,2620,10196,28,16,1.46,448,1.75,bright,3,2,1,1,False,1.0,1.0,34.45,no,0.8477,0.9029,0.9022,41.7,63.7,CONFIRMED-LEAD,high,small_blob,"Real feature confirmed at the same pixels in the corresponding band variant(s) of one acquisition. Fetch the EDR original, geolocate on Trek, and check for an independent pass at a different lighting before writing a finding.",data/processed\ESP_013948_1410\ESP_013948_1410_MIRB.browse_enh.png,,0.384,,,,,,,
ESP_013948_1410_RED.abrowse_enh.png,2088,464,16,24,0.95,384,1.5,dark,2,0,2,0,False,1.0,0.585,30.14,no,0.8132,1.2406,0.8659,27.7,63.7,CONFIRMED-LEAD,high,small_blob,"Real feature confirmed at the same pixels in the corresponding band variant(s) of one acquisition. Fetch the EDR original, geolocate on Trek, and check for an independent pass at a different lighting before writing a finding.",data/processed\ESP_013948_1410\ESP_013948_1410_RED.abrowse_enh.png,,0.402,,,,,,,
ESP_013948_1410_RED.browse_enh.png,1876,4024,12,36,1.91,432,3.0,dark,2,1,0,2,False,1.0,1.0,26.17,no,0.6821,1.5675,0.7807,53.6,63.6,PROMISING,medium,,Strong single-image signal but not confirmed across band variants. Compare against the original product and look for the feature in a same-footprint sibling or an independent acquisition.,data/processed\ESP_013948_1410\ESP_013948_1410_RED.browse_enh.png,,0.376,,,,,,,
ESP_013948_1410_RGB.NOMAP.browse_enh.png,460,2248,12,32,2.19,384,2.67,dark,2,1,1,0,False,1.0,1.0,28.53,no,0.7127,1.7649,0.956,41.6,63.6,CONFIRMED-LEAD,high,small_blob,"Real feature confirmed at the same pixels in the corresponding band variant(s) of one acquisition. Fetch the EDR original, geolocate on Trek, and check for an independent pass at a different lighting before writing a finding.",data/processed\ESP_013948_1410\ESP_013948_1410_RGB.NOMAP.browse_enh.png,,0.376,,,,,,,
ESP_013236_1410_IRB.NOMAP.browse_enh.png,528,6372,12,24,2.06,288,2.0,bright,2,1,1,0,False,1.0,1.0,30.43,no,0.8115,1.0995,0.9201,41.5,63.5,CONFIRMED-LEAD,high,small_blob,"Real feature confirmed at the same pixels in the corresponding band variant(s) of one acquisition. Fetch the EDR original, geolocate on Trek, and check for an independent pass at a different lighting before writing a finding.",data/processed\ESP_013236_1410\ESP_013236_1410_IRB.NOMAP.browse_enh.png,,0.376,,,,,,,
ESP_013236_1410_RGB.NOMAP.browse_enh.png,704,12196,12,24,2.06,288,2.0,dark,2,1,1,0,False,1.0,1.0,26.26,no,0.8273,0.805,0.9661,41.5,63.5,CONFIRMED-LEAD,high,small_blob,"Real feature confirmed at the same pixels in the corresponding band variant(s) of one acquisition. Fetch the EDR original, geolocate on Trek, and check for an independent pass at a different lighting before writing a finding.",data/processed\ESP_013236_1410\ESP_013236_1410_RGB.NOMAP.browse_enh.png,,0.376,,,,,,,
ESP_013948_1410_IRB.NOMAP.browse_enh.png,948,13616,12,32,2.18,384,2.67,dark,2,1,1,0,False,1.0,1.0,32.71,no,0.7165,1.3916,0.8375,41.5,63.5,CONFIRMED-LEAD,high,small_blob,"Real feature confirmed at the same pixels in the corresponding band variant(s) of one acquisition. Fetch the EDR original, geolocate on Trek, and check for an independent pass at a different lighting before writing a finding.",data/processed\ESP_013948_1410\ESP_013948_1410_IRB.NOMAP.browse_enh.png,,0.376,,,,,,,
ESP_013948_1410_RED.NOMAP.browse_enh.png,1636,1988,12,40,2.53,480,3.33,dark,2,0,0,0,False,1.0,1.0,22.76,no,0.7717,1.1778,0.9082,53.5,63.5,PROMISING,medium,,Strong single-image signal but not confirmed across band variants. Compare against the original product and look for the feature in a same-footprint sibling or an independent acquisition.,data/processed\ESP_013948_1410\ESP_013948_1410_RED.NOMAP.browse_enh.png,,0.314,,,,,,,
ESP_013948_1410_RED.browse_enh.png,3416,6872,20,56,1.14,1120,2.8,bright,2,0,2,0,False,1.0,0.546,43.82,no,0.8408,1.292,0.7932,27.5,63.5,CONFIRMED-LEAD,high,small_blob,"Real feature confirmed at the same pixels in the corresponding band variant(s) of one acquisition. Fetch the EDR original, geolocate on Trek, and check for an independent pass at a different lighting before writing a finding.",data/processed\ESP_013948_1410\ESP_013948_1410_RED.browse_enh.png,,0.395,,,,,,,
ESP_013236_1410_IRB.NOMAP.browse_enh.png,708,11216,12,28,2.11,336,2.33,bright,2,1,1,0,False,1.0,1.0,32.51,no,0.709,1.1015,0.8774,41.4,63.4,CONFIRMED-LEAD,high,small_blob,"Real feature confirmed at the same pixels in the corresponding band variant(s) of one acquisition. Fetch the EDR original, geolocate on Trek, and check for an independent pass at a different lighting before writing a finding.",data/processed\ESP_013236_1410\ESP_013236_1410_IRB.NOMAP.browse_enh.png,,0.376,,,,,,,
ESP_013236_1410_RGB.NOMAP.browse_enh.png,620,11576,16,32,2.03,512,2.0,dark,2,1,1,0,False,1.0,1.0,30.11,no,0.7731,0.922,0.9125,41.4,63.4,CONFIRMED-LEAD,high,small_blob,"Real feature confirmed at the same pixels in the corresponding band variant(s) of one acquisition. Fetch the EDR original, geolocate on Trek, and check for an independent pass at a different lighting before writing a finding.",data/processed\ESP_013236_1410\ESP_013236_1410_RGB.NOMAP.browse_enh.png,,0.376,,,,,,,
ESP_013948_1410_RED.browse_enh.png,3660,6884,16,28,0.51,448,1.75,bright,2,0,2,0,False,1.0,1.0,64.58,no,0.7975,1.2083,0.8923,23.4,63.4,CONFIRMED-LEAD,high,small_blob,"Real feature confirmed at the same pixels in the corresponding band variant(s) of one acquisition. Fetch the EDR original, geolocate on Trek, and check for an independent pass at a different lighting before writing a finding.",data/processed\ESP_013948_1410\ESP_013948_1410_RED.browse_enh.png,,0.469,,,,,,,
ESP_013948_1410_RED_C_01_ORTHO.br_enh.png,584,1932,8,28,3.46,224,3.5,dark,2,0,0,0,False,1.0,0.0,31.05,no,0.7315,1.6095,0.9075,61.2,63.2,PROMISING,medium,,Strong single-image signal but not confirmed across band variants. Compare against the original product and look for the feature in a same-footprint sibling or an independent acquisition.,data/processed\ESP_013948_1410_ESP_013236_1410\ESP_013948_1410_RED_C_01_ORTHO.br_enh.png,,0.049,,,,,,,
ESP_013236_1410_RGB.NOMAP.browse_enh.png,540,7972,16,28,1.96,448,1.75,bright,2,1,1,0,False,1.0,1.0,32.14,no,0.7098,1.2905,0.8972,41.1,63.1,CONFIRMED-LEAD,high,small_blob,"Real feature confirmed at the same pixels in the corresponding band variant(s) of one acquisition. Fetch the EDR original, geolocate on Trek, and check for an independent pass at a different lighting before writing a finding.",data/processed\ESP_013236_1410\ESP_013236_1410_RGB.NOMAP.browse_enh.png,,0.376,,,,,,,
ESP_013948_1410_IRB.NOMAP.browse_enh.png,744,11408,20,40,1.98,800,2.0,dark,2,1,1,0,False,1.0,1.0,37.67,no,0.8487,1.5742,0.791,41.1,63.1,CONFIRMED-LEAD,high,small_blob,"Real feature confirmed at the same pixels in the corresponding band variant(s) of one acquisition. Fetch the EDR original, geolocate on Trek, and check for an independent pass at a different lighting before writing a finding.",data/processed\ESP_013948_1410\ESP_013948_1410_IRB.NOMAP.browse_enh.png,,0.376,,,,,,,
ESP_013948_1410_RED.abrowse_enh.png,1852,5164,12,36,2.41,432,3.0,dark,2,0,0,2,False,1.0,1.0,31.08,no,0.8423,0.8901,0.9327,53.0,63.0,PROMISING,medium,,Strong single-image signal but not confirmed across band variants. Compare against the original product and look for the feature in a same-footprint sibling or an independent acquisition.,data/processed\ESP_013948_1410\ESP_013948_1410_RED.abrowse_enh.png,,0.370,,,,,,,
ESP_013236_1410_RGB.NOMAP.browse_enh.png,528,6372,12,24,1.99,288,2.0,bright,2,1,1,0,False,1.0,1.0,31.81,no,0.7959,0.9296,0.9256,40.9,62.9,CONFIRMED-LEAD,high,small_blob,"Real feature confirmed at the same pixels in the corresponding band variant(s) of one acquisition. Fetch the EDR original, geolocate on Trek, and check for an independent pass at a different lighting before writing a finding.",data/processed\ESP_013236_1410\ESP_013236_1410_RGB.NOMAP.browse_enh.png,,0.376,,,,,,,
ESP_013948_1410_MIRB.abrowse_enh.png,1928,9876,16,32,0.04,512,2.0,bright,3,2,2,0,False,0.605,0.884,39.79,no,0.7448,1.5606,0.4478,28.9,62.9,CONFIRMED-LEAD,high,small_blob,"Real feature confirmed at the same pixels in the corresponding band variant(s) of one acquisition. Fetch the EDR original, geolocate on Trek, and check for an independent pass at a different lighting before writing a finding.",data/processed\ESP_013948_1410\ESP_013948_1410_MIRB.abrowse_enh.png,,0.498,,,,,,,
ESP_013948_1410_MRGB.abrowse_enh.png,1928,9876,16,32,0.04,512,2.0,bright,3,2,2,0,False,0.607,0.884,39.79,no,0.7447,1.5606,0.4491,28.9,62.9,CONFIRMED-LEAD,high,small_blob,"Real feature confirmed at the same pixels in the corresponding band variant(s) of one acquisition. Fetch the EDR original, geolocate on Trek, and check for an independent pass at a different lighting before writing a finding.",data/processed\ESP_013948_1410\ESP_013948_1410_MRGB.abrowse_enh.png,,0.498,,,,,,,
ESP_013236_1410_RGB.NOMAP.browse_enh.png,832,5984,16,32,1.97,512,2.0,bright,2,1,1,0,False,1.0,1.0,32.79,no,0.8199,1.3378,0.8782,40.8,62.8,CONFIRMED-LEAD,high,small_blob,"Real feature confirmed at the same pixels in the corresponding band variant(s) of one acquisition. Fetch the EDR original, geolocate on Trek, and check for an independent pass at a different lighting before writing a finding.",data/processed\ESP_013236_1410\ESP_013236_1410_RGB.NOMAP.browse_enh.png,,0.376,,,,,,,
diff_ESP_013236_1410_RGB.NOMAP.browse_vs_ESP_013236_1410_RED.NOMAP.browse.png,1320,4720,16,52,2.41,832,3.25,bright,2,0,0,0,False,1.0,1.0,47.2,no,0.834,1.0747,0.8949,52.8,62.8,PROMISING,medium,,Strong single-image signal but not confirmed across band variants. Compare against the original product and look for the feature in a same-footprint sibling or an independent acquisition.,data/processed\extras_compare\ESP_013236_1410\diff_ESP_013236_1410_RGB.NOMAP.browse_vs_ESP_013236_1410_RED.NOMAP.browse.png,,0.370,,,,,,,
ESP_013236_1410_IRB.NOMAP.browse_enh.png,620,11576,16,32,1.96,512,2.0,dark,2,1,1,0,False,1.0,1.0,29.55,no,0.7498,1.0036,0.8946,40.7,62.7,CONFIRMED-LEAD,high,small_blob,"Real feature confirmed at the same pixels in the corresponding band variant(s) of one acquisition. Fetch the EDR original, geolocate on Trek, and check for an independent pass at a different lighting before writing a finding.",data/processed\ESP_013236_1410\ESP_013236_1410_IRB.NOMAP.browse_enh.png,,0.376,,,,,,,
ESP_013236_1410_MRGB.browse_enh.png,568,1112,24,20,0.32,480,1.2,bright,2,0,2,0,False,1.0,0.779,34.88,no,0.6162,1.3609,0.638,22.7,62.7,CONFIRMED-LEAD,high,small_blob,"Real feature confirmed at the same pixels in the corresponding band variant(s) of one acquisition. Fetch the EDR original, geolocate on Trek, and check for an independent pass at a different lighting before writing a finding.",data/processed\ESP_013236_1410\ESP_013236_1410_MRGB.browse_enh.png,,0.493,,,,,,,
ESP_013948_1410_IRB.NOMAP.browse_enh.png,792,10864,16,32,1.93,512,2.0,dark,2,1,1,0,False,1.0,1.0,34.97,no,0.764,1.0667,0.8844,40.5,62.5,CONFIRMED-LEAD,high,small_blob,"Real feature confirmed at the same pixels in the corresponding band variant(s) of one acquisition. Fetch the EDR original, geolocate on Trek, and check for an independent pass at a different lighting before writing a finding.",data/processed\ESP_013948_1410\ESP_013948_1410_IRB.NOMAP.browse_enh.png,,0.376,,,,,,,
ESP_013948_1410_MRGB.browse_enh.png,1988,4992,24,52,1.35,1248,2.17,dark,3,2,1,1,False,1.0,1.0,32.3,no,0.8689,0.8976,0.9752,40.5,62.5,CONFIRMED-LEAD,high,small_blob,"Real feature confirmed at the same pixels in the corresponding band variant(s) of one acquisition. Fetch the EDR original, geolocate on Trek, and check for an independent pass at a different lighting before writing a finding.",data/processed\ESP_013948_1410\ESP_013948_1410_MRGB.browse_enh.png,,0.390,,,,,,,
ESP_013948_1410_MIRB.browse_enh.png,2100,5064,20,16,1.79,320,1.25,bright,2,1,1,1,False,1.0,1.0,30.63,no,0.8585,0.7675,0.9651,40.4,62.4,CONFIRMED-LEAD,high,small_blob,"Real feature confirmed at the same pixels in the corresponding band variant(s) of one acquisition. Fetch the EDR original, geolocate on Trek, and check for an independent pass at a different lighting before writing a finding.",data/processed\ESP_013948_1410\ESP_013948_1410_MIRB.browse_enh.png,,0.376,,,,,,,
ESP_013948_1410_MRGB.browse_enh.png,580,2208,16,28,0.39,448,1.75,bright,3,2,2,0,False,1.0,1.0,57.79,no,0.7529,1.0561,0.6393,22.4,62.4,CONFIRMED-LEAD,high,small_blob,"Real feature confirmed at the same pixels in the corresponding band variant(s) of one acquisition. Fetch the EDR original, geolocate on Trek, and check for an independent pass at a different lighting before writing a finding.",data/processed\ESP_013948_1410\ESP_013948_1410_MRGB.browse_enh.png,,0.485,,,,,,,
ESP_013948_1410_RED.NOMAP.browse_enh.png,784,2892,12,36,2.34,432,3.0,dark,2,0,0,0,False,1.0,1.0,20.68,no,0.8617,1.5421,0.8723,52.4,62.4,PROMISING,medium,,Strong single-image signal but not confirmed across band variants. Compare against the original product and look for the feature in a same-footprint sibling or an independent acquisition.,data/processed\ESP_013948_1410\ESP_013948_1410_RED.NOMAP.browse_enh.png,,0.376,,,,,,,
ESP_013948_1410_RGB.NOMAP.browse_enh.png,792,10864,16,32,1.92,512,2.0,dark,2,1,1,0,False,1.0,1.0,37.63,no,0.7776,0.9793,0.897,40.4,62.4,CONFIRMED-LEAD,high,small_blob,"Real feature confirmed at the same pixels in the corresponding band variant(s) of one acquisition. Fetch the EDR original, geolocate on Trek, and check for an independent pass at a different lighting before writing a finding.",data/processed\ESP_013948_1410\ESP_013948_1410_RGB.NOMAP.browse_enh.png,,0.376,,,,,,,
ESP_013236_1410_RED.browse_enh.png,3300,6632,20,20,0.24,400,1.0,dark,2,0,2,0,False,1.0,1.0,50.4,no,0.7115,1.4551,0.6942,22.3,62.3,CONFIRMED-LEAD,high,small_blob,"Real feature confirmed at the same pixels in the corresponding band variant(s) of one acquisition. Fetch the EDR original, geolocate on Trek, and check for an independent pass at a different lighting before writing a finding.",data/processed\ESP_013236_1410\ESP_013236_1410_RED.browse_enh.png,,0.498,,,,,,,
ESP_013236_1410_RGB.NOMAP.browse_enh.png,716,6288,16,32,1.91,512,2.0,bright,2,1,1,0,False,1.0,0.981,29.17,no,0.8669,1.3487,0.8284,40.3,62.3,CONFIRMED-LEAD,high,small_blob,"Real feature confirmed at the same pixels in the corresponding band variant(s) of one acquisition. Fetch the EDR original, geolocate on Trek, and check for an independent pass at a different lighting before writing a finding.",data/processed\ESP_013236_1410\ESP_013236_1410_RGB.NOMAP.browse_enh.png,,0.376,,,,,,,
ESP_013948_1410_RED.abrowse_enh.png,1392,3116,36,24,0.19,864,1.5,dark,2,1,2,0,False,0.897,0.507,38.69,no,0.6811,1.4107,0.9269,26.3,62.3,CONFIRMED-LEAD,high,small_blob,"Real feature confirmed at the same pixels in the corresponding band variant(s) of one acquisition. Fetch the EDR original, geolocate on Trek, and check for an independent pass at a different lighting before writing a finding.",data/processed\ESP_013948_1410\ESP_013948_1410_RED.abrowse_enh.png,,0.498,,,,,,,
ESP_013236_1410_MRGB.browse_enh.png,1756,5248,16,20,1.19,320,1.25,dark,3,2,1,1,False,1.0,1.0,25.38,no,0.8013,1.5071,0.8475,40.2,62.2,CONFIRMED-LEAD,high,small_blob,"Real feature confirmed at the same pixels in the corresponding band variant(s) of one acquisition. Fetch the EDR original, geolocate on Trek, and check for an independent pass at a different lighting before writing a finding.",data/processed\ESP_013236_1410\ESP_013236_1410_MRGB.browse_enh.png,,0.391,,,,,,,
ESP_013236_1410_IRB.NOMAP.browse_enh.png,924,7692,12,24,1.9,288,2.0,bright,2,1,1,0,False,1.0,1.0,34.12,no,0.745,1.5876,0.89,40.1,62.1,CONFIRMED-LEAD,high,small_blob,"Real feature confirmed at the same pixels in the corresponding band variant(s) of one acquisition. Fetch the EDR original, geolocate on Trek, and check for an independent pass at a different lighting before writing a finding.",data/processed\ESP_013236_1410\ESP_013236_1410_IRB.NOMAP.browse_enh.png,,0.376,,,,,,,
ESP_013948_1410_IRB.NOMAP.browse_enh.png,380,17044,28,60,0.13,1680,2.14,dark,2,1,1,0,False,1.0,1.0,75.61,no,0.9371,0.6681,0.8222,40.1,62.1,CONFIRMED-LEAD,high,,"Real feature confirmed at the same pixels in the corresponding band variant(s) of one acquisition. Fetch the EDR original, geolocate on Trek, and check for an independent pass at a different lighting before writing a finding.",data/processed\ESP_013948_1410\ESP_013948_1410_IRB.NOMAP.browse_enh.png,,0.498,,,,,,,
diff_ESP_013236_1410_IRB.NOMAP.thumb_vs_ESP_013236_1410_RED.NOMAP.browse.png,1320,4720,16,52,2.33,832,3.25,bright,2,0,0,0,False,1.0,1.0,44.4,no,0.8346,1.1015,0.8838,52.1,62.1,PROMISING,medium,,Strong single-image signal but not confirmed across band variants. Compare against the original product and look for the feature in a same-footprint sibling or an independent acquisition.,data/processed\extras_compare\ESP_013236_1410\diff_ESP_013236_1410_IRB.NOMAP.thumb_vs_ESP_013236_1410_RED.NOMAP.browse.png,,0.376,,,,,,,
ESP_013236_1410_IRB.NOMAP.browse_enh.png,128,10148,24,20,1.72,480,1.2,bright,2,1,1,0,False,1.0,1.0,43.74,no,0.835,0.9578,0.9145,40.0,62.0,CONFIRMED-LEAD,high,small_blob,"Real feature confirmed at the same pixels in the corresponding band variant(s) of one acquisition. Fetch the EDR original, geolocate on Trek, and check for an independent pass at a different lighting before writing a finding.",data/processed\ESP_013236_1410\ESP_013236_1410_IRB.NOMAP.browse_enh.png,,0.376,,,,,,,
ESP_013236_1410_RGB.NOMAP.browse_enh.png,664,6716,12,28,1.95,336,2.33,bright,2,1,1,0,False,1.0,1.0,27.15,no,0.783,1.1491,0.9853,40.0,62.0,CONFIRMED-LEAD,high,small_blob,"Real feature confirmed at the same pixels in the corresponding band variant(s) of one acquisition. Fetch the EDR original, geolocate on Trek, and check for an independent pass at a different lighting before writing a finding.",data/processed\ESP_013236_1410\ESP_013236_1410_RGB.NOMAP.browse_enh.png,,0.376,,,,,,,
ESP_013236_1410_MIRB.browse_enh.png,1880,6832,12,28,1.36,336,2.33,dark,3,2,1,1,False,1.0,0.978,25.05,no,0.6853,1.9228,0.8005,39.9,61.9,CONFIRMED-LEAD,high,small_blob,"Real feature confirmed at the same pixels in the corresponding band variant(s) of one acquisition. Fetch the EDR original, geolocate on Trek, and check for an independent pass at a different lighting before writing a finding.",data/processed\ESP_013236_1410\ESP_013236_1410_MIRB.browse_enh.png,,0.388,,,,,,,
ESP_013236_1410_MRGB.browse_enh.png,1880,6832,12,28,1.37,336,2.33,dark,3,2,1,1,False,1.0,1.0,25.15,no,0.7222,1.8538,0.7969,39.9,61.9,CONFIRMED-LEAD,high,small_blob,"Real feature confirmed at the same pixels in the corresponding band variant(s) of one acquisition. Fetch the EDR original, geolocate on Trek, and check for an independent pass at a different lighting before writing a finding.",data/processed\ESP_013236_1410\ESP_013236_1410_MRGB.browse_enh.png,,0.386,,,,,,,
ESP_013236_1410_RED.browse_enh.png,1348,3520,16,28,0.33,448,1.75,dark,3,2,2,0,False,0.884,0.78,37.7,no,0.6341,1.4706,0.727,21.9,61.9,CONFIRMED-LEAD,high,small_blob,"Real feature confirmed at the same pixels in the corresponding band variant(s) of one acquisition. Fetch the EDR original, geolocate on Trek, and check for an independent pass at a different lighting before writing a finding.",data/processed\ESP_013236_1410\ESP_013236_1410_RED.browse_enh.png,,0.492,,,,,,,
ESP_013948_1410_RED.browse_enh.png,3532,9116,16,32,0.38,512,2.0,dark,2,0,2,0,False,1.0,1.0,36.19,no,0.8106,0.9601,0.9031,21.9,61.9,CONFIRMED-LEAD,high,small_blob,"Real feature confirmed at the same pixels in the corresponding band variant(s) of one acquisition. Fetch the EDR original, geolocate on Trek, and check for an independent pass at a different lighting before writing a finding.",data/processed\ESP_013948_1410\ESP_013948_1410_RED.browse_enh.png,,0.486,,,,,,,
ESP_013236_1410_RED.browse_enh.png,3292,6596,24,28,0.2,672,1.17,dark,2,0,2,0,False,1.0,0.801,40.36,no,0.7449,1.8362,0.6893,21.8,61.8,CONFIRMED-LEAD,high,small_blob,"Real feature confirmed at the same pixels in the corresponding band variant(s) of one acquisition. Fetch the EDR original, geolocate on Trek, and check for an independent pass at a different lighting before writing a finding.",data/processed\ESP_013236_1410\ESP_013236_1410_RED.browse_enh.png,,0.498,,,,,,,
ESP_013948_1410_IRB.NOMAP.browse_enh.png,316,17200,48,72,0.33,3456,1.5,dark,2,1,1,0,False,1.0,0.528,69.74,no,0.9247,0.8733,0.7374,43.8,61.8,CONFIRMED-LEAD,high,,"Real feature confirmed at the same pixels in the corresponding band variant(s) of one acquisition. Fetch the EDR original, geolocate on Trek, and check for an independent pass at a different lighting before writing a finding.",data/processed\ESP_013948_1410\ESP_013948_1410_IRB.NOMAP.browse_enh.png,,0.492,,,,,,,
ESP_013236_1410_RGB.NOMAP.browse_enh.png,388,2008,16,16,1.67,256,1.0,dark,2,1,1,0,False,0.994,1.0,43.63,no,0.7944,1.2198,0.9628,39.7,61.7,CONFIRMED-LEAD,high,small_blob,"Real feature confirmed at the same pixels in the corresponding band variant(s) of one acquisition. Fetch the EDR original, geolocate on Trek, and check for an independent pass at a different lighting before writing a finding.",data/processed\ESP_013236_1410\ESP_013236_1410_RGB.NOMAP.browse_enh.png,,0.376,,,,,,,
diff_ESP_013236_1410_MRGB.abrowse_vs_ESP_013236_1410_RED.NOMAP.browse.png,1896,4488,12,24,3.8,288,2.0,dark,2,0,0,0,False,1.0,1.0,25.93,no,0.8309,1.6637,0.9544,51.7,61.7,PROMISING,medium,small_blob,Strong single-image signal but not confirmed across band variants. Compare against the original product and look for the feature in a same-footprint sibling or an independent acquisition.,data/processed\extras_compare\ESP_013236_1410\diff_ESP_013236_1410_MRGB.abrowse_vs_ESP_013236_1410_RED.NOMAP.browse.png,,0.025,,,,,,,
diff_ESP_013236_1410_RED.abrowse_vs_ESP_013236_1410_RED.NOMAP.browse.png,1896,4488,12,24,3.8,288,2.0,dark,2,0,0,0,False,1.0,1.0,25.4,no,0.8305,1.664,0.9548,51.7,61.7,PROMISING,medium,small_blob,Strong single-image signal but not confirmed across band variants. Compare against the original product and look for the feature in a same-footprint sibling or an independent acquisition.,data/processed\extras_compare\ESP_013236_1410\diff_ESP_013236_1410_RED.abrowse_vs_ESP_013236_1410_RED.NOMAP.browse.png,,0.025,,,,,,,
diff_ESP_013236_1410_MIRB.browse_vs_ESP_013236_1410_RED.NOMAP.browse.png,1896,4488,12,24,3.78,288,2.0,dark,2,0,0,0,False,1.0,1.0,25.86,no,0.8303,1.671,0.9554,51.6,61.6,PROMISING,medium,small_blob,Strong single-image signal but not confirmed across band variants. Compare against the original product and look for the feature in a same-footprint sibling or an independent acquisition.,data/processed\extras_compare\ESP_013236_1410\diff_ESP_013236_1410_MIRB.browse_vs_ESP_013236_1410_RED.NOMAP.browse.png,,0.025,,,,,,,
diff_ESP_013236_1410_MIRB.thumb_vs_ESP_013236_1410_RED.NOMAP.browse.png,1896,4488,12,24,3.78,288,2.0,dark,2,0,0,0,False,1.0,1.0,26.01,no,0.8301,1.6655,0.955,51.6,61.6,PROMISING,medium,small_blob,Strong single-image signal but not confirmed across band variants. Compare against the original product and look for the feature in a same-footprint sibling or an independent acquisition.,data/processed\extras_compare\ESP_013236_1410\diff_ESP_013236_1410_MIRB.thumb_vs_ESP_013236_1410_RED.NOMAP.browse.png,,0.025,,,,,,,
diff_ESP_013236_1410_MIRB.thumb_vs_ESP_013236_1410_RED.NOMAP.browse.png,884,6320,12,44,2.38,528,3.67,bright,2,0,0,0,False,1.0,1.0,30.54,no,0.7275,1.6067,0.8524,51.6,61.6,PROMISING,medium,,Strong single-image signal but not confirmed across band variants. Compare against the original product and look for the feature in a same-footprint sibling or an independent acquisition.,data/processed\extras_compare\ESP_013236_1410\diff_ESP_013236_1410_MIRB.thumb_vs_ESP_013236_1410_RED.NOMAP.browse.png,,0.376,,,,,,,
diff_ESP_013236_1410_RED.thumb_vs_ESP_013236_1410_RED.NOMAP.browse.png,1896,4488,12,24,3.79,288,2.0,dark,2,0,0,0,False,1.0,1.0,25.17,no,0.8306,1.6658,0.9549,51.6,61.6,PROMISING,medium,small_blob,Strong single-image signal but not confirmed across band variants. Compare against the original product and look for the feature in a same-footprint sibling or an independent acquisition.,data/processed\extras_compare\ESP_013236_1410\diff_ESP_013236_1410_RED.thumb_vs_ESP_013236_1410_RED.NOMAP.browse.png,,0.025,,,,,,,
ESP_013236_1410_IRB.NOMAP.browse_enh.png,944,12428,16,28,1.78,448,1.75,dark,2,1,1,0,False,1.0,1.0,40.13,no,0.8446,0.6716,0.9527,39.5,61.5,CONFIRMED-LEAD,high,small_blob,"Real feature confirmed at the same pixels in the corresponding band variant(s) of one acquisition. Fetch the EDR original, geolocate on Trek, and check for an independent pass at a different lighting before writing a finding.",data/processed\ESP_013236_1410\ESP_013236_1410_IRB.NOMAP.browse_enh.png,,0.376,,,,,,,
ESP_013948_1410_RED.abrowse_enh.png,1736,1928,24,44,0.27,1056,1.83,dark,2,0,2,0,False,1.0,0.715,54.81,no,0.8736,1.017,0.7827,21.5,61.5,CONFIRMED-LEAD,high,small_blob,"Real feature confirmed at the same pixels in the corresponding band variant(s) of one acquisition. Fetch the EDR original, geolocate on Trek, and check for an independent pass at a different lighting before writing a finding.",data/processed\ESP_013948_1410\ESP_013948_1410_RED.abrowse_enh.png,,0.496,,,,,,,
diff_ESP_013236_1410_MRGB.thumb_vs_ESP_013236_1410_RED.NOMAP.browse.png,1896,4488,12,24,3.77,288,2.0,bright,2,0,0,0,False,1.0,1.0,23.71,no,0.8145,1.6988,0.9457,51.5,61.5,PROMISING,medium,small_blob,Strong single-image signal but not confirmed across band variants. Compare against the original product and look for the feature in a same-footprint sibling or an independent acquisition.,data/processed\extras_compare\ESP_013236_1410\diff_ESP_013236_1410_MRGB.thumb_vs_ESP_013236_1410_RED.NOMAP.browse.png,,0.025,,,,,,,
ESP_013948_1410_IRB.NOMAP.browse_enh.png,956,17764,16,36,1.85,576,2.25,dark,2,1,1,0,False,1.0,1.0,26.5,no,0.8196,1.5739,0.8193,39.4,61.4,CONFIRMED-LEAD,high,small_blob,"Real feature confirmed at the same pixels in the corresponding band variant(s) of one acquisition. Fetch the EDR original, geolocate on Trek, and check for an independent pass at a different lighting before writing a finding.",data/processed\ESP_013948_1410\ESP_013948_1410_IRB.NOMAP.browse_enh.png,,0.376,,,,,,,
ESP_013948_1410_RED_C_01_ORTHO.ab_enh.png,1120,2780,12,28,2.45,336,2.33,dark,2,0,1,0,False,1.0,1.0,36.17,no,0.8542,1.0928,0.8877,39.4,61.4,CONFIRMED-LEAD,high,small_blob,"Real feature confirmed at the same pixels in the corresponding band variant(s) of one acquisition. Fetch the EDR original, geolocate on Trek, and check for an independent pass at a different lighting before writing a finding.",data/processed\ESP_013948_1410_ESP_013236_1410\ESP_013948_1410_RED_C_01_ORTHO.ab_enh.png,,0.366,,,,,,,
diff_ESP_013236_1410_COLOR.browse_vs_ESP_013236_1410_RED.NOMAP.browse.png,1896,4488,12,24,3.76,288,2.0,dark,2,0,0,0,False,1.0,1.0,21.04,no,0.8294,1.6812,0.9554,51.4,61.4,PROMISING,medium,small_blob,Strong single-image signal but not confirmed across band variants. Compare against the original product and look for the feature in a same-footprint sibling or an independent acquisition.,data/processed\extras_compare\ESP_013236_1410\diff_ESP_013236_1410_COLOR.browse_vs_ESP_013236_1410_RED.NOMAP.browse.png,,0.025,,,,,,,
diff_ESP_013236_1410_IRB.NOMAP.browse_vs_ESP_013236_1410_RED.NOMAP.browse.png,1168,984,28,8,2.34,224,3.5,bright,2,0,0,0,False,1.0,1.0,52.73,no,0.7718,1.3362,0.8288,51.4,61.4,PROMISING,medium,,Strong single-image signal but not confirmed across band variants. Compare against the original product and look for the feature in a same-footprint sibling or an independent acquisition.,data/processed\extras_compare\ESP_013236_1410\diff_ESP_013236_1410_IRB.NOMAP.browse_vs_ESP_013236_1410_RED.NOMAP.browse.png,,0.376,,,,,,,
diff_ESP_013236_1410_COLOR.abrowse_vs_ESP_013236_1410_RED.NOMAP.browse.png,1896,4488,12,24,3.75,288,2.0,dark,2,0,0,0,False,1.0,1.0,22.67,no,0.8295,1.6807,0.9557,51.3,61.3,PROMISING,medium,small_blob,Strong single-image signal but not confirmed across band variants. Compare against the original product and look for the feature in a same-footprint sibling or an independent acquisition.,data/processed\extras_compare\ESP_013236_1410\diff_ESP_013236_1410_COLOR.abrowse_vs_ESP_013236_1410_RED.NOMAP.browse.png,,0.025,,,,,,,
diff_ESP_013236_1410_COLOR.thumb_vs_ESP_013236_1410_RED.NOMAP.browse.png,1896,4488,12,24,3.75,288,2.0,dark,2,0,0,0,False,1.0,1.0,22.48,no,0.8291,1.6846,0.9558,51.3,61.3,PROMISING,medium,small_blob,Strong single-image signal but not confirmed across band variants. Compare against the original product and look for the feature in a same-footprint sibling or an independent acquisition.,data/processed\extras_compare\ESP_013236_1410\diff_ESP_013236_1410_COLOR.thumb_vs_ESP_013236_1410_RED.NOMAP.browse.png,,0.025,,,,,,,
ESP_013948_1410_COLOR.abrowse_enh.png,788,5892,12,44,2.33,528,3.67,dark,2,0,0,0,False,1.0,0.764,35.49,no,0.8655,0.8725,0.9548,51.2,61.2,PROMISING,medium,,Strong single-image signal but not confirmed across band variants. Compare against the original product and look for the feature in a same-footprint sibling or an independent acquisition.,data/processed\ESP_013948_1410\ESP_013948_1410_COLOR.abrowse_enh.png,,0.376,,,,,,,
ESP_013948_1410_RGB.NOMAP.browse_enh.png,384,8128,12,28,1.86,336,2.33,dark,2,1,1,0,False,1.0,1.0,29.17,no,0.6893,1.6385,0.7792,39.2,61.2,CONFIRMED-LEAD,high,small_blob,"Real feature confirmed at the same pixels in the corresponding band variant(s) of one acquisition. Fetch the EDR original, geolocate on Trek, and check for an independent pass at a different lighting before writing a finding.",data/processed\ESP_013948_1410\ESP_013948_1410_RGB.NOMAP.browse_enh.png,,0.376,,,,,,,
ESP_013236_1410_IRB.NOMAP.browse_enh.png,416,9456,16,24,1.69,384,1.5,dark,2,1,1,0,False,1.0,0.769,32.41,no,0.7571,0.9207,0.9142,39.1,61.1,CONFIRMED-LEAD,high,small_blob,"Real feature confirmed at the same pixels in the corresponding band variant(s) of one acquisition. Fetch the EDR original, geolocate on Trek, and check for an independent pass at a different lighting before writing a finding.",data/processed\ESP_013236_1410\ESP_013236_1410_IRB.NOMAP.browse_enh.png,,0.376,,,,,,,
ESP_013236_1410_RED.abrowse_enh.png,1768,1408,16,36,0.22,576,2.25,bright,2,1,2,0,False,0.958,0.603,49.63,no,0.8244,1.2199,0.554,25.1,61.1,CONFIRMED-LEAD,high,small_blob,"Real feature confirmed at the same pixels in the corresponding band variant(s) of one acquisition. Fetch the EDR original, geolocate on Trek, and check for an independent pass at a different lighting before writing a finding.",data/processed\ESP_013236_1410\ESP_013236_1410_RED.abrowse_enh.png,,0.498,,,,,,,
ESP_013236_1410_RED.abrowse_enh.png,1412,3484,20,40,0.26,800,2.0,bright,3,2,2,0,False,1.0,0.944,41.52,no,0.7117,1.2125,0.8082,21.0,61.0,CONFIRMED-LEAD,high,small_blob,"Real feature confirmed at the same pixels in the corresponding band variant(s) of one acquisition. Fetch the EDR original, geolocate on Trek, and check for an independent pass at a different lighting before writing a finding.",data/processed\ESP_013236_1410\ESP_013236_1410_RED.abrowse_enh.png,,0.496,,,,,,,
diff_ESP_013236_1410_RED.thumb_vs_ESP_013236_1410_RED.NOMAP.browse.png,1456,2568,12,36,2.18,432,3.0,bright,2,0,0,0,False,1.0,1.0,35.64,no,0.8545,0.7973,0.9756,51.0,61.0,PROMISING,medium,,Strong single-image signal but not confirmed across band variants. Compare against the original product and look for the feature in a same-footprint sibling or an independent acquisition.,data/processed\extras_compare\ESP_013236_1410\diff_ESP_013236_1410_RED.thumb_vs_ESP_013236_1410_RED.NOMAP.browse.png,,0.376,,,,,,,
ESP_013236_1410_MRGB.browse_enh.png,1428,3148,20,20,0.99,400,1.0,dark,3,2,1,1,False,1.0,0.845,41.38,no,0.7315,1.2558,0.8595,38.9,60.9,CONFIRMED-LEAD,high,small_blob,"Real feature confirmed at the same pixels in the corresponding band variant(s) of one acquisition. Fetch the EDR original, geolocate on Trek, and check for an independent pass at a different lighting before writing a finding.",data/processed\ESP_013236_1410\ESP_013236_1410_MRGB.browse_enh.png,,0.402,,,,,,,
ESP_013948_1410_RED.abrowse_enh.png,2572,1676,20,12,0.22,240,1.67,dark,2,0,2,0,False,1.0,0.785,34.59,no,0.7936,1.893,0.7149,20.9,60.9,CONFIRMED-LEAD,high,small_blob,"Real feature confirmed at the same pixels in the corresponding band variant(s) of one acquisition. Fetch the EDR original, geolocate on Trek, and check for an independent pass at a different lighting before writing a finding.",data/processed\ESP_013948_1410\ESP_013948_1410_RED.abrowse_enh.png,,0.498,,,,,,,
ESP_013948_1410_RGB.NOMAP.browse_enh.png,300,11444,12,28,1.81,336,2.33,dark,2,1,1,0,False,1.0,1.0,45.37,no,0.8055,1.381,0.8952,38.8,60.8,CONFIRMED-LEAD,high,small_blob,"Real feature confirmed at the same pixels in the corresponding band variant(s) of one acquisition. Fetch the EDR original, geolocate on Trek, and check for an independent pass at a different lighting before writing a finding.",data/processed\ESP_013948_1410\ESP_013948_1410_RGB.NOMAP.browse_enh.png,,0.376,,,,,,,
ESP_013236_1410_RED.NOMAP.browse_enh.png,2712,10424,8,28,2.26,224,3.5,bright,2,0,0,0,False,1.0,1.0,28.7,no,0.7175,0.9772,0.9227,50.7,60.7,PROMISING,medium,,Strong single-image signal but not confirmed across band variants. Compare against the original product and look for the feature in a same-footprint sibling or an independent acquisition.,data/processed\ESP_013236_1410\ESP_013236_1410_RED.NOMAP.browse_enh.png,,0.376,,,,,,,
ESP_013948_1410_IRB.NOMAP.browse_enh.png,660,7392,20,24,2.03,480,1.2,bright,2,1,1,0,False,1.0,0.586,28.35,no,0.7043,1.2285,0.8236,42.7,60.7,CONFIRMED-LEAD,high,small_blob,"Real feature confirmed at the same pixels in the corresponding band variant(s) of one acquisition. Fetch the EDR original, geolocate on Trek, and check for an independent pass at a different lighting before writing a finding.",data/processed\ESP_013948_1410\ESP_013948_1410_IRB.NOMAP.browse_enh.png,,0.376,,,,,,,
ESP_013948_1410_IRB.NOMAP.browse_enh.png,300,11444,12,28,1.8,336,2.33,dark,2,1,1,0,False,1.0,1.0,42.99,no,0.763,1.4549,0.8908,38.7,60.7,CONFIRMED-LEAD,high,small_blob,"Real feature confirmed at the same pixels in the corresponding band variant(s) of one acquisition. Fetch the EDR original, geolocate on Trek, and check for an independent pass at a different lighting before writing a finding.",data/processed\ESP_013948_1410\ESP_013948_1410_IRB.NOMAP.browse_enh.png,,0.376,,,,,,,
ESP_013236_1410_IRB.NOMAP.browse_enh.png,756,18732,16,36,1.76,576,2.25,dark,2,1,1,0,False,1.0,1.0,22.81,no,0.8028,1.641,0.8651,38.6,60.6,CONFIRMED-LEAD,high,small_blob,"Real feature confirmed at the same pixels in the corresponding band variant(s) of one acquisition. Fetch the EDR original, geolocate on Trek, and check for an independent pass at a different lighting before writing a finding.",data/processed\ESP_013236_1410\ESP_013236_1410_IRB.NOMAP.browse_enh.png,,0.376,,,,,,,
ESP_013236_1410_MIRB.browse_enh.png,1620,3192,16,32,1.72,512,2.0,dark,2,1,1,1,False,1.0,1.0,29.38,no,0.7569,1.1607,0.8584,38.6,60.6,CONFIRMED-LEAD,high,small_blob,"Real feature confirmed at the same pixels in the corresponding band variant(s) of one acquisition. Fetch the EDR original, geolocate on Trek, and check for an independent pass at a different lighting before writing a finding.",data/processed\ESP_013236_1410\ESP_013236_1410_MIRB.browse_enh.png,,0.376,,,,,,,
ESP_013948_1410_RGB.NOMAP.browse_enh.png,956,17764,16,36,2.22,576,2.25,dark,2,1,1,0,False,1.0,0.564,25.82,no,0.8305,1.5812,0.8354,42.6,60.6,CONFIRMED-LEAD,high,small_blob,"Real feature confirmed at the same pixels in the corresponding band variant(s) of one acquisition. Fetch the EDR original, geolocate on Trek, and check for an independent pass at a different lighting before writing a finding.",data/processed\ESP_013948_1410\ESP_013948_1410_RGB.NOMAP.browse_enh.png,,0.376,,,,,,,
ESP_013236_1410_MIRB.browse_enh.png,1444,2960,12,28,1.21,336,2.33,bright,3,2,1,1,False,1.0,1.0,33.91,no,0.6918,0.7277,0.9448,38.5,60.5,CONFIRMED-LEAD,high,small_blob,"Real feature confirmed at the same pixels in the corresponding band variant(s) of one acquisition. Fetch the EDR original, geolocate on Trek, and check for an independent pass at a different lighting before writing a finding.",data/processed\ESP_013236_1410\ESP_013236_1410_MIRB.browse_enh.png,,0.390,,,,,,,
ESP_013236_1410_MIRB.browse_enh.png,1428,3148,20,20,0.95,400,1.0,dark,3,2,1,1,False,1.0,0.845,44.47,no,0.7378,1.3224,0.8641,38.5,60.5,CONFIRMED-LEAD,high,small_blob,"Real feature confirmed at the same pixels in the corresponding band variant(s) of one acquisition. Fetch the EDR original, geolocate on Trek, and check for an independent pass at a different lighting before writing a finding.",data/processed\ESP_013236_1410\ESP_013236_1410_MIRB.browse_enh.png,,0.402,,,,,,,
ESP_013236_1410_RGB.NOMAP.browse_enh.png,200,11792,12,24,1.72,288,2.0,dark,2,1,1,0,False,1.0,1.0,39.14,no,0.6655,0.99,0.9344,38.5,60.5,CONFIRMED-LEAD,high,small_blob,"Real feature confirmed at the same pixels in the corresponding band variant(s) of one acquisition. Fetch the EDR original, geolocate on Trek, and check for an independent pass at a different lighting before writing a finding.",data/processed\ESP_013236_1410\ESP_013236_1410_RGB.NOMAP.browse_enh.png,,0.376,,,,,,,
ESP_013236_1410_RGB.NOMAP.thumb_enh.png,204,4040,20,24,1.55,480,1.2,dark,2,1,1,0,False,1.0,1.0,42.71,no,0.8253,0.9836,0.8576,38.5,60.5,CONFIRMED-LEAD,high,small_blob,"Real feature confirmed at the same pixels in the corresponding band variant(s) of one acquisition. Fetch the EDR original, geolocate on Trek, and check for an independent pass at a different lighting before writing a finding.",data/processed\ESP_013236_1410\ESP_013236_1410_RGB.NOMAP.thumb_enh.png,,0.379,,,,,,,
ESP_013948_1410_MIRB.browse_enh.png,1436,3292,12,28,1.21,336,2.33,dark,3,2,1,1,False,0.981,1.0,46.22,no,0.8028,1.4948,0.7266,38.5,60.5,CONFIRMED-LEAD,high,small_blob,"Real feature confirmed at the same pixels in the corresponding band variant(s) of one acquisition. Fetch the EDR original, geolocate on Trek, and check for an independent pass at a different lighting before writing a finding.",data/processed\ESP_013948_1410\ESP_013948_1410_MIRB.browse_enh.png,,0.390,,,,,,,
ESP_013948_1410_RED.browse_enh.png,3564,9164,20,44,0.24,880,2.2,dark,2,0,2,0,False,1.0,0.855,41.5,no,0.8204,0.893,0.7556,20.5,60.5,CONFIRMED-LEAD,high,small_blob,"Real feature confirmed at the same pixels in the corresponding band variant(s) of one acquisition. Fetch the EDR original, geolocate on Trek, and check for an independent pass at a different lighting before writing a finding.",data/processed\ESP_013948_1410\ESP_013948_1410_RED.browse_enh.png,,0.498,,,,,,,
diff_ESP_013236_1410_MRGB.thumb_vs_ESP_013236_1410_RED.NOMAP.browse.png,1644,1948,12,44,2.25,528,3.67,bright,2,0,0,0,False,1.0,1.0,28.38,no,0.7041,1.9093,0.9292,50.5,60.5,PROMISING,medium,,Strong single-image signal but not confirmed across band variants. Compare against the original product and look for the feature in a same-footprint sibling or an independent acquisition.,data/processed\extras_compare\ESP_013236_1410\diff_ESP_013236_1410_MRGB.thumb_vs_ESP_013236_1410_RED.NOMAP.browse.png,,0.376,,,,,,,
ESP_013236_1410_IRB.NOMAP.browse_enh.png,388,2008,16,16,1.52,256,1.0,dark,2,1,1,0,False,0.995,1.0,48.18,no,0.7963,1.1002,0.9676,38.4,60.4,CONFIRMED-LEAD,high,small_blob,"Real feature confirmed at the same pixels in the corresponding band variant(s) of one acquisition. Fetch the EDR original, geolocate on Trek, and check for an independent pass at a different lighting before writing a finding.",data/processed\ESP_013236_1410\ESP_013236_1410_IRB.NOMAP.browse_enh.png,,0.379,,,,,,,
ESP_013236_1410_IRB.NOMAP.browse_enh.png,176,15704,16,28,1.64,448,1.75,dark,2,1,1,0,False,1.0,0.835,31.5,no,0.753,1.5203,0.8274,38.3,60.3,CONFIRMED-LEAD,high,small_blob,"Real feature confirmed at the same pixels in the corresponding band variant(s) of one acquisition. Fetch the EDR original, geolocate on Trek, and check for an independent pass at a different lighting before writing a finding.",data/processed\ESP_013236_1410\ESP_013236_1410_IRB.NOMAP.browse_enh.png,,0.376,,,,,,,
ESP_013236_1410_MIRB.browse_enh.png,2288,9620,32,28,0.92,896,1.14,bright,3,2,1,1,False,1.0,1.0,37.99,no,0.8192,1.0022,0.833,38.3,60.3,CONFIRMED-LEAD,high,small_blob,"Real feature confirmed at the same pixels in the corresponding band variant(s) of one acquisition. Fetch the EDR original, geolocate on Trek, and check for an independent pass at a different lighting before writing a finding.",data/processed\ESP_013236_1410\ESP_013236_1410_MIRB.browse_enh.png,,0.403,,,,,,,
ESP_013236_1410_MRGB.browse_enh.png,2660,9860,20,52,1.64,1040,2.6,bright,3,2,1,1,False,1.0,0.572,40.24,no,0.8861,0.719,0.8911,42.2,60.2,CONFIRMED-LEAD,high,small_blob,"Real feature confirmed at the same pixels in the corresponding band variant(s) of one acquisition. Fetch the EDR original, geolocate on Trek, and check for an independent pass at a different lighting before writing a finding.",data/processed\ESP_013236_1410\ESP_013236_1410_MRGB.browse_enh.png,,0.376,,,,,,,
ESP_013948_1410_IRB.NOMAP.browse_enh.png,836,8992,12,28,2.31,336,2.33,dark,2,0,1,0,False,1.0,0.705,26.52,no,0.7011,1.669,0.8087,38.2,60.2,CONFIRMED-LEAD,high,small_blob,"Real feature confirmed at the same pixels in the corresponding band variant(s) of one acquisition. Fetch the EDR original, geolocate on Trek, and check for an independent pass at a different lighting before writing a finding.",data/processed\ESP_013948_1410\ESP_013948_1410_IRB.NOMAP.browse_enh.png,,0.376,,,,,,,
ESP_013948_1410_MRGB.abrowse_enh.png,1436,3488,12,28,1.17,336,2.33,dark,3,2,1,1,False,0.977,1.0,48.59,no,0.8262,1.3635,0.7547,38.2,60.2,CONFIRMED-LEAD,high,small_blob,"Real feature confirmed at the same pixels in the corresponding band variant(s) of one acquisition. Fetch the EDR original, geolocate on Trek, and check for an independent pass at a different lighting before writing a finding.",data/processed\ESP_013948_1410\ESP_013948_1410_MRGB.abrowse_enh.png,,0.393,,,,,,,
ESP_013948_1410_RED.browse_enh.png,2068,7932,12,40,1.01,480,3.33,dark,3,2,0,2,False,1.0,1.0,45.9,no,0.8412,1.1494,0.81,50.2,60.2,PROMISING,medium,,Strong single-image signal but not confirmed across band variants. Compare against the original product and look for the feature in a same-footprint sibling or an independent acquisition.,data/processed\ESP_013948_1410\ESP_013948_1410_RED.browse_enh.png,,0.402,,,,,,,
diff_ESP_013236_1410_COLOR.browse_vs_ESP_013236_1410_RED.NOMAP.browse.png,1320,4716,16,56,2.16,896,3.5,dark,2,0,0,0,False,1.0,1.0,31.33,no,0.8605,1.0192,0.9124,50.2,60.2,PROMISING,medium,,Strong single-image signal but not confirmed across band variants. Compare against the original product and look for the feature in a same-footprint sibling or an independent acquisition.,data/processed\extras_compare\ESP_013236_1410\diff_ESP_013236_1410_COLOR.browse_vs_ESP_013236_1410_RED.NOMAP.browse.png,,0.376,,,,,,,
ESP_013236_1410_MRGB.browse_enh.png,2288,9620,32,28,0.9,896,1.14,bright,3,2,1,1,False,1.0,1.0,38.59,no,0.8127,1.0593,0.8339,38.1,60.1,CONFIRMED-LEAD,high,small_blob,"Real feature confirmed at the same pixels in the corresponding band variant(s) of one acquisition. Fetch the EDR original, geolocate on Trek, and check for an independent pass at a different lighting before writing a finding.",data/processed\ESP_013236_1410\ESP_013236_1410_MRGB.browse_enh.png,,0.405,,,,,,,
ESP_013948_1410_RGB.NOMAP.browse_enh.png,744,11408,24,40,1.57,960,1.67,dark,2,1,1,0,False,1.0,1.0,38.96,no,0.8615,1.3812,0.8113,38.1,60.1,CONFIRMED-LEAD,high,small_blob,"Real feature confirmed at the same pixels in the corresponding band variant(s) of one acquisition. Fetch the EDR original, geolocate on Trek, and check for an independent pass at a different lighting before writing a finding.",data/processed\ESP_013948_1410\ESP_013948_1410_RGB.NOMAP.browse_enh.png,,0.379,,,,,,,
ESP_013236_1410_IRB.NOMAP.thumb_enh.png,204,4036,20,28,1.53,560,1.4,dark,2,1,1,0,False,1.0,0.945,43.49,no,0.8191,1.0492,0.8327,38.0,60.0,CONFIRMED-LEAD,high,small_blob,"Real feature confirmed at the same pixels in the corresponding band variant(s) of one acquisition. Fetch the EDR original, geolocate on Trek, and check for an independent pass at a different lighting before writing a finding.",data/processed\ESP_013236_1410\ESP_013236_1410_IRB.NOMAP.thumb_enh.png,,0.379,,,,,,,
ESP_013236_1410_RED.NOMAP.thumb_enh.png,240,3524,12,40,2.13,480,3.33,dark,2,0,0,0,False,1.0,1.0,30.8,no,0.8234,1.6549,0.869,50.0,60.0,PROMISING,medium,,Strong single-image signal but not confirmed across band variants. Compare against the original product and look for the feature in a same-footprint sibling or an independent acquisition.,data/processed\ESP_013236_1410\ESP_013236_1410_RED.NOMAP.thumb_enh.png,,0.376,,,,,,,
ESP_013236_1410_RED.browse_enh.png,1756,1260,12,40,0.99,480,3.33,dark,3,2,0,2,False,0.985,1.0,57.14,no,0.8854,0.8194,0.7644,50.0,60.0,PROMISING,medium,,Strong single-image signal but not confirmed across band variants. Compare against the original product and look for the feature in a same-footprint sibling or an independent acquisition.,data/processed\ESP_013236_1410\ESP_013236_1410_RED.browse_enh.png,,0.402,,,,,,,
ESP_013948_1410_IRB.NOMAP.browse_enh.png,392,11080,12,20,1.6,240,1.67,dark,2,1,1,0,False,1.0,1.0,48.57,no,0.6807,0.8561,0.8682,38.0,60.0,CONFIRMED-LEAD,high,small_blob,"Real feature confirmed at the same pixels in the corresponding band variant(s) of one acquisition. Fetch the EDR original, geolocate on Trek, and check for an independent pass at a different lighting before writing a finding.",data/processed\ESP_013948_1410\ESP_013948_1410_IRB.NOMAP.browse_enh.png,,0.376,,,,,,,
ESP_013948_1410_RED.abrowse_enh.png,2180,10176,12,36,2.07,432,3.0,bright,2,0,0,2,False,1.0,1.0,29.14,no,0.8006,1.5078,0.8256,50.0,60.0,PROMISING,medium,,Strong single-image signal but not confirmed across band variants. Compare against the original product and look for the feature in a same-footprint sibling or an independent acquisition.,data/processed\ESP_013948_1410\ESP_013948_1410_RED.abrowse_enh.png,,0.376,,,,,,,
diff_ESP_013236_1410_MIRB.browse_vs_ESP_013236_1410_RED.NOMAP.browse.png,1100,7612,16,48,2.05,768,3.0,bright,2,0,0,0,False,1.0,1.0,33.71,no,0.7578,1.3536,0.9213,50.0,60.0,PROMISING,medium,,Strong single-image signal but not confirmed across band variants. Compare against the original product and look for the feature in a same-footprint sibling or an independent acquisition.,data/processed\extras_compare\ESP_013236_1410\diff_ESP_013236_1410_MIRB.browse_vs_ESP_013236_1410_RED.NOMAP.browse.png,,0.376,,,,,,,
diff_ESP_013236_1410_RGB.NOMAP.thumb_vs_ESP_013236_1410_RED.NOMAP.browse.png,232,4936,48,16,2.05,768,3.0,dark,2,0,0,0,False,1.0,1.0,40.98,no,0.8076,1.028,0.9097,50.0,60.0,PROMISING,medium,,Strong single-image signal but not confirmed across band variants. Compare against the original product and look for the feature in a same-footprint sibling or an independent acquisition.,data/processed\extras_compare\ESP_013236_1410\diff_ESP_013236_1410_RGB.NOMAP.thumb_vs_ESP_013236_1410_RED.NOMAP.browse.png,,0.376,,,,,,,
ESP_013236_1410_MRGB.abrowse_enh.png,2288,9820,32,24,0.92,768,1.33,bright,3,2,1,1,False,1.0,1.0,39.11,no,0.81,1.0461,0.8014,37.9,59.9,CONFIRMED-LEAD,high,small_blob,"Real feature confirmed at the same pixels in the corresponding band variant(s) of one acquisition. Fetch the EDR original, geolocate on Trek, and check for an independent pass at a different lighting before writing a finding.",data/processed\ESP_013236_1410\ESP_013236_1410_MRGB.abrowse_enh.png,,0.403,,,,,,,
ESP_013948_1410_IRB.NOMAP.thumb_enh.png,92,2768,12,32,1.77,384,2.67,dark,2,1,1,0,False,1.0,1.0,51.15,no,0.77,1.6844,0.8301,37.9,59.9,CONFIRMED-LEAD,high,small_blob,"Real feature confirmed at the same pixels in the corresponding band variant(s) of one acquisition. Fetch the EDR original, geolocate on Trek, and check for an independent pass at a different lighting before writing a finding.",data/processed\ESP_013948_1410\ESP_013948_1410_IRB.NOMAP.thumb_enh.png,,0.376,,,,,,,
ESP_013948_1410_RGB.NOMAP.thumb_enh.png,228,3480,16,24,1.54,384,1.5,dark,2,1,1,0,False,1.0,1.0,47.32,no,0.8097,1.1544,0.8862,37.8,59.8,CONFIRMED-LEAD,high,small_blob,"Real feature confirmed at the same pixels in the corresponding band variant(s) of one acquisition. Fetch the EDR original, geolocate on Trek, and check for an independent pass at a different lighting before writing a finding.",data/processed\ESP_013948_1410\ESP_013948_1410_RGB.NOMAP.thumb_enh.png,,0.379,,,,,,,
ESP_013236_1410_MIRB.abrowse_enh.png,2784,10188,12,32,1.18,384,2.67,dark,3,2,1,1,False,1.0,1.0,43.49,no,0.8087,1.1899,0.8512,37.7,59.7,CONFIRMED-LEAD,high,small_blob,"Real feature confirmed at the same pixels in the corresponding band variant(s) of one acquisition. Fetch the EDR original, geolocate on Trek, and check for an independent pass at a different lighting before writing a finding.",data/processed\ESP_013236_1410\ESP_013236_1410_MIRB.abrowse_enh.png,,0.391,,,,,,,
ESP_013948_1410_RED.NOMAP.thumb_enh.png,500,3280,16,56,2.1,896,3.5,dark,2,0,0,0,False,1.0,1.0,31.25,no,0.8406,1.1824,0.8962,49.7,59.7,PROMISING,medium,,Strong single-image signal but not confirmed across band variants. Compare against the original product and look for the feature in a same-footprint sibling or an independent acquisition.,data/processed\ESP_013948_1410\ESP_013948_1410_RED.NOMAP.thumb_enh.png,,0.376,,,,,,,
ESP_013236_1410_IRB.NOMAP.browse_enh.png,664,14648,16,36,1.65,576,2.25,dark,2,1,1,0,False,1.0,1.0,34.94,no,0.8252,1.3648,0.9316,37.6,59.6,CONFIRMED-LEAD,high,small_blob,"Real feature confirmed at the same pixels in the corresponding band variant(s) of one acquisition. Fetch the EDR original, geolocate on Trek, and check for an independent pass at a different lighting before writing a finding.",data/processed\ESP_013236_1410\ESP_013236_1410_IRB.NOMAP.browse_enh.png,,0.376,,,,,,,
ESP_013236_1410_MIRB.browse_enh.png,1348,3520,16,24,0.49,384,1.5,dark,3,2,2,0,False,0.896,0.696,36.47,no,0.6662,1.5233,0.7083,23.6,59.6,CONFIRMED-LEAD,high,small_blob,"Real feature confirmed at the same pixels in the corresponding band variant(s) of one acquisition. Fetch the EDR original, geolocate on Trek, and check for an independent pass at a different lighting before writing a finding.",data/processed\ESP_013236_1410\ESP_013236_1410_MIRB.browse_enh.png,,0.471,,,,,,,
ESP_013236_1410_MRGB.browse_enh.png,1348,3520,16,24,0.49,384,1.5,dark,3,2,2,0,False,0.896,0.696,36.47,no,0.6662,1.5233,0.7083,23.6,59.6,CONFIRMED-LEAD,high,small_blob,"Real feature confirmed at the same pixels in the corresponding band variant(s) of one acquisition. Fetch the EDR original, geolocate on Trek, and check for an independent pass at a different lighting before writing a finding.",data/processed\ESP_013236_1410\ESP_013236_1410_MRGB.browse_enh.png,,0.471,,,,,,,
ESP_013236_1410_RGB.NOMAP.browse_enh.png,844,15620,24,16,1.51,384,1.5,dark,2,1,1,0,False,1.0,1.0,39.23,no,0.7625,1.4531,0.7532,37.6,59.6,CONFIRMED-LEAD,high,small_blob,"Real feature confirmed at the same pixels in the corresponding band variant(s) of one acquisition. Fetch the EDR original, geolocate on Trek, and check for an independent pass at a different lighting before writing a finding.",data/processed\ESP_013236_1410\ESP_013236_1410_RGB.NOMAP.browse_enh.png,,0.379,,,,,,,
ESP_013948_1410_MIRB.browse_enh.png,2188,7856,20,28,1.48,560,1.4,dark,2,1,1,1,False,1.0,1.0,24.25,no,0.7105,1.4948,0.8956,37.6,59.6,CONFIRMED-LEAD,high,small_blob,"Real feature confirmed at the same pixels in the corresponding band variant(s) of one acquisition. Fetch the EDR original, geolocate on Trek, and check for an independent pass at a different lighting before writing a finding.",data/processed\ESP_013948_1410\ESP_013948_1410_MIRB.browse_enh.png,,0.382,,,,,,,
ESP_013948_1410_RED.NOMAP.browse_enh.png,2532,11320,24,12,3.56,288,2.0,dark,2,0,0,0,False,1.0,1.0,25.2,no,0.6784,1.9565,0.7484,49.6,59.6,PROMISING,medium,small_blob,Strong single-image signal but not confirmed across band variants. Compare against the original product and look for the feature in a same-footprint sibling or an independent acquisition.,data/processed\ESP_013948_1410\ESP_013948_1410_RED.NOMAP.browse_enh.png,,0.043,,,,,,,
ESP_013236_1410_IRB.NOMAP.browse_enh.png,656,6716,16,28,1.55,448,1.75,bright,2,1,1,0,False,1.0,1.0,25.38,no,0.8214,1.4061,0.8227,37.5,59.5,CONFIRMED-LEAD,high,small_blob,"Real feature confirmed at the same pixels in the corresponding band variant(s) of one acquisition. Fetch the EDR original, geolocate on Trek, and check for an independent pass at a different lighting before writing a finding.",data/processed\ESP_013236_1410\ESP_013236_1410_IRB.NOMAP.browse_enh.png,,0.379,,,,,,,
ESP_013948_1410_MIRB.browse_enh.png,1432,3192,16,40,1.1,640,2.5,dark,3,2,1,1,False,1.0,0.857,43.27,no,0.84,0.97,0.7964,37.4,59.4,CONFIRMED-LEAD,high,small_blob,"Real feature confirmed at the same pixels in the corresponding band variant(s) of one acquisition. Fetch the EDR original, geolocate on Trek, and check for an independent pass at a different lighting before writing a finding.",data/processed\ESP_013948_1410\ESP_013948_1410_MIRB.browse_enh.png,,0.397,,,,,,,
ESP_013948_1410_RED.NOMAP.browse_enh.png,2716,2748,24,16,5.99,384,1.5,bright,2,0,0,0,False,1.0,0.0,11.0,no,0.7812,1.9256,0.9177,54.4,59.4,PROMISING,medium,small_blob,Strong single-image signal but not confirmed across band variants. Compare against the original product and look for the feature in a same-footprint sibling or an independent acquisition.,data/processed\ESP_013948_1410\ESP_013948_1410_RED.NOMAP.browse_enh.png,,0.000,,,,,,,
ESP_013236_1410_MIRB.browse_enh.png,2788,9944,16,32,0.99,512,2.0,bright,3,2,1,1,False,1.0,1.0,33.76,no,0.7991,1.3859,0.7146,37.3,59.3,CONFIRMED-LEAD,high,small_blob,"Real feature confirmed at the same pixels in the corresponding band variant(s) of one acquisition. Fetch the EDR original, geolocate on Trek, and check for an independent pass at a different lighting before writing a finding.",data/processed\ESP_013236_1410\ESP_013236_1410_MIRB.browse_enh.png,,0.402,,,,,,,
ESP_013236_1410_RGB.NOMAP.browse_enh.png,404,11896,24,36,1.45,864,1.5,dark,2,1,1,0,False,1.0,1.0,46.11,no,0.875,0.7457,0.9147,37.3,59.3,CONFIRMED-LEAD,high,small_blob,"Real feature confirmed at the same pixels in the corresponding band variant(s) of one acquisition. Fetch the EDR original, geolocate on Trek, and check for an independent pass at a different lighting before writing a finding.",data/processed\ESP_013236_1410\ESP_013236_1410_RGB.NOMAP.browse_enh.png,,0.384,,,,,,,
ESP_013948_1410_RED.NOMAP.browse_enh.png,3796,8400,20,48,3.56,960,2.4,dark,2,0,0,0,False,1.0,1.0,23.63,no,0.9063,1.2009,0.9396,49.3,59.3,PROMISING,medium,small_blob,Strong single-image signal but not confirmed across band variants. Compare against the original product and look for the feature in a same-footprint sibling or an independent acquisition.,data/processed\ESP_013948_1410\ESP_013948_1410_RED.NOMAP.browse_enh.png,,0.043,,,,,,,
ESP_013236_1410_RGB.NOMAP.browse_enh.png,664,14648,16,40,1.64,640,2.5,dark,2,1,1,0,False,1.0,1.0,34.5,no,0.8131,1.3968,0.9063,37.2,59.2,CONFIRMED-LEAD,high,small_blob,"Real feature confirmed at the same pixels in the corresponding band variant(s) of one acquisition. Fetch the EDR original, geolocate on Trek, and check for an independent pass at a different lighting before writing a finding.",data/processed\ESP_013236_1410\ESP_013236_1410_RGB.NOMAP.browse_enh.png,,0.376,,,,,,,
ESP_013948_1410_RGB.NOMAP.thumb_enh.png,92,2768,12,32,1.69,384,2.67,dark,2,1,1,0,False,1.0,1.0,53.14,no,0.7498,1.677,0.8184,37.2,59.2,CONFIRMED-LEAD,high,small_blob,"Real feature confirmed at the same pixels in the corresponding band variant(s) of one acquisition. Fetch the EDR original, geolocate on Trek, and check for an independent pass at a different lighting before writing a finding.",data/processed\ESP_013948_1410\ESP_013948_1410_RGB.NOMAP.thumb_enh.png,,0.376,,,,,,,
ESP_013236_1410_RED_C_01_ORTHO.ab_enh.png,1120,2780,12,24,2.14,288,2.0,dark,2,0,1,0,False,1.0,1.0,37.78,no,0.8411,1.0912,0.8777,37.2,59.2,CONFIRMED-LEAD,high,small_blob,"Real feature confirmed at the same pixels in the corresponding band variant(s) of one acquisition. Fetch the EDR original, geolocate on Trek, and check for an independent pass at a different lighting before writing a finding.",data/processed\ESP_013948_1410_ESP_013236_1410\ESP_013236_1410_RED_C_01_ORTHO.ab_enh.png,,0.376,,,,,,,
ESP_013236_1410_RED_C_01_ORTHO.br_enh.png,828,5340,12,40,2.04,480,3.33,dark,2,0,0,0,False,1.0,1.0,24.86,no,0.9052,1.0241,0.942,49.2,59.2,PROMISING,medium,,Strong single-image signal but not confirmed across band variants. Compare against the original product and look for the feature in a same-footprint sibling or an independent acquisition.,data/processed\ESP_013948_1410_ESP_013236_1410\ESP_013236_1410_RED_C_01_ORTHO.br_enh.png,,0.376,,,,,,,
diff_ESP_013236_1410_IRB.NOMAP.browse_vs_ESP_013236_1410_RED.NOMAP.browse.png,144,4944,64,16,2.14,1024,4.0,bright,2,0,0,0,False,1.0,1.0,58.74,no,0.8387,1.1156,0.9007,49.2,59.2,PROMISING,medium,,Strong single-image signal but not confirmed across band variants. Compare against the original product and look for the feature in a same-footprint sibling or an independent acquisition.,data/processed\extras_compare\ESP_013236_1410\diff_ESP_013236_1410_IRB.NOMAP.browse_vs_ESP_013236_1410_RED.NOMAP.browse.png,,0.376,,,,,,,
ESP_013236_1410_RED.NOMAP.browse_enh.png,208,3512,8,28,2.07,224,3.5,dark,2,0,0,0,False,1.0,1.0,31.3,no,0.7867,1.0953,0.8803,49.1,59.1,PROMISING,medium,,Strong single-image signal but not confirmed across band variants. Compare against the original product and look for the feature in a same-footprint sibling or an independent acquisition.,data/processed\ESP_013236_1410\ESP_013236_1410_RED.NOMAP.browse_enh.png,,0.376,,,,,,,
ESP_013236_1410_RGB.NOMAP.browse_enh.png,96,12168,12,28,1.62,336,2.33,dark,2,1,1,0,False,1.0,0.912,36.94,no,0.7633,1.3683,0.9328,37.1,59.1,CONFIRMED-LEAD,high,small_blob,"Real feature confirmed at the same pixels in the corresponding band variant(s) of one acquisition. Fetch the EDR original, geolocate on Trek, and check for an independent pass at a different lighting before writing a finding.",data/processed\ESP_013236_1410\ESP_013236_1410_RGB.NOMAP.browse_enh.png,,0.376,,,,,,,
ESP_013948_1410_RGB.NOMAP.browse_enh.png,696,6176,16,28,1.5,448,1.75,bright,2,1,1,0,False,1.0,1.0,30.64,no,0.8053,1.4738,0.8036,37.1,59.1,CONFIRMED-LEAD,high,small_blob,"Real feature confirmed at the same pixels in the corresponding band variant(s) of one acquisition. Fetch the EDR original, geolocate on Trek, and check for an independent pass at a different lighting before writing a finding.",data/processed\ESP_013948_1410\ESP_013948_1410_RGB.NOMAP.browse_enh.png,,0.379,,,,,,,
diff_ESP_013236_1410_MIRB.browse_vs_ESP_013236_1410_RED.NOMAP.browse.png,680,1164,8,28,2.08,224,3.5,dark,2,0,0,0,False,1.0,1.0,36.9,no,0.8294,0.8379,0.9334,49.1,59.1,PROMISING,medium,,Strong single-image signal but not confirmed across band variants. Compare against the original product and look for the feature in a same-footprint sibling or an independent acquisition.,data/processed\extras_compare\ESP_013236_1410\diff_ESP_013236_1410_MIRB.browse_vs_ESP_013236_1410_RED.NOMAP.browse.png,,0.376,,,,,,,
ESP_013236_1410_COLOR.browse_enh.png,1188,8016,12,36,1.96,432,3.0,bright,2,0,0,0,False,1.0,1.0,21.73,no,0.7237,1.3188,0.8274,49.0,59.0,PROMISING,medium,,Strong single-image signal but not confirmed across band variants. Compare against the original product and look for the feature in a same-footprint sibling or an independent acquisition.,data/processed\ESP_013236_1410\ESP_013236_1410_COLOR.browse_enh.png,,0.376,,,,,,,
ESP_013948_1410_RED.abrowse_enh.png,2040,5196,20,36,0.45,720,1.8,dark,2,0,2,0,False,0.971,0.529,47.7,no,0.8384,1.3149,0.7278,23.0,59.0,CONFIRMED-LEAD,high,small_blob,"Real feature confirmed at the same pixels in the corresponding band variant(s) of one acquisition. Fetch the EDR original, geolocate on Trek, and check for an independent pass at a different lighting before writing a finding.",data/processed\ESP_013948_1410\ESP_013948_1410_RED.abrowse_enh.png,,0.477,,,,,,,
ESP_013236_1410_RED.NOMAP.browse_enh.png,3796,8980,20,44,3.48,880,2.2,dark,2,0,0,0,False,1.0,0.837,22.84,no,0.8905,1.0884,0.9301,48.9,58.9,PROMISING,medium,small_blob,Strong single-image signal but not confirmed across band variants. Compare against the original product and look for the feature in a same-footprint sibling or an independent acquisition.,data/processed\ESP_013236_1410\ESP_013236_1410_RED.NOMAP.browse_enh.png,,0.049,,,,,,,
diff_ESP_013236_1410_COLOR.abrowse_vs_ESP_013236_1410_RED.NOMAP.browse.png,1100,4216,12,36,1.94,432,3.0,bright,2,0,0,0,False,1.0,1.0,31.5,no,0.6649,1.5728,0.8854,48.9,58.9,PROMISING,medium,,Strong single-image signal but not confirmed across band variants. Compare against the original product and look for the feature in a same-footprint sibling or an independent acquisition.,data/processed\extras_compare\ESP_013236_1410\diff_ESP_013236_1410_COLOR.abrowse_vs_ESP_013236_1410_RED.NOMAP.browse.png,,0.376,,,,,,,
diff_ESP_013236_1410_IRB.NOMAP.thumb_vs_ESP_013236_1410_RED.NOMAP.browse.png,1676,4308,36,12,1.95,432,3.0,bright,2,0,0,0,False,1.0,1.0,52.12,no,0.7993,1.0336,0.9456,48.9,58.9,PROMISING,medium,,Strong single-image signal but not confirmed across band variants. Compare against the original product and look for the feature in a same-footprint sibling or an independent acquisition.,data/processed\extras_compare\ESP_013236_1410\diff_ESP_013236_1410_IRB.NOMAP.thumb_vs_ESP_013236_1410_RED.NOMAP.browse.png,,0.376,,,,,,,
ESP_013236_1410_IRB.NOMAP.browse_enh.png,904,14880,12,32,1.64,384,2.67,dark,2,1,1,0,False,1.0,0.848,45.07,no,0.7749,1.0612,0.8634,36.8,58.8,CONFIRMED-LEAD,high,small_blob,"Real feature confirmed at the same pixels in the corresponding band variant(s) of one acquisition. Fetch the EDR original, geolocate on Trek, and check for an independent pass at a different lighting before writing a finding.",data/processed\ESP_013236_1410\ESP_013236_1410_IRB.NOMAP.browse_enh.png,,0.376,,,,,,,
ESP_013948_1410_IRB.NOMAP.thumb_enh.png,228,3476,16,28,1.47,448,1.75,dark,2,1,1,0,False,1.0,1.0,48.69,no,0.7996,1.1124,0.8418,36.8,58.8,CONFIRMED-LEAD,high,small_blob,"Real feature confirmed at the same pixels in the corresponding band variant(s) of one acquisition. Fetch the EDR original, geolocate on Trek, and check for an independent pass at a different lighting before writing a finding.",data/processed\ESP_013948_1410\ESP_013948_1410_IRB.NOMAP.thumb_enh.png,,0.384,,,,,,,
ESP_013236_1410_MIRB.browse_enh.png,2680,9860,20,20,0.74,400,1.0,dark,3,2,1,1,False,1.0,1.0,56.14,no,0.7963,1.1048,0.8716,36.7,58.7,CONFIRMED-LEAD,high,small_blob,"Real feature confirmed at the same pixels in the corresponding band variant(s) of one acquisition. Fetch the EDR original, geolocate on Trek, and check for an independent pass at a different lighting before writing a finding.",data/processed\ESP_013236_1410\ESP_013236_1410_MIRB.browse_enh.png,,0.426,,,,,,,
diff_ESP_013236_1410_MRGB.thumb_vs_ESP_013236_1410_RED.NOMAP.browse.png,1104,7600,12,44,2.04,528,3.67,bright,2,0,0,0,False,1.0,1.0,29.78,no,0.8433,0.8811,0.9665,48.7,58.7,PROMISING,medium,,Strong single-image signal but not confirmed across band variants. Compare against the original product and look for the feature in a same-footprint sibling or an independent acquisition.,data/processed\extras_compare\ESP_013236_1410\diff_ESP_013236_1410_MRGB.thumb_vs_ESP_013236_1410_RED.NOMAP.browse.png,,0.376,,,,,,,
ESP_013236_1410_IRB.NOMAP.browse_enh.png,300,10476,12,28,1.56,336,2.33,bright,2,1,1,0,False,1.0,1.0,34.49,no,0.6984,1.1005,0.891,36.6,58.6,CONFIRMED-LEAD,high,small_blob,"Real feature confirmed at the same pixels in the corresponding band variant(s) of one acquisition. Fetch the EDR original, geolocate on Trek, and check for an independent pass at a different lighting before writing a finding.",data/processed\ESP_013236_1410\ESP_013236_1410_IRB.NOMAP.browse_enh.png,,0.379,,,,,,,
ESP_013236_1410_MRGB.browse_enh.png,2788,9944,16,32,0.92,512,2.0,bright,3,2,1,1,False,1.0,0.817,34.75,no,0.7939,1.6213,0.6388,36.6,58.6,CONFIRMED-LEAD,high,small_blob,"Real feature confirmed at the same pixels in the corresponding band variant(s) of one acquisition. Fetch the EDR original, geolocate on Trek, and check for an independent pass at a different lighting before writing a finding.",data/processed\ESP_013236_1410\ESP_013236_1410_MRGB.browse_enh.png,,0.403,,,,,,,
ESP_013236_1410_RGB.NOMAP.browse_enh.png,128,10148,24,20,1.33,480,1.2,bright,2,1,1,0,False,1.0,1.0,43.0,no,0.8353,0.7097,0.8989,36.5,58.5,CONFIRMED-LEAD,high,small_blob,"Real feature confirmed at the same pixels in the corresponding band variant(s) of one acquisition. Fetch the EDR original, geolocate on Trek, and check for an independent pass at a different lighting before writing a finding.",data/processed\ESP_013236_1410\ESP_013236_1410_RGB.NOMAP.browse_enh.png,,0.390,,,,,,,
ESP_013948_1410_RED.browse_enh.png,1376,3752,16,40,0.08,640,2.5,bright,3,2,2,0,False,1.0,0.704,41.98,no,0.6858,1.3442,0.4477,18.5,58.5,CONFIRMED-LEAD,high,small_blob,"Real feature confirmed at the same pixels in the corresponding band variant(s) of one acquisition. Fetch the EDR original, geolocate on Trek, and check for an independent pass at a different lighting before writing a finding.",data/processed\ESP_013948_1410\ESP_013948_1410_RED.browse_enh.png,,0.498,,,,,,,
ESP_013236_1410_MRGB.browse_enh.png,1696,1272,12,32,1.03,384,2.67,dark,3,2,1,1,False,0.97,1.0,44.41,no,0.8813,0.9503,0.8165,36.4,58.4,CONFIRMED-LEAD,high,small_blob,"Real feature confirmed at the same pixels in the corresponding band variant(s) of one acquisition. Fetch the EDR original, geolocate on Trek, and check for an independent pass at a different lighting before writing a finding.",data/processed\ESP_013236_1410\ESP_013236_1410_MRGB.browse_enh.png,,0.402,,,,,,,
ESP_013236_1410_RED.browse_enh.png,3508,6500,20,24,0.29,480,1.2,dark,2,0,2,0,False,1.0,0.504,34.46,no,0.7856,1.2916,0.7349,22.4,58.4,CONFIRMED-LEAD,high,small_blob,"Real feature confirmed at the same pixels in the corresponding band variant(s) of one acquisition. Fetch the EDR original, geolocate on Trek, and check for an independent pass at a different lighting before writing a finding.",data/processed\ESP_013236_1410\ESP_013236_1410_RED.browse_enh.png,,0.495,,,,,,,
ESP_013236_1410_MIRB.browse_enh.png,1140,1756,16,32,0.42,512,2.0,bright,3,2,2,0,False,1.0,0.539,32.77,no,0.6279,1.1906,0.6989,22.3,58.3,CONFIRMED-LEAD,high,small_blob,"Real feature confirmed at the same pixels in the corresponding band variant(s) of one acquisition. Fetch the EDR original, geolocate on Trek, and check for an independent pass at a different lighting before writing a finding.",data/processed\ESP_013236_1410\ESP_013236_1410_MIRB.browse_enh.png,,0.480,,,,,,,
ESP_013236_1410_MRGB.browse_enh.png,1140,1756,16,32,0.42,512,2.0,bright,3,2,2,0,False,1.0,0.539,32.77,no,0.6279,1.1906,0.6989,22.3,58.3,CONFIRMED-LEAD,high,small_blob,"Real feature confirmed at the same pixels in the corresponding band variant(s) of one acquisition. Fetch the EDR original, geolocate on Trek, and check for an independent pass at a different lighting before writing a finding.",data/processed\ESP_013236_1410\ESP_013236_1410_MRGB.browse_enh.png,,0.480,,,,,,,
ESP_013236_1410_RGB.NOMAP.browse_enh.png,920,7692,16,28,1.41,448,1.75,bright,2,1,1,0,False,1.0,1.0,41.6,no,0.6516,1.3263,0.7981,36.3,58.3,CONFIRMED-LEAD,high,small_blob,"Real feature confirmed at the same pixels in the corresponding band variant(s) of one acquisition. Fetch the EDR original, geolocate on Trek, and check for an independent pass at a different lighting before writing a finding.",data/processed\ESP_013236_1410\ESP_013236_1410_RGB.NOMAP.browse_enh.png,,0.384,,,,,,,
ESP_013948_1410_MRGB.browse_enh.png,2060,8228,24,28,0.71,672,1.17,dark,3,2,1,1,False,1.0,0.976,29.51,no,0.7614,1.4629,0.8765,36.3,58.3,CONFIRMED-LEAD,high,small_blob,"Real feature confirmed at the same pixels in the corresponding band variant(s) of one acquisition. Fetch the EDR original, geolocate on Trek, and check for an independent pass at a different lighting before writing a finding.",data/processed\ESP_013948_1410\ESP_013948_1410_MRGB.browse_enh.png,,0.432,,,,,,,
ESP_013948_1410_RED.NOMAP.browse_enh.png,2720,2308,28,12,3.47,336,2.33,bright,2,0,0,0,False,1.0,1.0,20.86,no,0.8321,1.545,0.9432,48.3,58.3,PROMISING,medium,small_blob,Strong single-image signal but not confirmed across band variants. Compare against the original product and look for the feature in a same-footprint sibling or an independent acquisition.,data/processed\ESP_013948_1410\ESP_013948_1410_RED.NOMAP.browse_enh.png,,0.049,,,,,,,
ESP_013948_1410_RED.browse_enh.png,2120,7820,12,36,1.31,432,3.0,dark,2,1,0,2,False,1.0,1.0,33.82,no,0.7555,0.9468,0.9265,48.3,58.3,PROMISING,medium,,Strong single-image signal but not confirmed across band variants. Compare against the original product and look for the feature in a same-footprint sibling or an independent acquisition.,data/processed\ESP_013948_1410\ESP_013948_1410_RED.browse_enh.png,,0.390,,,,,,,
diff_ESP_013236_1410_IRB.NOMAP.thumb_vs_ESP_013236_1410_RED.NOMAP.browse.png,1120,7108,36,12,1.88,432,3.0,bright,2,0,0,0,False,1.0,1.0,42.91,no,0.8465,1.1106,0.862,48.3,58.3,PROMISING,medium,,Strong single-image signal but not confirmed across band variants. Compare against the original product and look for the feature in a same-footprint sibling or an independent acquisition.,data/processed\extras_compare\ESP_013236_1410\diff_ESP_013236_1410_IRB.NOMAP.thumb_vs_ESP_013236_1410_RED.NOMAP.browse.png,,0.376,,,,,,,
ESP_013236_1410_IRB.NOMAP.browse_enh.png,460,7944,20,20,1.26,400,1.0,bright,2,1,1,0,False,1.0,1.0,33.65,no,0.7689,0.9623,0.8945,36.2,58.2,CONFIRMED-LEAD,high,small_blob,"Real feature confirmed at the same pixels in the corresponding band variant(s) of one acquisition. Fetch the EDR original, geolocate on Trek, and check for an independent pass at a different lighting before writing a finding.",data/processed\ESP_013236_1410\ESP_013236_1410_IRB.NOMAP.browse_enh.png,,0.390,,,,,,,
ESP_013236_1410_RGB.NOMAP.browse_enh.png,960,11720,20,40,1.43,800,2.0,dark,2,1,1,0,False,1.0,1.0,31.85,no,0.8285,1.192,0.7563,36.2,58.2,CONFIRMED-LEAD,high,small_blob,"Real feature confirmed at the same pixels in the corresponding band variant(s) of one acquisition. Fetch the EDR original, geolocate on Trek, and check for an independent pass at a different lighting before writing a finding.",data/processed\ESP_013236_1410\ESP_013236_1410_RGB.NOMAP.browse_enh.png,,0.384,,,,,,,
diff_ESP_013236_1410_IRB.NOMAP.browse_vs_ESP_013236_1410_RED.NOMAP.browse.png,1360,3504,36,12,1.86,432,3.0,bright,2,0,0,0,False,1.0,1.0,42.57,no,0.7747,1.1279,0.9548,48.2,58.2,PROMISING,medium,,Strong single-image signal but not confirmed across band variants. Compare against the original product and look for the feature in a same-footprint sibling or an independent acquisition.,data/processed\extras_compare\ESP_013236_1410\diff_ESP_013236_1410_IRB.NOMAP.browse_vs_ESP_013236_1410_RED.NOMAP.browse.png,,0.376,,,,,,,
ESP_013236_1410_MIRB.browse_enh.png,2560,9792,24,12,0.87,288,2.0,bright,3,2,1,1,False,1.0,1.0,42.45,no,0.811,1.1579,0.724,36.1,58.1,CONFIRMED-LEAD,high,small_blob,"Real feature confirmed at the same pixels in the corresponding band variant(s) of one acquisition. Fetch the EDR original, geolocate on Trek, and check for an independent pass at a different lighting before writing a finding.",data/processed\ESP_013236_1410\ESP_013236_1410_MIRB.browse_enh.png,,0.405,,,,,,,
ESP_013236_1410_RED.thumb_enh.png,432,308,16,32,0.4,512,2.0,dark,2,0,2,0,False,1.0,0.577,31.73,no,0.737,1.9889,0.7725,22.1,58.1,CONFIRMED-LEAD,high,small_blob,"Real feature confirmed at the same pixels in the corresponding band variant(s) of one acquisition. Fetch the EDR original, geolocate on Trek, and check for an independent pass at a different lighting before writing a finding.",data/processed\ESP_013236_1410\ESP_013236_1410_RED.thumb_enh.png,,0.484,,,,,,,
ESP_013948_1410_MIRB.browse_enh.png,2060,8228,24,28,0.69,672,1.17,dark,3,2,1,1,False,1.0,0.869,32.31,no,0.7564,1.4855,0.9077,36.1,58.1,CONFIRMED-LEAD,high,small_blob,"Real feature confirmed at the same pixels in the corresponding band variant(s) of one acquisition. Fetch the EDR original, geolocate on Trek, and check for an independent pass at a different lighting before writing a finding.",data/processed\ESP_013948_1410\ESP_013948_1410_MIRB.browse_enh.png,,0.434,,,,,,,
ESP_013236_1410_RED.NOMAP.browse_enh.png,236,4000,12,40,1.9,480,3.33,dark,2,0,0,0,False,1.0,1.0,23.95,no,0.802,1.3679,0.7706,48.0,58.0,PROMISING,medium,,Strong single-image signal but not confirmed across band variants. Compare against the original product and look for the feature in a same-footprint sibling or an independent acquisition.,data/processed\ESP_013236_1410\ESP_013236_1410_RED.NOMAP.browse_enh.png,,0.376,,,,,,,
ESP_013948_1410_IRB.NOMAP.thumb_enh.png,192,2552,16,36,1.46,576,2.25,dark,2,1,1,0,False,1.0,1.0,52.33,no,0.7832,1.0483,0.8582,36.0,58.0,CONFIRMED-LEAD,high,small_blob,"Real feature confirmed at the same pixels in the corresponding band variant(s) of one acquisition. Fetch the EDR original, geolocate on Trek, and check for an independent pass at a different lighting before writing a finding.",data/processed\ESP_013948_1410\ESP_013948_1410_IRB.NOMAP.thumb_enh.png,,0.384,,,,,,,
ESP_013948_1410_MIRB.browse_enh.png,1568,3660,16,20,1.29,320,1.25,dark,2,1,1,1,False,1.0,1.0,35.68,no,0.6999,1.0399,0.9072,36.0,58.0,CONFIRMED-LEAD,high,small_blob,"Real feature confirmed at the same pixels in the corresponding band variant(s) of one acquisition. Fetch the EDR original, geolocate on Trek, and check for an independent pass at a different lighting before writing a finding.",data/processed\ESP_013948_1410\ESP_013948_1410_MIRB.browse_enh.png,,0.390,,,,,,,
ESP_013948_1410_RGB.NOMAP.thumb_enh.png,192,2552,16,36,1.46,576,2.25,dark,2,1,1,0,False,1.0,1.0,52.14,no,0.7875,0.9656,0.8671,36.0,58.0,CONFIRMED-LEAD,high,small_blob,"Real feature confirmed at the same pixels in the corresponding band variant(s) of one acquisition. Fetch the EDR original, geolocate on Trek, and check for an independent pass at a different lighting before writing a finding.",data/processed\ESP_013948_1410\ESP_013948_1410_RGB.NOMAP.thumb_enh.png,,0.384,,,,,,,
ESP_013236_1410_MIRB.browse_enh.png,1988,6688,28,16,0.79,448,1.75,bright,3,2,1,1,False,1.0,0.805,52.56,no,0.8188,0.6307,0.8993,35.9,57.9,CONFIRMED-LEAD,high,small_blob,"Real feature confirmed at the same pixels in the corresponding band variant(s) of one acquisition. Fetch the EDR original, geolocate on Trek, and check for an independent pass at a different lighting before writing a finding.",data/processed\ESP_013236_1410\ESP_013236_1410_MIRB.browse_enh.png,,0.417,,,,,,,
ESP_013236_1410_RGB.NOMAP.browse_enh.png,460,7944,20,20,1.22,400,1.0,bright,2,1,1,0,False,1.0,1.0,34.86,no,0.774,1.0038,0.8771,35.9,57.9,CONFIRMED-LEAD,high,small_blob,"Real feature confirmed at the same pixels in the corresponding band variant(s) of one acquisition. Fetch the EDR original, geolocate on Trek, and check for an independent pass at a different lighting before writing a finding.",data/processed\ESP_013236_1410\ESP_013236_1410_RGB.NOMAP.browse_enh.png,,0.390,,,,,,,
ESP_013236_1410_RGB.NOMAP.browse_enh.png,748,10240,20,32,1.32,640,1.6,dark,2,1,1,0,False,1.0,1.0,34.31,no,0.7938,1.3794,0.825,35.9,57.9,CONFIRMED-LEAD,high,small_blob,"Real feature confirmed at the same pixels in the corresponding band variant(s) of one acquisition. Fetch the EDR original, geolocate on Trek, and check for an independent pass at a different lighting before writing a finding.",data/processed\ESP_013236_1410\ESP_013236_1410_RGB.NOMAP.browse_enh.png,,0.390,,,,,,,
ESP_013236_1410_RGB.NOMAP.browse_enh.png,480,10468,20,24,1.26,480,1.2,dark,2,1,1,0,False,1.0,1.0,31.76,no,0.7689,1.0026,0.8198,35.9,57.9,CONFIRMED-LEAD,high,small_blob,"Real feature confirmed at the same pixels in the corresponding band variant(s) of one acquisition. Fetch the EDR original, geolocate on Trek, and check for an independent pass at a different lighting before writing a finding.",data/processed\ESP_013236_1410\ESP_013236_1410_RGB.NOMAP.browse_enh.png,,0.390,,,,,,,
ESP_013236_1410_RGB.NOMAP.browse_enh.png,904,14880,12,32,1.54,384,2.67,dark,2,1,1,0,False,1.0,1.0,43.39,no,0.7532,1.143,0.8672,35.9,57.9,CONFIRMED-LEAD,high,small_blob,"Real feature confirmed at the same pixels in the corresponding band variant(s) of one acquisition. Fetch the EDR original, geolocate on Trek, and check for an independent pass at a different lighting before writing a finding.",data/processed\ESP_013236_1410\ESP_013236_1410_RGB.NOMAP.browse_enh.png,,0.379,,,,,,,
ESP_013948_1410_RED.browse_enh.png,1764,5652,20,24,2.06,480,1.2,dark,3,2,0,2,False,1.0,1.0,32.47,no,0.7364,1.1017,0.9296,47.9,57.9,PROMISING,medium,small_blob,Strong single-image signal but not confirmed across band variants. Compare against the original product and look for the feature in a same-footprint sibling or an independent acquisition.,data/processed\ESP_013948_1410\ESP_013948_1410_RED.browse_enh.png,,0.376,,,,,,,
ESP_013948_1410_RGB.NOMAP.browse_enh.png,588,11180,20,24,1.26,480,1.2,dark,2,1,1,0,False,1.0,1.0,61.31,no,0.8324,0.5791,0.9478,35.9,57.9,CONFIRMED-LEAD,high,small_blob,"Real feature confirmed at the same pixels in the corresponding band variant(s) of one acquisition. Fetch the EDR original, geolocate on Trek, and check for an independent pass at a different lighting before writing a finding.",data/processed\ESP_013948_1410\ESP_013948_1410_RGB.NOMAP.browse_enh.png,,0.390,,,,,,,
ESP_013236_1410_IRB.NOMAP.browse_enh.png,96,12168,12,32,1.53,384,2.67,dark,2,1,1,0,False,1.0,0.935,36.5,no,0.7211,1.3525,0.9169,35.8,57.8,CONFIRMED-LEAD,high,small_blob,"Real feature confirmed at the same pixels in the corresponding band variant(s) of one acquisition. Fetch the EDR original, geolocate on Trek, and check for an independent pass at a different lighting before writing a finding.",data/processed\ESP_013236_1410\ESP_013236_1410_IRB.NOMAP.browse_enh.png,,0.379,,,,,,,
ESP_013236_1410_IRB.NOMAP.browse_enh.png,908,15168,20,28,1.74,560,1.4,dark,2,1,1,0,False,1.0,0.651,28.1,no,0.7588,1.4341,0.9276,39.8,57.8,CONFIRMED-LEAD,high,small_blob,"Real feature confirmed at the same pixels in the corresponding band variant(s) of one acquisition. Fetch the EDR original, geolocate on Trek, and check for an independent pass at a different lighting before writing a finding.",data/processed\ESP_013236_1410\ESP_013236_1410_IRB.NOMAP.browse_enh.png,,0.376,,,,,,,
ESP_013948_1410_COLOR.abrowse_enh.png,1160,9304,12,40,1.88,480,3.33,dark,2,0,0,0,False,1.0,0.978,25.25,no,0.7402,1.4333,0.96,47.8,57.8,PROMISING,medium,,Strong single-image signal but not confirmed across band variants. Compare against the original product and look for the feature in a same-footprint sibling or an independent acquisition.,data/processed\ESP_013948_1410\ESP_013948_1410_COLOR.abrowse_enh.png,,0.376,,,,,,,
ESP_013948_1410_RGB.NOMAP.browse_enh.png,420,8240,24,20,1.24,480,1.2,dark,2,1,1,0,False,1.0,0.754,33.71,no,0.7763,1.3067,0.854,35.8,57.8,CONFIRMED-LEAD,high,small_blob,"Real feature confirmed at the same pixels in the corresponding band variant(s) of one acquisition. Fetch the EDR original, geolocate on Trek, and check for an independent pass at a different lighting before writing a finding.",data/processed\ESP_013948_1410\ESP_013948_1410_RGB.NOMAP.browse_enh.png,,0.390,,,,,,,
ESP_013236_1410_IRB.NOMAP.browse_enh.png,404,11896,28,40,1.24,1120,1.43,dark,2,1,1,0,False,1.0,0.748,44.75,no,0.8805,0.8756,0.9134,35.7,57.7,CONFIRMED-LEAD,high,small_blob,"Real feature confirmed at the same pixels in the corresponding band variant(s) of one acquisition. Fetch the EDR original, geolocate on Trek, and check for an independent pass at a different lighting before writing a finding.",data/processed\ESP_013236_1410\ESP_013236_1410_IRB.NOMAP.browse_enh.png,,0.390,,,,,,,
ESP_013236_1410_RED.NOMAP.browse_enh.png,2656,9488,16,60,1.92,960,3.75,dark,2,0,0,0,False,1.0,1.0,33.64,no,0.8467,1.1903,0.8962,47.7,57.7,PROMISING,medium,,Strong single-image signal but not confirmed across band variants. Compare against the original product and look for the feature in a same-footprint sibling or an independent acquisition.,data/processed\ESP_013236_1410\ESP_013236_1410_RED.NOMAP.browse_enh.png,,0.376,,,,,,,
ESP_013948_1410_IRB.NOMAP.browse_enh.png,420,8240,24,20,1.23,480,1.2,dark,2,1,1,0,False,1.0,0.88,31.13,no,0.7404,1.5441,0.8391,35.7,57.7,CONFIRMED-LEAD,high,small_blob,"Real feature confirmed at the same pixels in the corresponding band variant(s) of one acquisition. Fetch the EDR original, geolocate on Trek, and check for an independent pass at a different lighting before writing a finding.",data/processed\ESP_013948_1410\ESP_013948_1410_IRB.NOMAP.browse_enh.png,,0.390,,,,,,,
diff_ESP_013236_1410_RED.thumb_vs_ESP_013236_1410_RED.NOMAP.browse.png,852,6544,8,28,1.91,224,3.5,bright,2,0,0,0,False,1.0,1.0,45.2,no,0.859,1.092,0.8679,47.7,57.7,PROMISING,medium,,Strong single-image signal but not confirmed across band variants. Compare against the original product and look for the feature in a same-footprint sibling or an independent acquisition.,data/processed\extras_compare\ESP_013236_1410\diff_ESP_013236_1410_RED.thumb_vs_ESP_013236_1410_RED.NOMAP.browse.png,,0.376,,,,,,,
ESP_013948_1410_IRB.NOMAP.browse_enh.png,584,11180,28,36,1.21,1008,1.29,dark,2,1,1,0,False,1.0,1.0,53.91,no,0.8825,0.813,0.916,35.6,57.6,CONFIRMED-LEAD,high,small_blob,"Real feature confirmed at the same pixels in the corresponding band variant(s) of one acquisition. Fetch the EDR original, geolocate on Trek, and check for an independent pass at a different lighting before writing a finding.",data/processed\ESP_013948_1410\ESP_013948_1410_IRB.NOMAP.browse_enh.png,,0.390,,,,,,,
diff_ESP_013236_1410_RED.abrowse_vs_ESP_013236_1410_RED.NOMAP.browse.png,1320,644,16,48,1.78,768,3.0,bright,2,0,0,0,False,1.0,1.0,33.4,no,0.7504,1.2308,0.9394,47.6,57.6,PROMISING,medium,,Strong single-image signal but not confirmed across band variants. Compare against the original product and look for the feature in a same-footprint sibling or an independent acquisition.,data/processed\extras_compare\ESP_013236_1410\diff_ESP_013236_1410_RED.abrowse_vs_ESP_013236_1410_RED.NOMAP.browse.png,,0.376,,,,,,,
ESP_013236_1410_RED.browse_enh.png,2760,10032,16,20,2.03,320,1.25,bright,3,2,0,2,False,1.0,1.0,19.87,no,0.7513,1.3057,0.8991,47.5,57.5,PROMISING,medium,small_blob,Strong single-image signal but not confirmed across band variants. Compare against the original product and look for the feature in a same-footprint sibling or an independent acquisition.,data/processed\ESP_013236_1410\ESP_013236_1410_RED.browse_enh.png,,0.376,,,,,,,
ESP_013948_1410_IRB.NOMAP.browse_enh.png,296,14720,24,16,1.84,384,1.5,dark,2,0,1,0,False,1.0,1.0,28.84,no,0.7354,1.2303,0.8301,35.5,57.5,CONFIRMED-LEAD,high,small_blob,"Real feature confirmed at the same pixels in the corresponding band variant(s) of one acquisition. Fetch the EDR original, geolocate on Trek, and check for an independent pass at a different lighting before writing a finding.",data/processed\ESP_013948_1410\ESP_013948_1410_IRB.NOMAP.browse_enh.png,,0.376,,,,,,,
ESP_013236_1410_MRGB.browse_enh.png,2648,9804,12,24,0.78,288,2.0,dark,3,2,1,1,False,0.991,1.0,51.43,no,0.8364,0.6436,0.8511,35.3,57.3,CONFIRMED-LEAD,high,small_blob,"Real feature confirmed at the same pixels in the corresponding band variant(s) of one acquisition. Fetch the EDR original, geolocate on Trek, and check for an independent pass at a different lighting before writing a finding.",data/processed\ESP_013236_1410\ESP_013236_1410_MRGB.browse_enh.png,,0.419,,,,,,,
ESP_013948_1410_COLOR.thumb_enh.png,560,4840,12,36,1.76,432,3.0,dark,2,0,0,0,False,1.0,1.0,37.38,no,0.7455,1.1762,0.9217,47.3,57.3,PROMISING,medium,,Strong single-image signal but not confirmed across band variants. Compare against the original product and look for the feature in a same-footprint sibling or an independent acquisition.,data/processed\ESP_013948_1410\ESP_013948_1410_COLOR.thumb_enh.png,,0.376,,,,,,,
ESP_013948_1410_IRB.NOMAP.browse_enh.png,856,1536,12,32,1.47,384,2.67,dark,2,1,1,0,False,1.0,1.0,35.92,no,0.7569,1.4826,0.8761,35.3,57.3,CONFIRMED-LEAD,high,small_blob,"Real feature confirmed at the same pixels in the corresponding band variant(s) of one acquisition. Fetch the EDR original, geolocate on Trek, and check for an independent pass at a different lighting before writing a finding.",data/processed\ESP_013948_1410\ESP_013948_1410_IRB.NOMAP.browse_enh.png,,0.384,,,,,,,
ESP_013948_1410_IRB.NOMAP.browse_enh.png,888,9576,20,32,1.26,640,1.6,dark,2,1,1,0,False,1.0,0.89,42.44,no,0.7678,1.3963,0.8436,35.3,57.3,CONFIRMED-LEAD,high,small_blob,"Real feature confirmed at the same pixels in the corresponding band variant(s) of one acquisition. Fetch the EDR original, geolocate on Trek, and check for an independent pass at a different lighting before writing a finding.",data/processed\ESP_013948_1410\ESP_013948_1410_IRB.NOMAP.browse_enh.png,,0.390,,,,,,,
ESP_013948_1410_RED.NOMAP.browse_enh.png,284,3168,8,28,1.87,224,3.5,dark,2,0,0,0,False,1.0,1.0,40.66,no,0.8356,1.0037,0.8736,47.3,57.3,PROMISING,medium,,Strong single-image signal but not confirmed across band variants. Compare against the original product and look for the feature in a same-footprint sibling or an independent acquisition.,data/processed\ESP_013948_1410\ESP_013948_1410_RED.NOMAP.browse_enh.png,,0.376,,,,,,,
ESP_013236_1410_COLOR.abrowse_enh.png,1176,8352,12,40,1.81,480,3.33,dark,2,0,0,0,False,1.0,1.0,25.45,no,0.7538,1.4144,0.8623,47.2,57.2,PROMISING,medium,,Strong single-image signal but not confirmed across band variants. Compare against the original product and look for the feature in a same-footprint sibling or an independent acquisition.,data/processed\ESP_013236_1410\ESP_013236_1410_COLOR.abrowse_enh.png,,0.376,,,,,,,
ESP_013236_1410_IRB.NOMAP.thumb_enh.png,60,4292,12,32,1.46,384,2.67,dark,2,1,1,0,False,1.0,1.0,44.86,no,0.8748,0.7656,0.9487,35.2,57.2,CONFIRMED-LEAD,high,small_blob,"Real feature confirmed at the same pixels in the corresponding band variant(s) of one acquisition. Fetch the EDR original, geolocate on Trek, and check for an independent pass at a different lighting before writing a finding.",data/processed\ESP_013236_1410\ESP_013236_1410_IRB.NOMAP.thumb_enh.png,,0.384,,,,,,,
DTEEC_013948_1410_013236_1410_A01.ct_enh.png,56,804,88,440,0.44,38720,5.0,dark,2,0,0,0,False,1.0,0.877,73.19,no,0.9113,0.4946,0.874,47.2,57.2,PROMISING,medium,,Strong single-image signal but not confirmed across band variants. Compare against the original product and look for the feature in a same-footprint sibling or an independent acquisition.,data/processed\ESP_013948_1410_ESP_013236_1410\DTEEC_013948_1410_013236_1410_A01.ct_enh.png,,0.478,,,,,,,
diff_ESP_013236_1410_MRGB.abrowse_vs_ESP_013236_1410_RED.NOMAP.browse.png,1132,5748,16,48,1.73,768,3.0,bright,2,0,0,0,False,1.0,0.81,33.1,no,0.7298,1.555,0.8841,47.2,57.2,PROMISING,medium,,Strong single-image signal but not confirmed across band variants. Compare against the original product and look for the feature in a same-footprint sibling or an independent acquisition.,data/processed\extras_compare\ESP_013236_1410\diff_ESP_013236_1410_MRGB.abrowse_vs_ESP_013236_1410_RED.NOMAP.browse.png,,0.376,,,,,,,
ESP_013236_1410_RED.browse_enh.png,1904,4532,16,40,2.2,640,2.5,dark,3,2,0,2,False,1.0,1.0,28.12,no,0.8615,1.1688,0.8377,47.1,57.1,PROMISING,medium,small_blob,Strong single-image signal but not confirmed across band variants. Compare against the original product and look for the feature in a same-footprint sibling or an independent acquisition.,data/processed\ESP_013236_1410\ESP_013236_1410_RED.browse_enh.png,,0.376,,,,,,,
ESP_013948_1410_MIRB.browse_enh.png,1780,4972,20,40,1.3,800,2.0,dark,2,1,1,1,False,1.0,1.0,24.34,no,0.85,1.2479,0.9796,35.1,57.1,CONFIRMED-LEAD,high,small_blob,"Real feature confirmed at the same pixels in the corresponding band variant(s) of one acquisition. Fetch the EDR original, geolocate on Trek, and check for an independent pass at a different lighting before writing a finding.",data/processed\ESP_013948_1410\ESP_013948_1410_MIRB.browse_enh.png,,0.390,,,,,,,
ESP_013948_1410_RGB.NOMAP.browse_enh.png,888,10232,24,44,1.24,1056,1.83,dark,2,1,1,0,False,1.0,1.0,42.93,no,0.8156,0.9359,0.9299,35.0,57.0,CONFIRMED-LEAD,high,small_blob,"Real feature confirmed at the same pixels in the corresponding band variant(s) of one acquisition. Fetch the EDR original, geolocate on Trek, and check for an independent pass at a different lighting before writing a finding.",data/processed\ESP_013948_1410\ESP_013948_1410_RGB.NOMAP.browse_enh.png,,0.390,,,,,,,
ESP_013236_1410_MRGB.browse_enh.png,1956,7752,16,24,1.21,384,1.5,dark,2,1,1,1,False,1.0,1.0,28.72,no,0.7821,1.1341,0.8499,34.9,56.9,CONFIRMED-LEAD,high,small_blob,"Real feature confirmed at the same pixels in the corresponding band variant(s) of one acquisition. Fetch the EDR original, geolocate on Trek, and check for an independent pass at a different lighting before writing a finding.",data/processed\ESP_013236_1410\ESP_013236_1410_MRGB.browse_enh.png,,0.390,,,,,,,
ESP_013948_1410_RED.NOMAP.browse_enh.png,1176,936,36,12,1.72,432,3.0,bright,2,0,0,0,False,1.0,1.0,29.84,no,0.7855,1.5152,0.8473,46.9,56.9,PROMISING,medium,,Strong single-image signal but not confirmed across band variants. Compare against the original product and look for the feature in a same-footprint sibling or an independent acquisition.,data/processed\ESP_013948_1410\ESP_013948_1410_RED.NOMAP.browse_enh.png,,0.376,,,,,,,
ESP_013236_1410_MIRB.abrowse_enh.png,1960,6920,16,28,0.67,448,1.75,bright,3,2,1,1,False,1.0,1.0,57.88,no,0.7682,0.9754,0.8431,34.8,56.8,CONFIRMED-LEAD,high,small_blob,"Real feature confirmed at the same pixels in the corresponding band variant(s) of one acquisition. Fetch the EDR original, geolocate on Trek, and check for an independent pass at a different lighting before writing a finding.",data/processed\ESP_013236_1410\ESP_013236_1410_MIRB.abrowse_enh.png,,0.438,,,,,,,
ESP_013948_1410_MIRB.browse_enh.png,1932,8072,16,44,1.41,704,2.75,dark,2,1,1,1,False,1.0,1.0,30.16,no,0.7904,1.4599,0.781,34.8,56.8,CONFIRMED-LEAD,high,small_blob,"Real feature confirmed at the same pixels in the corresponding band variant(s) of one acquisition. Fetch the EDR original, geolocate on Trek, and check for an independent pass at a different lighting before writing a finding.",data/processed\ESP_013948_1410\ESP_013948_1410_MIRB.browse_enh.png,,0.384,,,,,,,
ESP_013948_1410_MRGB.browse_enh.png,1932,8072,16,44,1.41,704,2.75,dark,2,1,1,1,False,1.0,1.0,29.5,no,0.792,1.3709,0.7901,34.8,56.8,CONFIRMED-LEAD,high,small_blob,"Real feature confirmed at the same pixels in the corresponding band variant(s) of one acquisition. Fetch the EDR original, geolocate on Trek, and check for an independent pass at a different lighting before writing a finding.",data/processed\ESP_013948_1410\ESP_013948_1410_MRGB.browse_enh.png,,0.384,,,,,,,
diff_ESP_013236_1410_COLOR.abrowse_vs_ESP_013236_1410_RED.NOMAP.browse.png,852,7224,28,92,1.64,2576,3.29,dark,2,0,0,0,False,1.0,1.0,40.68,no,0.9071,0.9043,0.8801,46.8,56.8,PROMISING,medium,,Strong single-image signal but not confirmed across band variants. Compare against the original product and look for the feature in a same-footprint sibling or an independent acquisition.,data/processed\extras_compare\ESP_013236_1410\diff_ESP_013236_1410_COLOR.abrowse_vs_ESP_013236_1410_RED.NOMAP.browse.png,,0.376,,,,,,,
diff_ESP_013236_1410_COLOR.browse_vs_ESP_013236_1410_RED.NOMAP.browse.png,852,7224,28,92,1.64,2576,3.29,dark,2,0,0,0,False,1.0,1.0,37.78,no,0.9067,0.9033,0.8804,46.8,56.8,PROMISING,medium,,Strong single-image signal but not confirmed across band variants. Compare against the original product and look for the feature in a same-footprint sibling or an independent acquisition.,data/processed\extras_compare\ESP_013236_1410\diff_ESP_013236_1410_COLOR.browse_vs_ESP_013236_1410_RED.NOMAP.browse.png,,0.376,,,,,,,
diff_ESP_013236_1410_COLOR.thumb_vs_ESP_013236_1410_RED.NOMAP.browse.png,852,7224,28,92,1.64,2576,3.29,dark,2,0,0,0,False,1.0,1.0,40.3,no,0.907,0.9103,0.88,46.8,56.8,PROMISING,medium,,Strong single-image signal but not confirmed across band variants. Compare against the original product and look for the feature in a same-footprint sibling or an independent acquisition.,data/processed\extras_compare\ESP_013236_1410\diff_ESP_013236_1410_COLOR.thumb_vs_ESP_013236_1410_RED.NOMAP.browse.png,,0.376,,,,,,,
diff_ESP_013236_1410_RED.thumb_vs_ESP_013236_1410_RED.NOMAP.browse.png,1116,4364,12,36,1.7,432,3.0,bright,2,0,0,0,False,1.0,1.0,35.73,no,0.7171,1.4763,0.9706,46.8,56.8,PROMISING,medium,,Strong single-image signal but not confirmed across band variants. Compare against the original product and look for the feature in a same-footprint sibling or an independent acquisition.,data/processed\extras_compare\ESP_013236_1410\diff_ESP_013236_1410_RED.thumb_vs_ESP_013236_1410_RED.NOMAP.browse.png,,0.376,,,,,,,
ESP_013236_1410_IRB.NOMAP.browse_enh.png,960,11720,20,40,1.25,800,2.0,dark,2,1,1,0,False,1.0,1.0,33.93,no,0.8251,1.1816,0.7346,34.7,56.7,CONFIRMED-LEAD,high,small_blob,"Real feature confirmed at the same pixels in the corresponding band variant(s) of one acquisition. Fetch the EDR original, geolocate on Trek, and check for an independent pass at a different lighting before writing a finding.",data/processed\ESP_013236_1410\ESP_013236_1410_IRB.NOMAP.browse_enh.png,,0.390,,,,,,,
ESP_013236_1410_IRB.NOMAP.browse_enh.png,900,14556,24,16,1.18,384,1.5,bright,2,1,1,0,False,1.0,1.0,56.86,no,0.731,0.8556,0.7701,34.7,56.7,CONFIRMED-LEAD,high,small_blob,"Real feature confirmed at the same pixels in the corresponding band variant(s) of one acquisition. Fetch the EDR original, geolocate on Trek, and check for an independent pass at a different lighting before writing a finding.",data/processed\ESP_013236_1410\ESP_013236_1410_IRB.NOMAP.browse_enh.png,,0.391,,,,,,,
ESP_013236_1410_MIRB.abrowse_enh.png,2320,9676,24,24,0.5,576,1.0,bright,3,2,1,1,False,1.0,1.0,43.36,no,0.767,1.1897,0.9317,34.7,56.7,CONFIRMED-LEAD,high,small_blob,"Real feature confirmed at the same pixels in the corresponding band variant(s) of one acquisition. Fetch the EDR original, geolocate on Trek, and check for an independent pass at a different lighting before writing a finding.",data/processed\ESP_013236_1410\ESP_013236_1410_MIRB.abrowse_enh.png,,0.470,,,,,,,
ESP_013948_1410_RGB.NOMAP.browse_enh.png,576,15428,20,20,1.09,400,1.0,dark,2,1,1,0,False,1.0,1.0,58.87,no,0.7423,1.0299,0.9219,34.7,56.7,CONFIRMED-LEAD,high,small_blob,"Real feature confirmed at the same pixels in the corresponding band variant(s) of one acquisition. Fetch the EDR original, geolocate on Trek, and check for an independent pass at a different lighting before writing a finding.",data/processed\ESP_013948_1410\ESP_013948_1410_RGB.NOMAP.browse_enh.png,,0.397,,,,,,,
ESP_013236_1410_RGB.NOMAP.browse_enh.png,604,14560,12,28,1.33,336,2.33,dark,2,1,1,0,False,1.0,1.0,37.77,no,0.7846,0.8558,0.8424,34.6,56.6,CONFIRMED-LEAD,high,small_blob,"Real feature confirmed at the same pixels in the corresponding band variant(s) of one acquisition. Fetch the EDR original, geolocate on Trek, and check for an independent pass at a different lighting before writing a finding.",data/processed\ESP_013236_1410\ESP_013236_1410_RGB.NOMAP.browse_enh.png,,0.390,,,,,,,
ESP_013948_1410_RED.abrowse_enh.png,2776,7452,24,32,0.09,768,1.33,dark,2,0,2,0,False,1.0,0.533,28.36,no,0.7816,1.6125,0.8285,20.6,56.6,CONFIRMED-LEAD,high,small_blob,"Real feature confirmed at the same pixels in the corresponding band variant(s) of one acquisition. Fetch the EDR original, geolocate on Trek, and check for an independent pass at a different lighting before writing a finding.",data/processed\ESP_013948_1410\ESP_013948_1410_RED.abrowse_enh.png,,0.498,,,,,,,
ESP_013236_1410_IRB.NOMAP.browse_enh.png,668,2392,28,32,1.06,896,1.14,bright,2,1,1,0,False,1.0,1.0,51.31,no,0.8921,0.8139,0.9185,34.5,56.5,CONFIRMED-LEAD,high,small_blob,"Real feature confirmed at the same pixels in the corresponding band variant(s) of one acquisition. Fetch the EDR original, geolocate on Trek, and check for an independent pass at a different lighting before writing a finding.",data/processed\ESP_013236_1410\ESP_013236_1410_IRB.NOMAP.browse_enh.png,,0.399,,,,,,,
ESP_013948_1410_IRB.NOMAP.browse_enh.png,924,10408,12,28,1.32,336,2.33,bright,2,1,1,0,False,1.0,1.0,38.63,no,0.7794,1.3367,0.8764,34.5,56.5,CONFIRMED-LEAD,high,small_blob,"Real feature confirmed at the same pixels in the corresponding band variant(s) of one acquisition. Fetch the EDR original, geolocate on Trek, and check for an independent pass at a different lighting before writing a finding.",data/processed\ESP_013948_1410\ESP_013948_1410_IRB.NOMAP.browse_enh.png,,0.390,,,,,,,
ESP_013236_1410_IRB.NOMAP.browse_enh.png,832,10680,16,40,1.32,640,2.5,dark,2,1,1,0,False,1.0,0.792,49.28,no,0.8216,0.8782,0.962,34.4,56.4,CONFIRMED-LEAD,high,small_blob,"Real feature confirmed at the same pixels in the corresponding band variant(s) of one acquisition. Fetch the EDR original, geolocate on Trek, and check for an independent pass at a different lighting before writing a finding.",data/processed\ESP_013236_1410\ESP_013236_1410_IRB.NOMAP.browse_enh.png,,0.390,,,,,,,
ESP_013236_1410_RED.browse_enh.png,2268,9720,44,40,0.53,1760,1.1,bright,3,2,0,2,False,1.0,0.2,36.5,no,0.8061,1.3288,0.6449,50.4,56.4,PROMISING,medium,,Strong single-image signal but not confirmed across band variants. Compare against the original product and look for the feature in a same-footprint sibling or an independent acquisition.,data/processed\ESP_013236_1410\ESP_013236_1410_RED.browse_enh.png,,0.465,,,,,,,
ESP_013948_1410_RGB.NOMAP.browse_enh.png,752,7576,32,28,1.05,896,1.14,dark,2,1,1,0,False,1.0,1.0,65.69,no,0.8691,0.8695,0.9428,34.4,56.4,CONFIRMED-LEAD,high,small_blob,"Real feature confirmed at the same pixels in the corresponding band variant(s) of one acquisition. Fetch the EDR original, geolocate on Trek, and check for an independent pass at a different lighting before writing a finding.",data/processed\ESP_013948_1410\ESP_013948_1410_RGB.NOMAP.browse_enh.png,,0.400,,,,,,,
ESP_013236_1410_RED.NOMAP.browse_enh.png,2236,15220,12,36,1.65,432,3.0,bright,2,0,0,0,False,1.0,1.0,33.35,no,0.8546,1.0988,0.8316,46.3,56.3,PROMISING,medium,,Strong single-image signal but not confirmed across band variants. Compare against the original product and look for the feature in a same-footprint sibling or an independent acquisition.,data/processed\ESP_013236_1410\ESP_013236_1410_RED.NOMAP.browse_enh.png,,0.376,,,,,,,
ESP_013948_1410_IRB.NOMAP.browse_enh.png,840,13600,16,28,1.17,448,1.75,dark,2,1,1,0,False,1.0,1.0,46.41,no,0.7766,1.1114,0.8237,34.2,56.2,CONFIRMED-LEAD,high,small_blob,"Real feature confirmed at the same pixels in the corresponding band variant(s) of one acquisition. Fetch the EDR original, geolocate on Trek, and check for an independent pass at a different lighting before writing a finding.",data/processed\ESP_013948_1410\ESP_013948_1410_IRB.NOMAP.browse_enh.png,,0.393,,,,,,,
ESP_013948_1410_RGB.NOMAP.browse_enh.png,344,6572,24,28,1.04,672,1.17,bright,2,1,1,0,False,1.0,0.715,37.2,no,0.8191,1.2729,0.8672,34.2,56.2,CONFIRMED-LEAD,high,small_blob,"Real feature confirmed at the same pixels in the corresponding band variant(s) of one acquisition. Fetch the EDR original, geolocate on Trek, and check for an independent pass at a different lighting before writing a finding.",data/processed\ESP_013948_1410\ESP_013948_1410_RGB.NOMAP.browse_enh.png,,0.401,,,,,,,
ESP_013236_1410_RGB.NOMAP.browse_enh.png,364,16304,20,20,1.02,400,1.0,dark,2,1,1,0,False,1.0,1.0,43.43,no,0.7346,1.3601,0.9565,34.1,56.1,CONFIRMED-LEAD,high,small_blob,"Real feature confirmed at the same pixels in the corresponding band variant(s) of one acquisition. Fetch the EDR original, geolocate on Trek, and check for an independent pass at a different lighting before writing a finding.",data/processed\ESP_013236_1410\ESP_013236_1410_RGB.NOMAP.browse_enh.png,,0.402,,,,,,,
ESP_013948_1410_IRB.NOMAP.browse_enh.png,344,6572,24,28,1.03,672,1.17,bright,2,1,1,0,False,1.0,0.707,37.47,no,0.8089,1.1897,0.884,34.1,56.1,CONFIRMED-LEAD,high,small_blob,"Real feature confirmed at the same pixels in the corresponding band variant(s) of one acquisition. Fetch the EDR original, geolocate on Trek, and check for an independent pass at a different lighting before writing a finding.",data/processed\ESP_013948_1410\ESP_013948_1410_IRB.NOMAP.browse_enh.png,,0.402,,,,,,,
ESP_013948_1410_RED.NOMAP.browse_enh.png,316,3636,12,40,1.68,480,3.33,dark,2,0,0,0,False,1.0,1.0,32.96,no,0.7945,1.3668,0.7399,46.1,56.1,PROMISING,medium,,Strong single-image signal but not confirmed across band variants. Compare against the original product and look for the feature in a same-footprint sibling or an independent acquisition.,data/processed\ESP_013948_1410\ESP_013948_1410_RED.NOMAP.browse_enh.png,,0.376,,,,,,,
ESP_013236_1410_IRB.NOMAP.browse_enh.png,260,1800,12,32,1.32,384,2.67,dark,2,1,1,0,False,1.0,1.0,29.57,no,0.6911,1.4879,0.8436,34.0,56.0,CONFIRMED-LEAD,high,small_blob,"Real feature confirmed at the same pixels in the corresponding band variant(s) of one acquisition. Fetch the EDR original, geolocate on Trek, and check for an independent pass at a different lighting before writing a finding.",data/processed\ESP_013236_1410\ESP_013236_1410_IRB.NOMAP.browse_enh.png,,0.390,,,,,,,
ESP_013236_1410_IRB.NOMAP.browse_enh.png,604,14560,12,28,1.26,336,2.33,dark,2,1,1,0,False,1.0,1.0,40.16,no,0.7886,0.9043,0.8491,34.0,56.0,CONFIRMED-LEAD,high,small_blob,"Real feature confirmed at the same pixels in the corresponding band variant(s) of one acquisition. Fetch the EDR original, geolocate on Trek, and check for an independent pass at a different lighting before writing a finding.",data/processed\ESP_013236_1410\ESP_013236_1410_IRB.NOMAP.browse_enh.png,,0.390,,,,,,,
ESP_013948_1410_IRB.NOMAP.browse_enh.png,884,13752,36,24,1.07,864,1.5,dark,2,1,1,0,False,1.0,1.0,50.21,no,0.808,0.9488,0.9062,34.0,56.0,CONFIRMED-LEAD,high,small_blob,"Real feature confirmed at the same pixels in the corresponding band variant(s) of one acquisition. Fetch the EDR original, geolocate on Trek, and check for an independent pass at a different lighting before writing a finding.",data/processed\ESP_013948_1410\ESP_013948_1410_IRB.NOMAP.browse_enh.png,,0.399,,,,,,,
ESP_013236_1410_IRB_C_01_ORTHO.ab_enh.png,1200,4172,16,32,1.76,512,2.0,dark,2,0,1,0,False,1.0,1.0,29.29,no,0.7029,1.2008,0.8574,34.0,56.0,CONFIRMED-LEAD,high,small_blob,"Real feature confirmed at the same pixels in the corresponding band variant(s) of one acquisition. Fetch the EDR original, geolocate on Trek, and check for an independent pass at a different lighting before writing a finding.",data/processed\ESP_013948_1410_ESP_013236_1410\ESP_013236_1410_IRB_C_01_ORTHO.ab_enh.png,,0.376,,,,,,,
ESP_013236_1410_IRB.NOMAP.browse_enh.png,788,14780,16,28,1.13,448,1.75,dark,2,1,1,0,False,0.998,1.0,65.37,no,0.8122,1.2582,0.8241,33.9,55.9,CONFIRMED-LEAD,high,small_blob,"Real feature confirmed at the same pixels in the corresponding band variant(s) of one acquisition. Fetch the EDR original, geolocate on Trek, and check for an independent pass at a different lighting before writing a finding.",data/processed\ESP_013236_1410\ESP_013236_1410_IRB.NOMAP.browse_enh.png,,0.395,,,,,,,
ESP_013236_1410_RED.browse_enh.png,1980,4560,20,48,2.03,960,2.4,dark,3,2,0,2,False,1.0,1.0,31.68,no,0.8796,1.0522,0.9089,45.9,55.9,PROMISING,medium,small_blob,Strong single-image signal but not confirmed across band variants. Compare against the original product and look for the feature in a same-footprint sibling or an independent acquisition.,data/processed\ESP_013236_1410\ESP_013236_1410_RED.browse_enh.png,,0.376,,,,,,,
ESP_013948_1410_COLOR.thumb_enh.png,520,4660,16,52,1.63,832,3.25,dark,2,0,0,0,False,1.0,1.0,35.27,no,0.814,1.8534,0.7937,45.9,55.9,PROMISING,medium,,Strong single-image signal but not confirmed across band variants. Compare against the original product and look for the feature in a same-footprint sibling or an independent acquisition.,data/processed\ESP_013948_1410\ESP_013948_1410_COLOR.thumb_enh.png,,0.376,,,,,,,
diff_ESP_013236_1410_RED.thumb_vs_ESP_013236_1410_RED.NOMAP.browse.png,836,1056,12,44,1.72,528,3.67,dark,2,0,0,0,False,1.0,1.0,37.35,no,0.8275,1.0655,0.9405,45.9,55.9,PROMISING,medium,,Strong single-image signal but not confirmed across band variants. Compare against the original product and look for the feature in a same-footprint sibling or an independent acquisition.,data/processed\extras_compare\ESP_013236_1410\diff_ESP_013236_1410_RED.thumb_vs_ESP_013236_1410_RED.NOMAP.browse.png,,0.376,,,,,,,
ESP_013236_1410_MRGB.browse_enh.png,2132,6540,24,24,0.97,576,1.0,bright,2,1,1,1,False,1.0,1.0,30.25,no,0.7711,1.919,0.8591,33.8,55.8,CONFIRMED-LEAD,high,small_blob,"Real feature confirmed at the same pixels in the corresponding band variant(s) of one acquisition. Fetch the EDR original, geolocate on Trek, and check for an independent pass at a different lighting before writing a finding.",data/processed\ESP_013236_1410\ESP_013236_1410_MRGB.browse_enh.png,,0.402,,,,,,,
ESP_013236_1410_RGB.NOMAP.browse_enh.png,744,10812,24,48,1.13,1152,2.0,dark,2,1,1,0,False,1.0,1.0,34.94,no,0.8015,1.2774,0.895,33.8,55.8,CONFIRMED-LEAD,high,small_blob,"Real feature confirmed at the same pixels in the corresponding band variant(s) of one acquisition. Fetch the EDR original, geolocate on Trek, and check for an independent pass at a different lighting before writing a finding.",data/processed\ESP_013236_1410\ESP_013236_1410_RGB.NOMAP.browse_enh.png,,0.395,,,,,,,
ESP_013948_1410_RGB.NOMAP.browse_enh.png,968,13952,16,28,1.12,448,1.75,dark,2,1,1,0,False,1.0,1.0,67.18,no,0.8212,1.1714,0.8289,33.8,55.8,CONFIRMED-LEAD,high,small_blob,"Real feature confirmed at the same pixels in the corresponding band variant(s) of one acquisition. Fetch the EDR original, geolocate on Trek, and check for an independent pass at a different lighting before writing a finding.",data/processed\ESP_013948_1410\ESP_013948_1410_RGB.NOMAP.browse_enh.png,,0.396,,,,,,,
diff_ESP_013236_1410_RED.abrowse_vs_ESP_013236_1410_RED.NOMAP.browse.png,1356,7096,12,36,1.59,432,3.0,bright,2,0,0,0,False,1.0,1.0,50.62,no,0.6917,1.1603,0.8416,45.8,55.8,PROMISING,medium,,Strong single-image signal but not confirmed across band variants. Compare against the original product and look for the feature in a same-footprint sibling or an independent acquisition.,data/processed\extras_compare\ESP_013236_1410\diff_ESP_013236_1410_RED.abrowse_vs_ESP_013236_1410_RED.NOMAP.browse.png,,0.379,,,,,,,
diff_ESP_013236_1410_RED.thumb_vs_ESP_013236_1410_RED.NOMAP.browse.png,820,1908,12,32,3.25,384,2.67,dark,2,0,0,0,False,1.0,1.0,16.54,no,0.9438,0.6333,0.9608,45.8,55.8,PROMISING,medium,small_blob,Strong single-image signal but not confirmed across band variants. Compare against the original product and look for the feature in a same-footprint sibling or an independent acquisition.,data/processed\extras_compare\ESP_013236_1410\diff_ESP_013236_1410_RED.thumb_vs_ESP_013236_1410_RED.NOMAP.browse.png,,0.089,,,,,,,
ESP_013236_1410_MIRB.browse_enh.png,1232,1596,20,40,1.03,800,2.0,dark,3,2,1,1,False,1.0,0.509,27.76,no,0.8777,1.4439,0.831,37.7,55.7,CONFIRMED-LEAD,high,small_blob,"Real feature confirmed at the same pixels in the corresponding band variant(s) of one acquisition. Fetch the EDR original, geolocate on Trek, and check for an independent pass at a different lighting before writing a finding.",data/processed\ESP_013236_1410\ESP_013236_1410_MIRB.browse_enh.png,,0.402,,,,,,,
ESP_013948_1410_RGB.NOMAP.browse_enh.png,116,14656,20,36,1.68,720,1.8,dark,2,0,1,0,False,1.0,1.0,31.87,no,0.7382,1.1398,0.908,33.7,55.7,CONFIRMED-LEAD,high,small_blob,"Real feature confirmed at the same pixels in the corresponding band variant(s) of one acquisition. Fetch the EDR original, geolocate on Trek, and check for an independent pass at a different lighting before writing a finding.",data/processed\ESP_013948_1410\ESP_013948_1410_RGB.NOMAP.browse_enh.png,,0.376,,,,,,,
ESP_013948_1410_RED_C_01_ORTHO.th_enh.png,708,2588,24,16,1.64,384,1.5,bright,2,0,1,0,False,1.0,1.0,34.04,no,0.8519,1.2707,0.8514,33.7,55.7,CONFIRMED-LEAD,high,small_blob,"Real feature confirmed at the same pixels in the corresponding band variant(s) of one acquisition. Fetch the EDR original, geolocate on Trek, and check for an independent pass at a different lighting before writing a finding.",data/processed\ESP_013948_1410_ESP_013236_1410\ESP_013948_1410_RED_C_01_ORTHO.th_enh.png,,0.376,,,,,,,
ESP_013236_1410_RED.NOMAP.browse_enh.png,2988,7348,56,32,1.71,1792,1.75,bright,2,0,0,0,False,1.0,0.679,34.67,no,0.8723,1.0801,0.7815,49.6,55.6,PROMISING,medium,,Strong single-image signal but not confirmed across band variants. Compare against the original product and look for the feature in a same-footprint sibling or an independent acquisition.,data/processed\ESP_013236_1410\ESP_013236_1410_RED.NOMAP.browse_enh.png,,0.376,,,,,,,
diff_ESP_013236_1410_MRGB.thumb_vs_ESP_013236_1410_RED.NOMAP.browse.png,516,3108,16,48,1.55,768,3.0,dark,2,0,0,0,False,1.0,1.0,44.39,no,0.814,0.6955,0.8774,45.6,55.6,PROMISING,medium,,Strong single-image signal but not confirmed across band variants. Compare against the original product and look for the feature in a same-footprint sibling or an independent acquisition.,data/processed\extras_compare\ESP_013236_1410\diff_ESP_013236_1410_MRGB.thumb_vs_ESP_013236_1410_RED.NOMAP.browse.png,,0.379,,,,,,,
ESP_013236_1410_IRB.NOMAP.thumb_enh.png,176,1984,24,12,1.14,288,2.0,bright,2,1,1,0,False,1.0,1.0,59.0,no,0.7464,1.0653,0.7914,33.5,55.5,CONFIRMED-LEAD,high,small_blob,"Real feature confirmed at the same pixels in the corresponding band variant(s) of one acquisition. Fetch the EDR original, geolocate on Trek, and check for an independent pass at a different lighting before writing a finding.",data/processed\ESP_013236_1410\ESP_013236_1410_IRB.NOMAP.thumb_enh.png,,0.395,,,,,,,
ESP_013236_1410_RGB.NOMAP.browse_enh.png,900,14556,20,20,0.95,400,1.0,bright,2,1,1,0,False,1.0,1.0,57.15,no,0.7157,0.7467,0.905,33.5,55.5,CONFIRMED-LEAD,high,small_blob,"Real feature confirmed at the same pixels in the corresponding band variant(s) of one acquisition. Fetch the EDR original, geolocate on Trek, and check for an independent pass at a different lighting before writing a finding.",data/processed\ESP_013236_1410\ESP_013236_1410_RGB.NOMAP.browse_enh.png,,0.402,,,,,,,
ESP_013948_1410_RED.NOMAP.browse_enh.png,3868,9308,12,40,1.62,480,3.33,dark,2,0,0,0,False,1.0,1.0,43.61,no,0.7677,1.1347,0.8447,45.5,55.5,PROMISING,medium,,Strong single-image signal but not confirmed across band variants. Compare against the original product and look for the feature in a same-footprint sibling or an independent acquisition.,data/processed\ESP_013948_1410\ESP_013948_1410_RED.NOMAP.browse_enh.png,,0.376,,,,,,,
diff_ESP_013236_1410_MIRB.thumb_vs_ESP_013236_1410_RED.NOMAP.browse.png,312,3068,16,60,1.67,960,3.75,dark,2,0,0,0,False,1.0,1.0,45.13,no,0.8953,0.7422,0.8561,45.5,55.5,PROMISING,medium,,Strong single-image signal but not confirmed across band variants. Compare against the original product and look for the feature in a same-footprint sibling or an independent acquisition.,data/processed\extras_compare\ESP_013236_1410\diff_ESP_013236_1410_MIRB.thumb_vs_ESP_013236_1410_RED.NOMAP.browse.png,,0.376,,,,,,,
ESP_013236_1410_RED.abrowse_enh.png,1984,4764,16,20,1.79,320,1.25,dark,3,2,0,2,False,1.0,1.0,38.79,no,0.7909,1.0165,0.8861,45.4,55.4,PROMISING,medium,small_blob,Strong single-image signal but not confirmed across band variants. Compare against the original product and look for the feature in a same-footprint sibling or an independent acquisition.,data/processed\ESP_013236_1410\ESP_013236_1410_RED.abrowse_enh.png,,0.376,,,,,,,
ESP_013948_1410_IRB.NOMAP.browse_enh.png,752,7576,32,28,0.93,896,1.14,dark,2,1,1,0,False,1.0,1.0,66.59,no,0.8562,0.7447,0.9642,33.4,55.4,CONFIRMED-LEAD,high,small_blob,"Real feature confirmed at the same pixels in the corresponding band variant(s) of one acquisition. Fetch the EDR original, geolocate on Trek, and check for an independent pass at a different lighting before writing a finding.",data/processed\ESP_013948_1410\ESP_013948_1410_IRB.NOMAP.browse_enh.png,,0.402,,,,,,,
ESP_013236_1410_RED_C_01_ORTHO.ab_enh.png,984,5432,12,36,1.54,432,3.0,bright,2,0,0,1,False,1.0,1.0,34.13,no,0.8146,1.1885,0.8404,45.4,55.4,PROMISING,medium,,Strong single-image signal but not confirmed across band variants. Compare against the original product and look for the feature in a same-footprint sibling or an independent acquisition.,data/processed\ESP_013948_1410_ESP_013236_1410\ESP_013236_1410_RED_C_01_ORTHO.ab_enh.png,,0.379,,,,,,,
diff_ESP_013236_1410_IRB.NOMAP.thumb_vs_ESP_013236_1410_RED.NOMAP.browse.png,1668,2416,28,16,3.02,448,1.75,dark,2,0,0,0,False,1.0,1.0,36.76,no,0.8657,1.2436,0.9204,45.4,55.4,PROMISING,medium,small_blob,Strong single-image signal but not confirmed across band variants. Compare against the original product and look for the feature in a same-footprint sibling or an independent acquisition.,data/processed\extras_compare\ESP_013236_1410\diff_ESP_013236_1410_IRB.NOMAP.thumb_vs_ESP_013236_1410_RED.NOMAP.browse.png,,0.144,,,,,,,
ESP_013236_1410_IRB.NOMAP.browse_enh.png,812,15432,16,24,1.02,384,1.5,dark,2,1,1,0,False,1.0,1.0,54.81,no,0.7716,0.942,0.8195,33.3,55.3,CONFIRMED-LEAD,high,small_blob,"Real feature confirmed at the same pixels in the corresponding band variant(s) of one acquisition. Fetch the EDR original, geolocate on Trek, and check for an independent pass at a different lighting before writing a finding.",data/processed\ESP_013236_1410\ESP_013236_1410_IRB.NOMAP.browse_enh.png,,0.402,,,,,,,
ESP_013236_1410_RED.NOMAP.browse_enh.png,176,7320,16,20,2.92,320,1.25,bright,2,0,0,0,False,1.0,1.0,28.66,no,0.8784,0.7329,0.878,45.3,55.3,PROMISING,medium,small_blob,Strong single-image signal but not confirmed across band variants. Compare against the original product and look for the feature in a same-footprint sibling or an independent acquisition.,data/processed\ESP_013236_1410\ESP_013236_1410_RED.NOMAP.browse_enh.png,,0.172,,,,,,,
diff_ESP_013236_1410_IRB.NOMAP.thumb_vs_ESP_013236_1410_RED.NOMAP.browse.png,1808,892,124,36,1.84,4464,3.44,bright,2,0,0,0,False,1.0,0.222,49.42,no,0.9119,0.8677,0.8708,49.3,55.3,PROMISING,medium,,Strong single-image signal but not confirmed across band variants. Compare against the original product and look for the feature in a same-footprint sibling or an independent acquisition.,data/processed\extras_compare\ESP_013236_1410\diff_ESP_013236_1410_IRB.NOMAP.thumb_vs_ESP_013236_1410_RED.NOMAP.browse.png,,0.376,,,,,,,
ESP_013236_1410_MIRB.browse_enh.png,1496,2768,16,20,0.39,320,1.25,bright,3,2,1,1,False,1.0,0.807,39.29,no,0.7825,1.3527,0.6587,33.2,55.2,CONFIRMED-LEAD,high,small_blob,"Real feature confirmed at the same pixels in the corresponding band variant(s) of one acquisition. Fetch the EDR original, geolocate on Trek, and check for an independent pass at a different lighting before writing a finding.",data/processed\ESP_013236_1410\ESP_013236_1410_MIRB.browse_enh.png,,0.485,,,,,,,
ESP_013236_1410_RED.NOMAP.thumb_enh.png,172,1812,36,12,1.52,432,3.0,bright,2,0,0,0,False,1.0,1.0,28.15,no,0.7956,1.4558,0.8129,45.2,55.2,PROMISING,medium,,Strong single-image signal but not confirmed across band variants. Compare against the original product and look for the feature in a same-footprint sibling or an independent acquisition.,data/processed\ESP_013236_1410\ESP_013236_1410_RED.NOMAP.thumb_enh.png,,0.379,,,,,,,
ESP_013236_1410_RED.browse_enh.png,1344,2184,24,20,1.75,480,1.2,dark,3,2,0,2,False,1.0,1.0,27.85,no,0.6829,1.1407,0.7914,45.2,55.2,PROMISING,medium,small_blob,Strong single-image signal but not confirmed across band variants. Compare against the original product and look for the feature in a same-footprint sibling or an independent acquisition.,data/processed\ESP_013236_1410\ESP_013236_1410_RED.browse_enh.png,,0.376,,,,,,,
ESP_013948_1410_RED.NOMAP.browse_enh.png,2360,8248,16,60,1.63,960,3.75,dark,2,0,0,0,False,1.0,1.0,33.46,no,0.7821,1.192,0.9101,45.2,55.2,PROMISING,medium,,Strong single-image signal but not confirmed across band variants. Compare against the original product and look for the feature in a same-footprint sibling or an independent acquisition.,data/processed\ESP_013948_1410\ESP_013948_1410_RED.NOMAP.browse_enh.png,,0.376,,,,,,,
ESP_013948_1410_RED.browse_enh.png,2000,6932,48,32,0.49,1536,1.5,dark,3,2,0,2,False,1.0,0.235,31.29,no,0.8732,1.3385,0.9032,49.2,55.2,PROMISING,medium,,Strong single-image signal but not confirmed across band variants. Compare against the original product and look for the feature in a same-footprint sibling or an independent acquisition.,data/processed\ESP_013948_1410\ESP_013948_1410_RED.browse_enh.png,,0.471,,,,,,,
ESP_013948_1410_RGB.NOMAP.browse_enh.png,140,11240,24,16,1.01,384,1.5,bright,2,1,1,0,False,1.0,1.0,59.64,no,0.7499,1.5004,0.768,33.2,55.2,CONFIRMED-LEAD,high,small_blob,"Real feature confirmed at the same pixels in the corresponding band variant(s) of one acquisition. Fetch the EDR original, geolocate on Trek, and check for an independent pass at a different lighting before writing a finding.",data/processed\ESP_013948_1410\ESP_013948_1410_RGB.NOMAP.browse_enh.png,,0.402,,,,,,,
diff_ESP_013236_1410_RED.browse_vs_ESP_013236_1410_RED.NOMAP.browse.png,236,1620,12,36,1.52,432,3.0,dark,2,0,0,0,False,1.0,1.0,37.68,no,0.7804,0.8042,0.9208,45.2,55.2,PROMISING,medium,,Strong single-image signal but not confirmed across band variants. Compare against the original product and look for the feature in a same-footprint sibling or an independent acquisition.,data/processed\extras_compare\ESP_013236_1410\diff_ESP_013236_1410_RED.browse_vs_ESP_013236_1410_RED.NOMAP.browse.png,,0.379,,,,,,,
ESP_013236_1410_RGB.NOMAP.browse_enh.png,176,15704,24,24,0.89,576,1.0,dark,2,1,1,0,False,1.0,1.0,31.66,no,0.7687,1.6483,0.6831,33.1,55.1,CONFIRMED-LEAD,high,small_blob,"Real feature confirmed at the same pixels in the corresponding band variant(s) of one acquisition. Fetch the EDR original, geolocate on Trek, and check for an independent pass at a different lighting before writing a finding.",data/processed\ESP_013236_1410\ESP_013236_1410_RGB.NOMAP.browse_enh.png,,0.405,,,,,,,
ESP_013948_1410_IRB.NOMAP.browse_enh.png,576,15428,24,20,0.94,480,1.2,dark,2,1,1,0,False,1.0,1.0,52.66,no,0.7902,1.241,0.8428,33.1,55.1,CONFIRMED-LEAD,high,small_blob,"Real feature confirmed at the same pixels in the corresponding band variant(s) of one acquisition. Fetch the EDR original, geolocate on Trek, and check for an independent pass at a different lighting before writing a finding.",data/processed\ESP_013948_1410\ESP_013948_1410_IRB.NOMAP.browse_enh.png,,0.402,,,,,,,
ESP_013948_1410_RED.NOMAP.browse_enh.png,2236,1076,12,36,1.51,432,3.0,bright,2,0,0,0,False,1.0,1.0,41.46,no,0.7341,0.9045,0.9056,45.1,55.1,PROMISING,medium,,Strong single-image signal but not confirmed across band variants. Compare against the original product and look for the feature in a same-footprint sibling or an independent acquisition.,data/processed\ESP_013948_1410\ESP_013948_1410_RED.NOMAP.browse_enh.png,,0.379,,,,,,,
ESP_013236_1410_RED.NOMAP.browse_enh.png,2344,1572,12,44,1.62,528,3.67,dark,2,0,0,0,False,1.0,1.0,28.64,no,0.7978,1.2301,0.7783,45.0,55.0,PROMISING,medium,,Strong single-image signal but not confirmed across band variants. Compare against the original product and look for the feature in a same-footprint sibling or an independent acquisition.,data/processed\ESP_013236_1410\ESP_013236_1410_RED.NOMAP.browse_enh.png,,0.376,,,,,,,
ESP_013236_1410_RED.NOMAP.browse_enh.png,2236,8804,16,56,1.57,896,3.5,dark,2,0,0,0,False,1.0,0.768,30.49,no,0.7932,1.105,0.9552,45.0,55.0,PROMISING,medium,,Strong single-image signal but not confirmed across band variants. Compare against the original product and look for the feature in a same-footprint sibling or an independent acquisition.,data/processed\ESP_013236_1410\ESP_013236_1410_RED.NOMAP.browse_enh.png,,0.379,,,,,,,
ESP_013236_1410_RED.browse_enh.png,1520,2928,12,36,0.36,432,3.0,bright,3,2,0,2,False,1.0,0.855,55.07,no,0.7875,0.9744,0.9179,45.0,55.0,PROMISING,medium,,Strong single-image signal but not confirmed across band variants. Compare against the original product and look for the feature in a same-footprint sibling or an independent acquisition.,data/processed\ESP_013236_1410\ESP_013236_1410_RED.browse_enh.png,,0.489,,,,,,,
ESP_013948_1410_MIRB.browse_enh.png,1976,5004,12,32,0.64,384,2.67,bright,3,2,1,1,False,1.0,1.0,46.35,no,0.8227,1.5241,0.8825,33.0,55.0,CONFIRMED-LEAD,high,small_blob,"Real feature confirmed at the same pixels in the corresponding band variant(s) of one acquisition. Fetch the EDR original, geolocate on Trek, and check for an independent pass at a different lighting before writing a finding.",data/processed\ESP_013948_1410\ESP_013948_1410_MIRB.browse_enh.png,,0.443,,,,,,,
ESP_013948_1410_RGB.NOMAP.browse_enh.png,856,1536,16,32,1.07,512,2.0,dark,2,1,1,0,False,1.0,0.769,39.24,no,0.7735,1.4565,0.879,33.0,55.0,CONFIRMED-LEAD,high,small_blob,"Real feature confirmed at the same pixels in the corresponding band variant(s) of one acquisition. Fetch the EDR original, geolocate on Trek, and check for an independent pass at a different lighting before writing a finding.",data/processed\ESP_013948_1410\ESP_013948_1410_RGB.NOMAP.browse_enh.png,,0.399,,,,,,,
ESP_013948_1410_RGB.NOMAP.browse_enh.png,608,13108,16,24,0.99,384,1.5,dark,2,1,1,0,False,1.0,1.0,47.8,no,0.6528,1.3056,0.828,33.0,55.0,CONFIRMED-LEAD,high,small_blob,"Real feature confirmed at the same pixels in the corresponding band variant(s) of one acquisition. Fetch the EDR original, geolocate on Trek, and check for an independent pass at a different lighting before writing a finding.",data/processed\ESP_013948_1410\ESP_013948_1410_RGB.NOMAP.browse_enh.png,,0.402,,,,,,,
ESP_013948_1410_RGB.NOMAP.browse_enh.png,840,13600,16,24,0.99,384,1.5,dark,2,1,1,0,False,1.0,1.0,47.51,no,0.7524,1.0927,0.8111,33.0,55.0,CONFIRMED-LEAD,high,small_blob,"Real feature confirmed at the same pixels in the corresponding band variant(s) of one acquisition. Fetch the EDR original, geolocate on Trek, and check for an independent pass at a different lighting before writing a finding.",data/processed\ESP_013948_1410\ESP_013948_1410_RGB.NOMAP.browse_enh.png,,0.402,,,,,,,
diff_ESP_013236_1410_COLOR.abrowse_vs_ESP_013236_1410_RED.NOMAP.browse.png,976,4776,12,36,1.5,432,3.0,dark,2,0,0,0,False,1.0,1.0,43.19,no,0.7416,0.856,0.9065,45.0,55.0,PROMISING,medium,,Strong single-image signal but not confirmed across band variants. Compare against the original product and look for the feature in a same-footprint sibling or an independent acquisition.,data/processed\extras_compare\ESP_013236_1410\diff_ESP_013236_1410_COLOR.abrowse_vs_ESP_013236_1410_RED.NOMAP.browse.png,,0.379,,,,,,,
ESP_013236_1410_IRB.NOMAP.browse_enh.png,216,8232,20,24,0.91,480,1.2,dark,2,1,1,0,False,1.0,1.0,43.6,no,0.8069,1.0266,0.8309,32.9,54.9,CONFIRMED-LEAD,high,small_blob,"Real feature confirmed at the same pixels in the corresponding band variant(s) of one acquisition. Fetch the EDR original, geolocate on Trek, and check for an independent pass at a different lighting before writing a finding.",data/processed\ESP_013236_1410\ESP_013236_1410_IRB.NOMAP.browse_enh.png,,0.404,,,,,,,
ESP_013236_1410_RED.NOMAP.browse_enh.png,2164,1932,32,52,1.6,1664,1.62,bright,2,0,0,0,False,1.0,0.293,40.83,no,0.8399,1.0087,0.8326,48.8,54.8,PROMISING,medium,,Strong single-image signal but not confirmed across band variants. Compare against the original product and look for the feature in a same-footprint sibling or an independent acquisition.,data/processed\ESP_013236_1410\ESP_013236_1410_RED.NOMAP.browse_enh.png,,0.376,,,,,,,
ESP_013948_1410_RED.NOMAP.browse_enh.png,2144,5060,16,48,1.91,768,3.0,bright,2,0,0,0,False,1.0,0.492,19.15,no,0.8226,1.4592,0.8287,48.8,54.8,PROMISING,medium,,Strong single-image signal but not confirmed across band variants. Compare against the original product and look for the feature in a same-footprint sibling or an independent acquisition.,data/processed\ESP_013948_1410\ESP_013948_1410_RED.NOMAP.browse_enh.png,,0.376,,,,,,,
ESP_013236_1410_MIRB.browse_enh.png,1448,2908,16,36,0.97,576,2.25,bright,3,2,1,1,False,1.0,0.562,37.79,no,0.7419,0.7794,0.8886,36.7,54.7,CONFIRMED-LEAD,high,small_blob,"Real feature confirmed at the same pixels in the corresponding band variant(s) of one acquisition. Fetch the EDR original, geolocate on Trek, and check for an independent pass at a different lighting before writing a finding.",data/processed\ESP_013236_1410\ESP_013236_1410_MIRB.browse_enh.png,,0.402,,,,,,,
ESP_013948_1410_MIRB.browse_enh.png,1376,3756,16,36,0.06,576,2.25,bright,3,2,2,0,False,0.955,0.623,40.27,no,0.656,1.295,0.4227,18.7,54.7,CONFIRMED-LEAD,high,small_blob,"Real feature confirmed at the same pixels in the corresponding band variant(s) of one acquisition. Fetch the EDR original, geolocate on Trek, and check for an independent pass at a different lighting before writing a finding.",data/processed\ESP_013948_1410\ESP_013948_1410_MIRB.browse_enh.png,,0.498,,,,,,,
ESP_013948_1410_RED.NOMAP.browse_enh.png,2360,9200,12,36,1.92,432,3.0,dark,2,0,0,0,False,1.0,0.482,27.84,no,0.7397,1.4302,0.9515,48.7,54.7,PROMISING,medium,,Strong single-image signal but not confirmed across band variants. Compare against the original product and look for the feature in a same-footprint sibling or an independent acquisition.,data/processed\ESP_013948_1410\ESP_013948_1410_RED.NOMAP.browse_enh.png,,0.376,,,,,,,
diff_ESP_013236_1410_MRGB.browse_vs_ESP_013236_1410_RED.NOMAP.browse.png,416,656,12,36,1.47,432,3.0,bright,2,0,0,0,False,1.0,1.0,43.76,no,0.7295,1.0703,0.9645,44.7,54.7,PROMISING,medium,,Strong single-image signal but not confirmed across band variants. Compare against the original product and look for the feature in a same-footprint sibling or an independent acquisition.,data/processed\extras_compare\ESP_013236_1410\diff_ESP_013236_1410_MRGB.browse_vs_ESP_013236_1410_RED.NOMAP.browse.png,,0.384,,,,,,,
ESP_013948_1410_IRB.NOMAP.browse_enh.png,756,1956,12,28,1.1,336,2.33,dark,2,1,1,0,False,0.988,0.892,70.65,no,0.8376,0.6186,0.9608,32.6,54.6,CONFIRMED-LEAD,high,small_blob,"Real feature confirmed at the same pixels in the corresponding band variant(s) of one acquisition. Fetch the EDR original, geolocate on Trek, and check for an independent pass at a different lighting before writing a finding.",data/processed\ESP_013948_1410\ESP_013948_1410_IRB.NOMAP.browse_enh.png,,0.397,,,,,,,
ESP_013948_1410_IRB.NOMAP.browse_enh.png,372,7644,16,24,0.94,384,1.5,dark,2,1,1,0,False,1.0,1.0,52.58,no,0.8097,0.8984,0.9104,32.6,54.6,CONFIRMED-LEAD,high,small_blob,"Real feature confirmed at the same pixels in the corresponding band variant(s) of one acquisition. Fetch the EDR original, geolocate on Trek, and check for an independent pass at a different lighting before writing a finding.",data/processed\ESP_013948_1410\ESP_013948_1410_IRB.NOMAP.browse_enh.png,,0.402,,,,,,,
ESP_013948_1410_RGB.NOMAP.browse_enh.png,548,8772,20,32,0.95,640,1.6,dark,2,1,1,0,False,1.0,1.0,40.62,no,0.7054,1.4398,0.8288,32.6,54.6,CONFIRMED-LEAD,high,small_blob,"Real feature confirmed at the same pixels in the corresponding band variant(s) of one acquisition. Fetch the EDR original, geolocate on Trek, and check for an independent pass at a different lighting before writing a finding.",data/processed\ESP_013948_1410\ESP_013948_1410_RGB.NOMAP.browse_enh.png,,0.402,,,,,,,
ESP_013236_1410_RED.NOMAP.browse_enh.png,2356,12308,16,52,1.47,832,3.25,dark,2,0,0,0,False,1.0,0.784,29.96,no,0.7507,1.9638,0.8033,44.5,54.5,PROMISING,medium,,Strong single-image signal but not confirmed across band variants. Compare against the original product and look for the feature in a same-footprint sibling or an independent acquisition.,data/processed\ESP_013236_1410\ESP_013236_1410_RED.NOMAP.browse_enh.png,,0.384,,,,,,,
ESP_013236_1410_RED.NOMAP.thumb_enh.png,704,612,12,40,1.5,480,3.33,bright,2,0,0,0,False,1.0,1.0,50.9,no,0.7989,0.7842,0.8808,44.5,54.5,PROMISING,medium,,Strong single-image signal but not confirmed across band variants. Compare against the original product and look for the feature in a same-footprint sibling or an independent acquisition.,data/processed\ESP_013236_1410\ESP_013236_1410_RED.NOMAP.thumb_enh.png,,0.379,,,,,,,
ESP_013236_1410_RED.browse_enh.png,2392,9664,32,48,0.41,1536,1.5,bright,3,2,0,2,False,1.0,0.428,50.46,no,0.9091,0.7849,0.8543,48.5,54.5,PROMISING,medium,,Strong single-image signal but not confirmed across band variants. Compare against the original product and look for the feature in a same-footprint sibling or an independent acquisition.,data/processed\ESP_013236_1410\ESP_013236_1410_RED.browse_enh.png,,0.482,,,,,,,
ESP_013948_1410_MRGB.browse_enh.png,1428,3196,16,40,0.99,640,2.5,dark,3,2,1,1,False,1.0,0.558,47.0,no,0.8629,0.8519,0.8686,36.5,54.5,CONFIRMED-LEAD,high,small_blob,"Real feature confirmed at the same pixels in the corresponding band variant(s) of one acquisition. Fetch the EDR original, geolocate on Trek, and check for an independent pass at a different lighting before writing a finding.",data/processed\ESP_013948_1410\ESP_013948_1410_MRGB.browse_enh.png,,0.402,,,,,,,
ESP_013236_1410_IRB.NOMAP.browse_enh.png,708,2724,28,16,0.96,448,1.75,bright,2,1,1,0,False,1.0,1.0,54.87,no,0.7994,0.7671,0.8002,32.4,54.4,CONFIRMED-LEAD,high,small_blob,"Real feature confirmed at the same pixels in the corresponding band variant(s) of one acquisition. Fetch the EDR original, geolocate on Trek, and check for an independent pass at a different lighting before writing a finding.",data/processed\ESP_013236_1410\ESP_013236_1410_IRB.NOMAP.browse_enh.png,,0.402,,,,,,,
ESP_013236_1410_MIRB.browse_enh.png,1464,2680,24,20,0.28,480,1.2,dark,3,2,1,1,False,1.0,0.72,36.22,no,0.7574,1.0555,0.8943,32.4,54.4,CONFIRMED-LEAD,high,small_blob,"Real feature confirmed at the same pixels in the corresponding band variant(s) of one acquisition. Fetch the EDR original, geolocate on Trek, and check for an independent pass at a different lighting before writing a finding.",data/processed\ESP_013236_1410\ESP_013236_1410_MIRB.browse_enh.png,,0.495,,,,,,,
ESP_013236_1410_RED.browse_enh.png,1532,2840,32,84,0.09,2688,2.62,bright,3,2,0,2,False,1.0,0.931,56.14,no,0.9008,0.9743,0.4424,44.4,54.4,PROMISING,medium,,Strong single-image signal but not confirmed across band variants. Compare against the original product and look for the feature in a same-footprint sibling or an independent acquisition.,data/processed\ESP_013236_1410\ESP_013236_1410_RED.browse_enh.png,,0.498,,,,,,,
ESP_013948_1410_IRB.NOMAP.browse_enh.png,116,15228,36,16,1.51,576,2.25,dark,2,1,1,0,False,1.0,0.523,30.42,no,0.7206,1.9138,0.7772,36.4,54.4,CONFIRMED-LEAD,high,small_blob,"Real feature confirmed at the same pixels in the corresponding band variant(s) of one acquisition. Fetch the EDR original, geolocate on Trek, and check for an independent pass at a different lighting before writing a finding.",data/processed\ESP_013948_1410\ESP_013948_1410_IRB.NOMAP.browse_enh.png,,0.379,,,,,,,
diff_ESP_013236_1410_IRB.NOMAP.browse_vs_ESP_013236_1410_RED.NOMAP.browse.png,832,7212,48,68,1.42,3264,1.42,bright,2,0,0,0,False,1.0,0.25,58.87,no,0.8794,0.7785,0.851,48.4,54.4,PROMISING,medium,,Strong single-image signal but not confirmed across band variants. Compare against the original product and look for the feature in a same-footprint sibling or an independent acquisition.,data/processed\extras_compare\ESP_013236_1410\diff_ESP_013236_1410_IRB.NOMAP.browse_vs_ESP_013236_1410_RED.NOMAP.browse.png,,0.384,,,,,,,
ESP_013236_1410_IRB.NOMAP.browse_enh.png,956,15804,12,32,1.69,384,2.67,dark,2,0,1,0,False,1.0,1.0,35.15,no,0.6726,1.707,0.7841,32.2,54.2,CONFIRMED-LEAD,high,small_blob,"Real feature confirmed at the same pixels in the corresponding band variant(s) of one acquisition. Fetch the EDR original, geolocate on Trek, and check for an independent pass at a different lighting before writing a finding.",data/processed\ESP_013236_1410\ESP_013236_1410_IRB.NOMAP.browse_enh.png,,0.376,,,,,,,
ESP_013236_1410_RED.NOMAP.browse_enh.png,3004,11584,36,52,1.48,1872,1.44,dark,2,0,0,0,False,1.0,0.559,41.15,no,0.7821,1.408,0.868,48.2,54.2,PROMISING,medium,,Strong single-image signal but not confirmed across band variants. Compare against the original product and look for the feature in a same-footprint sibling or an independent acquisition.,data/processed\ESP_013236_1410\ESP_013236_1410_RED.NOMAP.browse_enh.png,,0.382,,,,,,,
ESP_013948_1410_RED.NOMAP.browse_enh.png,3784,9708,16,68,2.07,1088,4.25,dark,2,0,0,0,False,1.0,0.593,36.45,no,0.755,1.5592,0.8559,48.2,54.2,PROMISING,medium,,Strong single-image signal but not confirmed across band variants. Compare against the original product and look for the feature in a same-footprint sibling or an independent acquisition.,data/processed\ESP_013948_1410\ESP_013948_1410_RED.NOMAP.browse_enh.png,,0.376,,,,,,,
ESP_013948_1410_RGB.NOMAP.browse_enh.png,280,1656,16,36,1.03,576,2.25,dark,2,1,1,0,False,0.99,1.0,59.23,no,0.917,0.822,0.9026,32.2,54.2,CONFIRMED-LEAD,high,small_blob,"Real feature confirmed at the same pixels in the corresponding band variant(s) of one acquisition. Fetch the EDR original, geolocate on Trek, and check for an independent pass at a different lighting before writing a finding.",data/processed\ESP_013948_1410\ESP_013948_1410_RGB.NOMAP.browse_enh.png,,0.402,,,,,,,
ESP_013236_1410_IRB.NOMAP.browse_enh.png,564,11932,12,28,1.04,336,2.33,bright,2,1,1,0,False,0.993,1.0,58.02,no,0.8611,0.5453,0.8776,32.1,54.1,CONFIRMED-LEAD,high,small_blob,"Real feature confirmed at the same pixels in the corresponding band variant(s) of one acquisition. Fetch the EDR original, geolocate on Trek, and check for an independent pass at a different lighting before writing a finding.",data/processed\ESP_013236_1410\ESP_013236_1410_IRB.NOMAP.browse_enh.png,,0.401,,,,,,,
ESP_013236_1410_RGB.NOMAP.browse_enh.png,860,2240,16,28,1.39,448,1.75,bright,2,1,1,0,False,1.0,0.667,37.05,no,0.6823,1.1076,0.9262,36.1,54.1,CONFIRMED-LEAD,high,small_blob,"Real feature confirmed at the same pixels in the corresponding band variant(s) of one acquisition. Fetch the EDR original, geolocate on Trek, and check for an independent pass at a different lighting before writing a finding.",data/processed\ESP_013236_1410\ESP_013236_1410_RGB.NOMAP.browse_enh.png,,0.386,,,,,,,
ESP_013236_1410_RGB.NOMAP.browse_enh.png,848,15824,16,40,1.52,640,2.5,dark,2,1,1,0,False,1.0,0.562,27.6,no,0.7678,1.2439,0.8639,36.1,54.1,CONFIRMED-LEAD,high,small_blob,"Real feature confirmed at the same pixels in the corresponding band variant(s) of one acquisition. Fetch the EDR original, geolocate on Trek, and check for an independent pass at a different lighting before writing a finding.",data/processed\ESP_013236_1410\ESP_013236_1410_RGB.NOMAP.browse_enh.png,,0.379,,,,,,,
ESP_013948_1410_RED.NOMAP.browse_enh.png,292,6008,8,28,1.5,224,3.5,dark,2,0,0,0,False,1.0,1.0,49.44,no,0.81,0.7754,0.9206,44.1,54.1,PROMISING,medium,,Strong single-image signal but not confirmed across band variants. Compare against the original product and look for the feature in a same-footprint sibling or an independent acquisition.,data/processed\ESP_013948_1410\ESP_013948_1410_RED.NOMAP.browse_enh.png,,0.379,,,,,,,
ESP_013236_1410_RED_C_01_ORTHO.br_enh.png,1896,3740,16,48,1.38,768,3.0,dark,2,0,0,0,False,1.0,1.0,35.31,no,0.7683,1.4919,0.8573,44.1,54.1,PROMISING,medium,,Strong single-image signal but not confirmed across band variants. Compare against the original product and look for the feature in a same-footprint sibling or an independent acquisition.,data/processed\ESP_013948_1410_ESP_013236_1410\ESP_013236_1410_RED_C_01_ORTHO.br_enh.png,,0.386,,,,,,,
diff_ESP_013236_1410_MIRB.thumb_vs_ESP_013236_1410_RED.NOMAP.browse.png,1544,2372,12,36,1.4,432,3.0,bright,2,0,0,0,False,1.0,1.0,48.51,no,0.7801,1.2,0.9365,44.1,54.1,PROMISING,medium,,Strong single-image signal but not confirmed across band variants. Compare against the original product and look for the feature in a same-footprint sibling or an independent acquisition.,data/processed\extras_compare\ESP_013236_1410\diff_ESP_013236_1410_MIRB.thumb_vs_ESP_013236_1410_RED.NOMAP.browse.png,,0.385,,,,,,,
ESP_013236_1410_RED.NOMAP.browse_enh.png,2236,2020,12,36,1.38,432,3.0,dark,2,0,0,0,False,1.0,1.0,35.25,no,0.7265,1.5422,0.76,44.0,54.0,PROMISING,medium,,Strong single-image signal but not confirmed across band variants. Compare against the original product and look for the feature in a same-footprint sibling or an independent acquisition.,data/processed\ESP_013236_1410\ESP_013236_1410_RED.NOMAP.browse_enh.png,,0.386,,,,,,,
ESP_013236_1410_RED.NOMAP.browse_enh.png,216,3732,12,40,1.45,480,3.33,dark,2,0,0,0,False,1.0,1.0,33.67,no,0.8544,1.0359,0.7669,44.0,54.0,PROMISING,medium,,Strong single-image signal but not confirmed across band variants. Compare against the original product and look for the feature in a same-footprint sibling or an independent acquisition.,data/processed\ESP_013236_1410\ESP_013236_1410_RED.NOMAP.browse_enh.png,,0.384,,,,,,,
diff_ESP_013236_1410_RED.abrowse_vs_ESP_013236_1410_RED.NOMAP.browse.png,1696,4624,12,36,1.39,432,3.0,bright,2,0,0,0,False,1.0,1.0,44.18,no,0.7278,1.1131,0.9188,44.0,54.0,PROMISING,medium,,Strong single-image signal but not confirmed across band variants. Compare against the original product and look for the feature in a same-footprint sibling or an independent acquisition.,data/processed\extras_compare\ESP_013236_1410\diff_ESP_013236_1410_RED.abrowse_vs_ESP_013236_1410_RED.NOMAP.browse.png,,0.386,,,,,,,
ESP_013948_1410_IRB.NOMAP.browse_enh.png,732,1388,16,32,0.95,512,2.0,dark,2,1,1,0,False,1.0,1.0,47.24,no,0.7358,1.3121,0.9413,31.9,53.9,CONFIRMED-LEAD,high,small_blob,"Real feature confirmed at the same pixels in the corresponding band variant(s) of one acquisition. Fetch the EDR original, geolocate on Trek, and check for an independent pass at a different lighting before writing a finding.",data/processed\ESP_013948_1410\ESP_013948_1410_IRB.NOMAP.browse_enh.png,,0.402,,,,,,,
diff_ESP_013236_1410_COLOR.browse_vs_ESP_013236_1410_RED.NOMAP.browse.png,1208,6580,28,8,1.48,224,3.5,bright,2,0,0,0,False,1.0,1.0,47.42,no,0.5146,1.7221,0.8083,43.9,53.9,PROMISING,medium,,Strong single-image signal but not confirmed across band variants. Compare against the original product and look for the feature in a same-footprint sibling or an independent acquisition.,data/processed\extras_compare\ESP_013236_1410\diff_ESP_013236_1410_COLOR.browse_vs_ESP_013236_1410_RED.NOMAP.browse.png,,0.382,,,,,,,
diff_ESP_013236_1410_MIRB.thumb_vs_ESP_013236_1410_RED.NOMAP.browse.png,892,748,16,52,1.4,832,3.25,bright,2,0,0,0,False,1.0,1.0,64.87,no,0.8858,0.9198,0.8384,43.9,53.9,PROMISING,medium,,Strong single-image signal but not confirmed across band variants. Compare against the original product and look for the feature in a same-footprint sibling or an independent acquisition.,data/processed\extras_compare\ESP_013236_1410\diff_ESP_013236_1410_MIRB.thumb_vs_ESP_013236_1410_RED.NOMAP.browse.png,,0.385,,,,,,,
diff_ESP_013236_1410_MIRB.thumb_vs_ESP_013236_1410_RED.NOMAP.browse.png,752,2168,12,36,1.37,432,3.0,dark,2,0,0,0,False,1.0,1.0,50.72,no,0.855,0.5041,0.9353,43.9,53.9,PROMISING,medium,,Strong single-image signal but not confirmed across band variants. Compare against the original product and look for the feature in a same-footprint sibling or an independent acquisition.,data/processed\extras_compare\ESP_013236_1410\diff_ESP_013236_1410_MIRB.thumb_vs_ESP_013236_1410_RED.NOMAP.browse.png,,0.386,,,,,,,
ESP_013236_1410_IRB.NOMAP.browse_enh.png,392,9404,20,32,0.86,640,1.6,dark,2,1,1,0,False,1.0,1.0,31.8,no,0.7048,1.4387,0.9077,31.8,53.8,CONFIRMED-LEAD,high,small_blob,"Real feature confirmed at the same pixels in the corresponding band variant(s) of one acquisition. Fetch the EDR original, geolocate on Trek, and check for an independent pass at a different lighting before writing a finding.",data/processed\ESP_013236_1410\ESP_013236_1410_IRB.NOMAP.browse_enh.png,,0.407,,,,,,,
ESP_013236_1410_IRB.NOMAP.browse_enh.png,848,15068,28,16,0.9,448,1.75,dark,2,1,1,0,False,1.0,1.0,51.56,no,0.7761,1.3294,0.8445,31.8,53.8,CONFIRMED-LEAD,high,small_blob,"Real feature confirmed at the same pixels in the corresponding band variant(s) of one acquisition. Fetch the EDR original, geolocate on Trek, and check for an independent pass at a different lighting before writing a finding.",data/processed\ESP_013236_1410\ESP_013236_1410_IRB.NOMAP.browse_enh.png,,0.405,,,,,,,
ESP_013236_1410_RGB.NOMAP.thumb_enh.png,152,2724,16,36,1.55,576,2.25,dark,2,0,1,0,False,1.0,1.0,41.71,no,0.7997,0.9822,0.8645,31.8,53.8,CONFIRMED-LEAD,high,small_blob,"Real feature confirmed at the same pixels in the corresponding band variant(s) of one acquisition. Fetch the EDR original, geolocate on Trek, and check for an independent pass at a different lighting before writing a finding.",data/processed\ESP_013236_1410\ESP_013236_1410_RGB.NOMAP.thumb_enh.png,,0.379,,,,,,,
diff_ESP_013236_1410_RED.thumb_vs_ESP_013236_1410_RED.NOMAP.browse.png,1024,3212,8,28,1.47,224,3.5,bright,2,0,0,0,False,1.0,1.0,41.16,no,0.6951,0.7637,0.9061,43.8,53.8,PROMISING,medium,,Strong single-image signal but not confirmed across band variants. Compare against the original product and look for the feature in a same-footprint sibling or an independent acquisition.,data/processed\extras_compare\ESP_013236_1410\diff_ESP_013236_1410_RED.thumb_vs_ESP_013236_1410_RED.NOMAP.browse.png,,0.384,,,,,,,
ESP_013236_1410_RGB.NOMAP.browse_enh.png,840,10172,24,24,0.73,576,1.0,bright,2,1,1,0,False,1.0,1.0,29.69,no,0.7862,0.9739,0.7687,31.7,53.7,CONFIRMED-LEAD,high,small_blob,"Real feature confirmed at the same pixels in the corresponding band variant(s) of one acquisition. Fetch the EDR original, geolocate on Trek, and check for an independent pass at a different lighting before writing a finding.",data/processed\ESP_013236_1410\ESP_013236_1410_RGB.NOMAP.browse_enh.png,,0.429,,,,,,,
ESP_013948_1410_RED.NOMAP.browse_enh.png,3592,9560,16,64,1.51,1024,4.0,dark,2,0,0,0,False,1.0,0.848,58.55,no,0.7465,1.1317,0.9171,43.7,53.7,PROMISING,medium,,Strong single-image signal but not confirmed across band variants. Compare against the original product and look for the feature in a same-footprint sibling or an independent acquisition.,data/processed\ESP_013948_1410\ESP_013948_1410_RED.NOMAP.browse_enh.png,,0.379,,,,,,,
diff_ESP_013236_1410_MIRB.browse_vs_ESP_013236_1410_RED.NOMAP.browse.png,1032,4816,12,32,3.0,384,2.67,bright,2,0,0,0,False,1.0,1.0,25.31,no,0.6874,1.6903,0.8302,43.7,53.7,PROMISING,medium,small_blob,Strong single-image signal but not confirmed across band variants. Compare against the original product and look for the feature in a same-footprint sibling or an independent acquisition.,data/processed\extras_compare\ESP_013236_1410\diff_ESP_013236_1410_MIRB.browse_vs_ESP_013236_1410_RED.NOMAP.browse.png,,0.149,,,,,,,
diff_ESP_013236_1410_RED.abrowse_vs_ESP_013236_1410_RED.NOMAP.browse.png,860,956,16,56,1.42,896,3.5,bright,2,0,0,0,False,1.0,1.0,45.97,no,0.871,1.1552,0.872,43.7,53.7,PROMISING,medium,,Strong single-image signal but not confirmed across band variants. Compare against the original product and look for the feature in a same-footprint sibling or an independent acquisition.,data/processed\extras_compare\ESP_013236_1410\diff_ESP_013236_1410_RED.abrowse_vs_ESP_013236_1410_RED.NOMAP.browse.png,,0.384,,,,,,,
ESP_013236_1410_RGB.NOMAP.browse_enh.png,764,1968,16,32,1.37,512,2.0,bright,2,1,1,0,False,1.0,0.636,32.64,no,0.7302,1.2614,0.8246,35.6,53.6,CONFIRMED-LEAD,high,small_blob,"Real feature confirmed at the same pixels in the corresponding band variant(s) of one acquisition. Fetch the EDR original, geolocate on Trek, and check for an independent pass at a different lighting before writing a finding.",data/processed\ESP_013236_1410\ESP_013236_1410_RGB.NOMAP.browse_enh.png,,0.386,,,,,,,
ESP_013236_1410_RGB.NOMAP.browse_enh.png,960,9604,20,24,1.22,480,1.2,dark,2,1,1,0,False,1.0,0.539,26.01,no,0.8198,1.3845,0.7415,35.6,53.6,CONFIRMED-LEAD,high,small_blob,"Real feature confirmed at the same pixels in the corresponding band variant(s) of one acquisition. Fetch the EDR original, geolocate on Trek, and check for an independent pass at a different lighting before writing a finding.",data/processed\ESP_013236_1410\ESP_013236_1410_RGB.NOMAP.browse_enh.png,,0.390,,,,,,,
ESP_013948_1410_RGB.NOMAP.browse_enh.png,728,2296,24,24,0.72,576,1.0,bright,2,1,1,0,False,1.0,1.0,62.24,no,0.8207,0.9678,0.8933,31.6,53.6,CONFIRMED-LEAD,high,small_blob,"Real feature confirmed at the same pixels in the corresponding band variant(s) of one acquisition. Fetch the EDR original, geolocate on Trek, and check for an independent pass at a different lighting before writing a finding.",data/processed\ESP_013948_1410\ESP_013948_1410_RGB.NOMAP.browse_enh.png,,0.431,,,,,,,
ESP_013236_1410_IRB.NOMAP.browse_enh.png,692,2692,28,28,0.7,784,1.0,bright,2,1,1,0,False,0.996,1.0,61.51,no,0.8446,0.9873,0.8881,31.5,53.5,CONFIRMED-LEAD,high,small_blob,"Real feature confirmed at the same pixels in the corresponding band variant(s) of one acquisition. Fetch the EDR original, geolocate on Trek, and check for an independent pass at a different lighting before writing a finding.",data/processed\ESP_013236_1410\ESP_013236_1410_IRB.NOMAP.browse_enh.png,,0.433,,,,,,,
ESP_013236_1410_IRB.NOMAP.browse_enh.png,588,11008,20,16,1.34,320,1.25,bright,2,0,1,0,False,1.0,1.0,49.57,no,0.7635,1.395,0.7842,31.5,53.5,CONFIRMED-LEAD,high,small_blob,"Real feature confirmed at the same pixels in the corresponding band variant(s) of one acquisition. Fetch the EDR original, geolocate on Trek, and check for an independent pass at a different lighting before writing a finding.",data/processed\ESP_013236_1410\ESP_013236_1410_IRB.NOMAP.browse_enh.png,,0.390,,,,,,,
ESP_013236_1410_IRB.NOMAP.browse_enh.png,388,16176,20,20,0.72,400,1.0,bright,2,1,1,0,False,1.0,1.0,22.27,no,0.6674,1.5318,0.8981,31.5,53.5,CONFIRMED-LEAD,high,small_blob,"Real feature confirmed at the same pixels in the corresponding band variant(s) of one acquisition. Fetch the EDR original, geolocate on Trek, and check for an independent pass at a different lighting before writing a finding.",data/processed\ESP_013236_1410\ESP_013236_1410_IRB.NOMAP.browse_enh.png,,0.431,,,,,,,
ESP_013236_1410_RGB.NOMAP.browse_enh.png,692,2692,28,28,0.7,784,1.0,bright,2,1,1,0,False,0.997,1.0,59.63,no,0.8571,0.9098,0.8741,31.5,53.5,CONFIRMED-LEAD,high,small_blob,"Real feature confirmed at the same pixels in the corresponding band variant(s) of one acquisition. Fetch the EDR original, geolocate on Trek, and check for an independent pass at a different lighting before writing a finding.",data/processed\ESP_013236_1410\ESP_013236_1410_RGB.NOMAP.browse_enh.png,,0.433,,,,,,,
ESP_013236_1410_RGB.NOMAP.browse_enh.png,784,14772,20,36,0.85,720,1.8,dark,2,1,1,0,False,0.993,1.0,63.37,no,0.87,1.0671,0.7499,31.5,53.5,CONFIRMED-LEAD,high,small_blob,"Real feature confirmed at the same pixels in the corresponding band variant(s) of one acquisition. Fetch the EDR original, geolocate on Trek, and check for an independent pass at a different lighting before writing a finding.",data/processed\ESP_013236_1410\ESP_013236_1410_RGB.NOMAP.browse_enh.png,,0.407,,,,,,,
ESP_013236_1410_IRB.NOMAP.browse_enh.png,688,2396,20,20,0.71,400,1.0,dark,2,1,1,0,False,1.0,1.0,57.63,no,0.8057,1.0301,0.8712,31.4,53.4,CONFIRMED-LEAD,high,small_blob,"Real feature confirmed at the same pixels in the corresponding band variant(s) of one acquisition. Fetch the EDR original, geolocate on Trek, and check for an independent pass at a different lighting before writing a finding.",data/processed\ESP_013236_1410\ESP_013236_1410_IRB.NOMAP.browse_enh.png,,0.432,,,,,,,
ESP_013236_1410_IRB.NOMAP.browse_enh.png,528,10396,16,24,0.81,384,1.5,dark,2,1,1,0,False,1.0,0.762,31.14,no,0.6419,1.8767,0.7933,31.4,53.4,CONFIRMED-LEAD,high,small_blob,"Real feature confirmed at the same pixels in the corresponding band variant(s) of one acquisition. Fetch the EDR original, geolocate on Trek, and check for an independent pass at a different lighting before writing a finding.",data/processed\ESP_013236_1410\ESP_013236_1410_IRB.NOMAP.browse_enh.png,,0.414,,,,,,,
ESP_013236_1410_IRB.NOMAP.browse_enh.png,952,11756,24,16,0.81,384,1.5,bright,2,1,1,0,False,1.0,1.0,40.56,no,0.7743,1.0283,0.8402,31.4,53.4,CONFIRMED-LEAD,high,small_blob,"Real feature confirmed at the same pixels in the corresponding band variant(s) of one acquisition. Fetch the EDR original, geolocate on Trek, and check for an independent pass at a different lighting before writing a finding.",data/processed\ESP_013236_1410\ESP_013236_1410_IRB.NOMAP.browse_enh.png,,0.414,,,,,,,
ESP_013236_1410_RGB.NOMAP.browse_enh.png,56,14648,28,32,0.71,896,1.14,dark,2,1,1,0,False,1.0,0.746,24.88,no,0.7726,1.4213,0.8228,31.4,53.4,CONFIRMED-LEAD,high,small_blob,"Real feature confirmed at the same pixels in the corresponding band variant(s) of one acquisition. Fetch the EDR original, geolocate on Trek, and check for an independent pass at a different lighting before writing a finding.",data/processed\ESP_013236_1410\ESP_013236_1410_RGB.NOMAP.browse_enh.png,,0.432,,,,,,,
ESP_013948_1410_RED.NOMAP.browse_enh.png,704,6328,16,48,1.3,768,3.0,dark,2,0,0,0,False,1.0,0.727,41.76,no,0.694,1.3761,0.8219,43.4,53.4,PROMISING,medium,,Strong single-image signal but not confirmed across band variants. Compare against the original product and look for the feature in a same-footprint sibling or an independent acquisition.,data/processed\ESP_013948_1410\ESP_013948_1410_RED.NOMAP.browse_enh.png,,0.390,,,,,,,
diff_ESP_013236_1410_MIRB.thumb_vs_ESP_013236_1410_RED.NOMAP.browse.png,1528,2396,12,36,1.32,432,3.0,dark,2,0,0,0,False,1.0,1.0,50.36,no,0.7937,0.7532,0.9644,43.4,53.4,PROMISING,medium,,Strong single-image signal but not confirmed across band variants. Compare against the original product and look for the feature in a same-footprint sibling or an independent acquisition.,data/processed\extras_compare\ESP_013236_1410\diff_ESP_013236_1410_MIRB.thumb_vs_ESP_013236_1410_RED.NOMAP.browse.png,,0.390,,,,,,,
ESP_013948_1410_RED_C_01_ORTHO.ab_enh.png,1072,2760,12,24,1.46,288,2.0,dark,2,0,1,0,False,1.0,1.0,30.55,no,0.757,1.4279,0.8954,31.3,53.3,CONFIRMED-LEAD,high,small_blob,"Real feature confirmed at the same pixels in the corresponding band variant(s) of one acquisition. Fetch the EDR original, geolocate on Trek, and check for an independent pass at a different lighting before writing a finding.",data/processed\ESP_013948_1410_ESP_013236_1410\ESP_013948_1410_RED_C_01_ORTHO.ab_enh.png,,0.384,,,,,,,
diff_ESP_013236_1410_RED.browse_vs_ESP_013236_1410_RED.NOMAP.browse.png,1336,7176,12,40,1.36,480,3.33,bright,2,0,0,0,False,1.0,1.0,45.87,no,0.7552,0.7942,0.9144,43.3,53.3,PROMISING,medium,,Strong single-image signal but not confirmed across band variants. Compare against the original product and look for the feature in a same-footprint sibling or an independent acquisition.,data/processed\extras_compare\ESP_013236_1410\diff_ESP_013236_1410_RED.browse_vs_ESP_013236_1410_RED.NOMAP.browse.png,,0.388,,,,,,,
diff_ESP_013236_1410_MIRB.thumb_vs_ESP_013236_1410_RED.NOMAP.browse.png,1112,924,12,20,2.77,240,1.67,bright,2,0,0,0,False,1.0,1.0,32.29,no,0.788,1.0729,0.9717,43.2,53.2,PROMISING,medium,small_blob,Strong single-image signal but not confirmed across band variants. Compare against the original product and look for the feature in a same-footprint sibling or an independent acquisition.,data/processed\extras_compare\ESP_013236_1410\diff_ESP_013236_1410_MIRB.thumb_vs_ESP_013236_1410_RED.NOMAP.browse.png,,0.219,,,,,,,
ESP_013236_1410_IRB.NOMAP.browse_enh.png,152,18012,20,16,0.73,320,1.25,bright,2,1,1,0,False,1.0,1.0,71.16,no,0.8019,0.9312,0.8012,31.1,53.1,CONFIRMED-LEAD,high,small_blob,"Real feature confirmed at the same pixels in the corresponding band variant(s) of one acquisition. Fetch the EDR original, geolocate on Trek, and check for an independent pass at a different lighting before writing a finding.",data/processed\ESP_013236_1410\ESP_013236_1410_IRB.NOMAP.browse_enh.png,,0.429,,,,,,,
ESP_013236_1410_RED.abrowse_enh.png,2228,9876,36,48,0.66,1728,1.33,bright,3,2,0,2,False,1.0,0.177,32.78,no,0.8258,1.421,0.6978,51.1,53.1,PROMISING,medium,,Strong single-image signal but not confirmed across band variants. Compare against the original product and look for the feature in a same-footprint sibling or an independent acquisition.,data/processed\ESP_013236_1410\ESP_013236_1410_RED.abrowse_enh.png,,0.438,,,,,,,
ESP_013948_1410_RED.NOMAP.browse_enh.png,420,2620,12,44,1.4,528,3.67,bright,2,0,0,0,False,1.0,1.0,40.34,no,0.8656,0.645,0.8304,43.1,53.1,PROMISING,medium,,Strong single-image signal but not confirmed across band variants. Compare against the original product and look for the feature in a same-footprint sibling or an independent acquisition.,data/processed\ESP_013948_1410\ESP_013948_1410_RED.NOMAP.browse_enh.png,,0.385,,,,,,,
ESP_013948_1410_IRB.NOMAP.browse_enh.png,968,13944,16,36,0.89,576,2.25,dark,2,1,1,0,False,0.994,1.0,71.11,no,0.8596,1.1957,0.7653,31.0,53.0,CONFIRMED-LEAD,high,small_blob,"Real feature confirmed at the same pixels in the corresponding band variant(s) of one acquisition. Fetch the EDR original, geolocate on Trek, and check for an independent pass at a different lighting before writing a finding.",data/processed\ESP_013948_1410\ESP_013948_1410_IRB.NOMAP.browse_enh.png,,0.405,,,,,,,
ESP_013948_1410_RED.NOMAP.browse_enh.png,3464,9948,16,24,2.7,384,1.5,dark,2,0,0,0,False,1.0,1.0,22.09,no,0.6828,1.8453,0.8742,43.0,53.0,PROMISING,medium,small_blob,Strong single-image signal but not confirmed across band variants. Compare against the original product and look for the feature in a same-footprint sibling or an independent acquisition.,data/processed\ESP_013948_1410\ESP_013948_1410_RED.NOMAP.browse_enh.png,,0.245,,,,,,,
ESP_013948_1410_RED.NOMAP.browse_enh.png,1844,11180,20,16,2.66,320,1.25,dark,2,0,0,0,False,1.0,1.0,29.02,no,0.8169,1.2575,0.9269,43.0,53.0,PROMISING,medium,small_blob,Strong single-image signal but not confirmed across band variants. Compare against the original product and look for the feature in a same-footprint sibling or an independent acquisition.,data/processed\ESP_013948_1410\ESP_013948_1410_RED.NOMAP.browse_enh.png,,0.254,,,,,,,
ESP_013948_1410_RED.NOMAP.thumb_enh.png,452,304,48,60,1.25,2880,1.25,bright,2,0,0,0,False,1.0,0.213,56.03,no,0.9066,0.887,0.9388,47.0,53.0,PROMISING,medium,,Strong single-image signal but not confirmed across band variants. Compare against the original product and look for the feature in a same-footprint sibling or an independent acquisition.,data/processed\ESP_013948_1410\ESP_013948_1410_RED.NOMAP.thumb_enh.png,,0.390,,,,,,,
DTEEC_013948_1410_013236_1410_A01.sb_enh.png,1896,3744,16,48,1.25,768,3.0,dark,2,0,0,0,False,1.0,0.761,38.71,no,0.7412,1.4196,0.847,43.0,53.0,PROMISING,medium,,Strong single-image signal but not confirmed across band variants. Compare against the original product and look for the feature in a same-footprint sibling or an independent acquisition.,data/processed\ESP_013948_1410_ESP_013236_1410\DTEEC_013948_1410_013236_1410_A01.sb_enh.png,,0.390,,,,,,,
DTEEC_013948_1410_013236_1410_A01.sb_enh.png,1024,5340,16,52,1.29,832,3.25,dark,2,0,0,0,False,1.0,1.0,58.42,no,0.8964,0.8358,0.835,43.0,53.0,PROMISING,medium,,Strong single-image signal but not confirmed across band variants. Compare against the original product and look for the feature in a same-footprint sibling or an independent acquisition.,data/processed\ESP_013948_1410_ESP_013236_1410\DTEEC_013948_1410_013236_1410_A01.sb_enh.png,,0.390,,,,,,,
diff_ESP_013236_1410_IRB.NOMAP.thumb_vs_ESP_013236_1410_RED.NOMAP.browse.png,1736,880,44,12,1.39,528,3.67,bright,2,0,0,0,False,1.0,1.0,48.2,no,0.8303,0.9226,0.8426,43.0,53.0,PROMISING,medium,,Strong single-image signal but not confirmed across band variants. Compare against the original product and look for the feature in a same-footprint sibling or an independent acquisition.,data/processed\extras_compare\ESP_013236_1410\diff_ESP_013236_1410_IRB.NOMAP.thumb_vs_ESP_013236_1410_RED.NOMAP.browse.png,,0.386,,,,,,,
diff_ESP_013236_1410_MRGB.thumb_vs_ESP_013236_1410_RED.NOMAP.browse.png,928,2632,20,84,1.43,1680,4.2,dark,2,0,0,0,False,1.0,0.707,79.63,no,0.9473,0.4613,0.9302,43.0,53.0,PROMISING,medium,,Strong single-image signal but not confirmed across band variants. Compare against the original product and look for the feature in a same-footprint sibling or an independent acquisition.,data/processed\extras_compare\ESP_013236_1410\diff_ESP_013236_1410_MRGB.thumb_vs_ESP_013236_1410_RED.NOMAP.browse.png,,0.384,,,,,,,
ESP_013236_1410_IRB.NOMAP.thumb_enh.png,184,3684,16,24,1.32,384,1.5,dark,2,0,1,0,False,1.0,1.0,53.75,no,0.8346,1.3134,0.903,30.9,52.9,CONFIRMED-LEAD,high,small_blob,"Real feature confirmed at the same pixels in the corresponding band variant(s) of one acquisition. Fetch the EDR original, geolocate on Trek, and check for an independent pass at a different lighting before writing a finding.",data/processed\ESP_013236_1410\ESP_013236_1410_IRB.NOMAP.thumb_enh.png,,0.390,,,,,,,
ESP_013236_1410_RGB.NOMAP.browse_enh.png,732,1704,16,44,0.97,704,2.75,dark,2,1,1,0,False,1.0,1.0,38.03,no,0.7454,0.8585,0.7965,30.9,52.9,CONFIRMED-LEAD,high,small_blob,"Real feature confirmed at the same pixels in the corresponding band variant(s) of one acquisition. Fetch the EDR original, geolocate on Trek, and check for an independent pass at a different lighting before writing a finding.",data/processed\ESP_013236_1410\ESP_013236_1410_RGB.NOMAP.browse_enh.png,,0.402,,,,,,,
ESP_013948_1410_IRB.NOMAP.browse_enh.png,308,9492,20,20,1.22,400,1.0,bright,2,0,1,0,False,1.0,1.0,50.45,no,0.783,0.9267,0.9098,30.9,52.9,CONFIRMED-LEAD,high,small_blob,"Real feature confirmed at the same pixels in the corresponding band variant(s) of one acquisition. Fetch the EDR original, geolocate on Trek, and check for an independent pass at a different lighting before writing a finding.",data/processed\ESP_013948_1410\ESP_013948_1410_IRB.NOMAP.browse_enh.png,,0.390,,,,,,,
ESP_013236_1410_IRB.NOMAP.browse_enh.png,764,2796,32,28,0.64,896,1.14,bright,2,1,1,0,False,1.0,0.844,42.58,no,0.8805,1.3264,0.8041,30.8,52.8,CONFIRMED-LEAD,high,small_blob,"Real feature confirmed at the same pixels in the corresponding band variant(s) of one acquisition. Fetch the EDR original, geolocate on Trek, and check for an independent pass at a different lighting before writing a finding.",data/processed\ESP_013236_1410\ESP_013236_1410_IRB.NOMAP.browse_enh.png,,0.443,,,,,,,
ESP_013236_1410_RGB.NOMAP.browse_enh.png,200,2020,16,44,0.96,704,2.75,dark,2,1,1,0,False,0.989,0.871,61.35,no,0.917,0.6435,0.8914,30.8,52.8,CONFIRMED-LEAD,high,small_blob,"Real feature confirmed at the same pixels in the corresponding band variant(s) of one acquisition. Fetch the EDR original, geolocate on Trek, and check for an independent pass at a different lighting before writing a finding.",data/processed\ESP_013236_1410\ESP_013236_1410_RGB.NOMAP.browse_enh.png,,0.402,,,,,,,
ESP_013236_1410_RGB.NOMAP.browse_enh.png,584,6820,16,32,1.39,512,2.0,bright,2,0,1,0,False,1.0,1.0,28.31,no,0.8471,1.0005,0.8293,30.8,52.8,CONFIRMED-LEAD,high,small_blob,"Real feature confirmed at the same pixels in the corresponding band variant(s) of one acquisition. Fetch the EDR original, geolocate on Trek, and check for an independent pass at a different lighting before writing a finding.",data/processed\ESP_013236_1410\ESP_013236_1410_RGB.NOMAP.browse_enh.png,,0.386,,,,,,,
ESP_013948_1410_IRB.NOMAP.browse_enh.png,56,6572,20,28,0.71,560,1.4,dark,2,1,1,0,False,1.0,1.0,39.02,no,0.7424,1.2822,0.6848,30.8,52.8,CONFIRMED-LEAD,high,small_blob,"Real feature confirmed at the same pixels in the corresponding band variant(s) of one acquisition. Fetch the EDR original, geolocate on Trek, and check for an independent pass at a different lighting before writing a finding.",data/processed\ESP_013948_1410\ESP_013948_1410_IRB.NOMAP.browse_enh.png,,0.432,,,,,,,
ESP_013948_1410_IRB.NOMAP.browse_enh.png,744,10316,20,16,1.26,320,1.25,bright,2,0,1,0,False,1.0,1.0,51.32,no,0.7917,1.1276,0.8218,30.8,52.8,CONFIRMED-LEAD,high,small_blob,"Real feature confirmed at the same pixels in the corresponding band variant(s) of one acquisition. Fetch the EDR original, geolocate on Trek, and check for an independent pass at a different lighting before writing a finding.",data/processed\ESP_013948_1410\ESP_013948_1410_IRB.NOMAP.browse_enh.png,,0.390,,,,,,,
ESP_013948_1410_MIRB.browse_enh.png,2064,4916,24,20,0.1,480,1.2,dark,3,2,1,1,False,1.0,0.701,25.49,no,0.8011,1.6955,0.8947,30.8,52.8,CONFIRMED-LEAD,high,small_blob,"Real feature confirmed at the same pixels in the corresponding band variant(s) of one acquisition. Fetch the EDR original, geolocate on Trek, and check for an independent pass at a different lighting before writing a finding.",data/processed\ESP_013948_1410\ESP_013948_1410_MIRB.browse_enh.png,,0.498,,,,,,,
ESP_013948_1410_RGB.NOMAP.browse_enh.png,932,10052,36,28,0.66,1008,1.29,dark,2,1,1,0,False,1.0,1.0,49.41,no,0.7731,1.073,0.9314,30.8,52.8,CONFIRMED-LEAD,high,small_blob,"Real feature confirmed at the same pixels in the corresponding band variant(s) of one acquisition. Fetch the EDR original, geolocate on Trek, and check for an independent pass at a different lighting before writing a finding.",data/processed\ESP_013948_1410\ESP_013948_1410_RGB.NOMAP.browse_enh.png,,0.438,,,,,,,
ESP_013948_1410_RED_C_01_ORTHO.th_enh.png,652,2492,24,24,1.2,576,1.0,bright,2,0,1,0,False,1.0,1.0,58.56,no,0.7943,0.9297,0.8588,30.8,52.8,CONFIRMED-LEAD,high,small_blob,"Real feature confirmed at the same pixels in the corresponding band variant(s) of one acquisition. Fetch the EDR original, geolocate on Trek, and check for an independent pass at a different lighting before writing a finding.",data/processed\ESP_013948_1410_ESP_013236_1410\ESP_013948_1410_RED_C_01_ORTHO.th_enh.png,,0.390,,,,,,,
diff_ESP_013236_1410_COLOR.browse_vs_ESP_013236_1410_RED.NOMAP.browse.png,268,2084,12,36,1.25,432,3.0,dark,2,0,0,0,False,1.0,1.0,43.66,no,0.7848,1.116,0.8846,42.8,52.8,PROMISING,medium,,Strong single-image signal but not confirmed across band variants. Compare against the original product and look for the feature in a same-footprint sibling or an independent acquisition.,data/processed\extras_compare\ESP_013236_1410\diff_ESP_013236_1410_COLOR.browse_vs_ESP_013236_1410_RED.NOMAP.browse.png,,0.390,,,,,,,
ESP_013948_1410_RGB.NOMAP.browse_enh.png,920,10408,16,28,0.77,448,1.75,bright,2,1,1,0,False,1.0,1.0,40.83,no,0.815,1.1847,0.8578,30.7,52.7,CONFIRMED-LEAD,high,small_blob,"Real feature confirmed at the same pixels in the corresponding band variant(s) of one acquisition. Fetch the EDR original, geolocate on Trek, and check for an independent pass at a different lighting before writing a finding.",data/processed\ESP_013948_1410\ESP_013948_1410_RGB.NOMAP.browse_enh.png,,0.420,,,,,,,
ESP_013236_1410_RGB.NOMAP.browse_enh.png,576,12140,24,36,1.14,864,1.5,dark,2,1,1,0,False,1.0,0.635,35.53,no,0.8621,1.3535,0.8338,34.6,52.6,CONFIRMED-LEAD,high,small_blob,"Real feature confirmed at the same pixels in the corresponding band variant(s) of one acquisition. Fetch the EDR original, geolocate on Trek, and check for an independent pass at a different lighting before writing a finding.",data/processed\ESP_013236_1410\ESP_013236_1410_RGB.NOMAP.browse_enh.png,,0.395,,,,,,,
ESP_013948_1410_IRB.NOMAP.browse_enh.png,788,13744,16,24,1.28,384,1.5,dark,2,0,1,0,False,1.0,1.0,43.81,no,0.8111,0.8047,0.8714,30.6,52.6,CONFIRMED-LEAD,high,small_blob,"Real feature confirmed at the same pixels in the corresponding band variant(s) of one acquisition. Fetch the EDR original, geolocate on Trek, and check for an independent pass at a different lighting before writing a finding.",data/processed\ESP_013948_1410\ESP_013948_1410_IRB.NOMAP.browse_enh.png,,0.390,,,,,,,
DTEEC_013948_1410_013236_1410_A01.ct_enh.png,872,1552,12,40,1.29,480,3.33,bright,2,0,0,0,False,0.992,1.0,56.51,no,0.9103,0.4935,0.9496,42.6,52.6,PROMISING,medium,,Strong single-image signal but not confirmed across band variants. Compare against the original product and look for the feature in a same-footprint sibling or an independent acquisition.,data/processed\ESP_013948_1410_ESP_013236_1410\DTEEC_013948_1410_013236_1410_A01.ct_enh.png,,0.390,,,,,,,
ESP_013948_1410_RED_C_01_ORTHO.br_enh.png,1216,5580,32,24,2.6,768,1.33,bright,2,0,0,0,False,1.0,0.747,25.48,no,0.801,1.5242,0.8112,42.6,52.6,PROMISING,medium,small_blob,Strong single-image signal but not confirmed across band variants. Compare against the original product and look for the feature in a same-footprint sibling or an independent acquisition.,data/processed\ESP_013948_1410_ESP_013236_1410\ESP_013948_1410_RED_C_01_ORTHO.br_enh.png,,0.289,,,,,,,
diff_ESP_013236_1410_RED.browse_vs_ESP_013236_1410_RED.NOMAP.browse.png,1468,1388,12,36,1.22,432,3.0,bright,2,0,0,0,False,1.0,1.0,62.4,no,0.8871,0.4912,0.9809,42.6,52.6,PROMISING,medium,,Strong single-image signal but not confirmed across band variants. Compare against the original product and look for the feature in a same-footprint sibling or an independent acquisition.,data/processed\extras_compare\ESP_013236_1410\diff_ESP_013236_1410_RED.browse_vs_ESP_013236_1410_RED.NOMAP.browse.png,,0.390,,,,,,,
diff_ESP_013236_1410_RED.thumb_vs_ESP_013236_1410_RED.NOMAP.browse.png,1572,2120,20,108,1.58,2160,5.4,dark,2,0,0,0,False,1.0,1.0,45.31,no,0.8625,1.1318,0.9712,42.6,52.6,PROMISING,medium,,Strong single-image signal but not confirmed across band variants. Compare against the original product and look for the feature in a same-footprint sibling or an independent acquisition.,data/processed\extras_compare\ESP_013236_1410\diff_ESP_013236_1410_RED.thumb_vs_ESP_013236_1410_RED.NOMAP.browse.png,,0.379,,,,,,,
ESP_013236_1410_IRB.NOMAP.browse_enh.png,200,2020,16,44,0.92,704,2.75,dark,2,1,1,0,False,0.989,0.727,64.55,no,0.9228,0.6483,0.8838,30.5,52.5,CONFIRMED-LEAD,high,small_blob,"Real feature confirmed at the same pixels in the corresponding band variant(s) of one acquisition. Fetch the EDR original, geolocate on Trek, and check for an independent pass at a different lighting before writing a finding.",data/processed\ESP_013236_1410\ESP_013236_1410_IRB.NOMAP.browse_enh.png,,0.403,,,,,,,
ESP_013236_1410_RGB.NOMAP.browse_enh.png,912,2240,28,28,0.58,784,1.0,bright,2,1,1,0,False,1.0,0.966,49.97,no,0.745,1.2258,0.8424,30.5,52.5,CONFIRMED-LEAD,high,small_blob,"Real feature confirmed at the same pixels in the corresponding band variant(s) of one acquisition. Fetch the EDR original, geolocate on Trek, and check for an independent pass at a different lighting before writing a finding.",data/processed\ESP_013236_1410\ESP_013236_1410_RGB.NOMAP.browse_enh.png,,0.456,,,,,,,
ESP_013948_1410_IRB.NOMAP.browse_enh.png,952,10052,20,20,0.61,400,1.0,bright,2,1,1,0,False,1.0,1.0,67.4,no,0.757,1.3328,0.7893,30.5,52.5,CONFIRMED-LEAD,high,small_blob,"Real feature confirmed at the same pixels in the corresponding band variant(s) of one acquisition. Fetch the EDR original, geolocate on Trek, and check for an independent pass at a different lighting before writing a finding.",data/processed\ESP_013948_1410\ESP_013948_1410_IRB.NOMAP.browse_enh.png,,0.448,,,,,,,
ESP_013948_1410_RED.abrowse_enh.png,1384,596,12,24,3.66,288,2.0,dark,2,0,0,2,False,1.0,0.0,20.31,no,0.8528,1.3958,0.9421,50.5,52.5,PROMISING,medium,small_blob,Strong single-image signal but not confirmed across band variants. Compare against the original product and look for the feature in a same-footprint sibling or an independent acquisition.,data/processed\ESP_013948_1410\ESP_013948_1410_RED.abrowse_enh.png,,0.033,,,,,,,
ESP_013948_1410_RGB.NOMAP.browse_enh.png,380,17048,16,44,0.92,704,2.75,dark,2,1,1,0,False,1.0,1.0,75.85,no,0.9112,0.7688,0.8866,30.5,52.5,CONFIRMED-LEAD,high,small_blob,"Real feature confirmed at the same pixels in the corresponding band variant(s) of one acquisition. Fetch the EDR original, geolocate on Trek, and check for an independent pass at a different lighting before writing a finding.",data/processed\ESP_013948_1410\ESP_013948_1410_RGB.NOMAP.browse_enh.png,,0.403,,,,,,,
ESP_013236_1410_RED_C_01_ORTHO.ab_enh.png,1148,4052,24,32,0.65,768,1.33,dark,2,1,1,0,False,1.0,1.0,53.79,no,0.847,1.2515,0.8669,30.5,52.5,CONFIRMED-LEAD,high,small_blob,"Real feature confirmed at the same pixels in the corresponding band variant(s) of one acquisition. Fetch the EDR original, geolocate on Trek, and check for an independent pass at a different lighting before writing a finding.",data/processed\ESP_013948_1410_ESP_013236_1410\ESP_013236_1410_RED_C_01_ORTHO.ab_enh.png,,0.440,,,,,,,
diff_ESP_013236_1410_COLOR.browse_vs_ESP_013236_1410_RED.NOMAP.browse.png,996,7016,12,44,1.34,528,3.67,dark,2,0,0,0,False,1.0,1.0,39.65,no,0.8113,1.5278,0.8856,42.5,52.5,PROMISING,medium,,Strong single-image signal but not confirmed across band variants. Compare against the original product and look for the feature in a same-footprint sibling or an independent acquisition.,data/processed\extras_compare\ESP_013236_1410\diff_ESP_013236_1410_COLOR.browse_vs_ESP_013236_1410_RED.NOMAP.browse.png,,0.390,,,,,,,
diff_ESP_013236_1410_RED.thumb_vs_ESP_013236_1410_RED.NOMAP.browse.png,908,7104,8,28,2.23,224,3.5,bright,2,0,0,0,False,1.0,0.0,28.95,no,0.8153,1.1336,0.9614,50.5,52.5,PROMISING,medium,,Strong single-image signal but not confirmed across band variants. Compare against the original product and look for the feature in a same-footprint sibling or an independent acquisition.,data/processed\extras_compare\ESP_013236_1410\diff_ESP_013236_1410_RED.thumb_vs_ESP_013236_1410_RED.NOMAP.browse.png,,0.376,,,,,,,
ESP_013236_1410_IRB.NOMAP.browse_enh.png,140,17980,16,44,0.91,704,2.75,dark,2,1,1,0,False,1.0,1.0,65.8,no,0.9091,0.7489,0.8711,30.4,52.4,CONFIRMED-LEAD,high,small_blob,"Real feature confirmed at the same pixels in the corresponding band variant(s) of one acquisition. Fetch the EDR original, geolocate on Trek, and check for an independent pass at a different lighting before writing a finding.",data/processed\ESP_013236_1410\ESP_013236_1410_IRB.NOMAP.browse_enh.png,,0.404,,,,,,,
ESP_013236_1410_RED.browse_enh.png,2092,4556,36,48,0.58,1728,1.33,dark,3,2,0,2,False,1.0,0.194,35.22,no,0.8722,1.2928,0.8093,50.4,52.4,PROMISING,medium,,Strong single-image signal but not confirmed across band variants. Compare against the original product and look for the feature in a same-footprint sibling or an independent acquisition.,data/processed\ESP_013236_1410\ESP_013236_1410_RED.browse_enh.png,,0.456,,,,,,,
ESP_013948_1410_IRB.NOMAP.browse_enh.png,280,1656,16,40,0.87,640,2.5,dark,2,1,1,0,False,0.986,1.0,63.45,no,0.9194,0.8254,0.8861,30.4,52.4,CONFIRMED-LEAD,high,small_blob,"Real feature confirmed at the same pixels in the corresponding band variant(s) of one acquisition. Fetch the EDR original, geolocate on Trek, and check for an independent pass at a different lighting before writing a finding.",data/processed\ESP_013948_1410\ESP_013948_1410_IRB.NOMAP.browse_enh.png,,0.405,,,,,,,
diff_ESP_013236_1410_RED.browse_vs_ESP_013236_1410_RED.NOMAP.browse.png,1032,4816,12,32,2.86,384,2.67,bright,2,0,0,0,False,1.0,1.0,27.84,no,0.8131,1.4413,0.8752,42.4,52.4,PROMISING,medium,small_blob,Strong single-image signal but not confirmed across band variants. Compare against the original product and look for the feature in a same-footprint sibling or an independent acquisition.,data/processed\extras_compare\ESP_013236_1410\diff_ESP_013236_1410_RED.browse_vs_ESP_013236_1410_RED.NOMAP.browse.png,,0.197,,,,,,,
ESP_013236_1410_IRB.NOMAP.browse_enh.png,140,7812,24,20,0.62,480,1.2,bright,2,1,1,0,False,1.0,0.749,42.15,no,0.7682,1.5994,0.7983,30.3,52.3,CONFIRMED-LEAD,high,small_blob,"Real feature confirmed at the same pixels in the corresponding band variant(s) of one acquisition. Fetch the EDR original, geolocate on Trek, and check for an independent pass at a different lighting before writing a finding.",data/processed\ESP_013236_1410\ESP_013236_1410_IRB.NOMAP.browse_enh.png,,0.446,,,,,,,
ESP_013236_1410_RED.abrowse_enh.png,2764,10100,28,16,1.52,448,1.75,bright,3,2,0,2,False,1.0,1.0,37.34,no,0.8383,0.9951,0.8938,42.3,52.3,PROMISING,medium,small_blob,Strong single-image signal but not confirmed across band variants. Compare against the original product and look for the feature in a same-footprint sibling or an independent acquisition.,data/processed\ESP_013236_1410\ESP_013236_1410_RED.abrowse_enh.png,,0.379,,,,,,,
ESP_013948_1410_RED.NOMAP.browse_enh.png,296,3380,12,44,1.31,528,3.67,dark,2,0,0,0,False,1.0,1.0,40.15,no,0.8521,0.9783,0.7111,42.3,52.3,PROMISING,medium,,Strong single-image signal but not confirmed across band variants. Compare against the original product and look for the feature in a same-footprint sibling or an independent acquisition.,data/processed\ESP_013948_1410\ESP_013948_1410_RED.NOMAP.browse_enh.png,,0.390,,,,,,,
diff_ESP_013236_1410_IRB.NOMAP.thumb_vs_ESP_013236_1410_RED.NOMAP.browse.png,1044,772,32,12,2.85,384,2.67,bright,2,0,0,0,False,1.0,0.754,38.46,no,0.8816,1.1543,0.9095,42.3,52.3,PROMISING,medium,small_blob,Strong single-image signal but not confirmed across band variants. Compare against the original product and look for the feature in a same-footprint sibling or an independent acquisition.,data/processed\extras_compare\ESP_013236_1410\diff_ESP_013236_1410_IRB.NOMAP.thumb_vs_ESP_013236_1410_RED.NOMAP.browse.png,,0.197,,,,,,,
diff_ESP_013236_1410_IRB.NOMAP.thumb_vs_ESP_013236_1410_RED.NOMAP.browse.png,472,5012,40,12,1.25,480,3.33,dark,2,0,0,0,False,1.0,1.0,51.62,no,0.7954,0.9605,0.947,42.3,52.3,PROMISING,medium,,Strong single-image signal but not confirmed across band variants. Compare against the original product and look for the feature in a same-footprint sibling or an independent acquisition.,data/processed\extras_compare\ESP_013236_1410\diff_ESP_013236_1410_IRB.NOMAP.thumb_vs_ESP_013236_1410_RED.NOMAP.browse.png,,0.390,,,,,,,
diff_ESP_013236_1410_RGB.NOMAP.thumb_vs_ESP_013236_1410_RED.NOMAP.browse.png,1280,900,36,12,1.19,432,3.0,dark,2,0,0,0,False,0.993,1.0,71.33,no,0.8889,0.7147,0.9372,42.3,52.3,PROMISING,medium,,Strong single-image signal but not confirmed across band variants. Compare against the original product and look for the feature in a same-footprint sibling or an independent acquisition.,data/processed\extras_compare\ESP_013236_1410\diff_ESP_013236_1410_RGB.NOMAP.thumb_vs_ESP_013236_1410_RED.NOMAP.browse.png,,0.391,,,,,,,
diff_ESP_013236_1410_RGB.NOMAP.thumb_vs_ESP_013236_1410_RED.NOMAP.browse.png,492,7080,12,36,1.19,432,3.0,bright,2,0,0,0,False,1.0,1.0,79.14,no,0.8899,0.7656,0.9468,42.3,52.3,PROMISING,medium,,Strong single-image signal but not confirmed across band variants. Compare against the original product and look for the feature in a same-footprint sibling or an independent acquisition.,data/processed\extras_compare\ESP_013236_1410\diff_ESP_013236_1410_RGB.NOMAP.thumb_vs_ESP_013236_1410_RED.NOMAP.browse.png,,0.391,,,,,,,
ESP_013236_1410_RED.abrowse_enh.png,1312,2284,20,28,1.9,560,1.4,dark,3,2,0,2,False,1.0,0.562,31.54,no,0.7433,1.5349,0.9031,46.2,52.2,PROMISING,medium,small_blob,Strong single-image signal but not confirmed across band variants. Compare against the original product and look for the feature in a same-footprint sibling or an independent acquisition.,data/processed\ESP_013236_1410\ESP_013236_1410_RED.abrowse_enh.png,,0.376,,,,,,,
ESP_013236_1410_RGB.NOMAP.browse_enh.png,140,17980,16,44,0.89,704,2.75,dark,2,1,1,0,False,1.0,1.0,65.9,no,0.9186,0.7125,0.8635,30.2,52.2,CONFIRMED-LEAD,high,small_blob,"Real feature confirmed at the same pixels in the corresponding band variant(s) of one acquisition. Fetch the EDR original, geolocate on Trek, and check for an independent pass at a different lighting before writing a finding.",data/processed\ESP_013236_1410\ESP_013236_1410_RGB.NOMAP.browse_enh.png,,0.405,,,,,,,
ESP_013948_1410_RGB.NOMAP.browse_enh.png,368,7632,28,32,0.57,896,1.14,dark,2,1,1,0,False,1.0,0.956,59.52,no,0.7834,0.9157,0.7296,30.2,52.2,CONFIRMED-LEAD,high,small_blob,"Real feature confirmed at the same pixels in the corresponding band variant(s) of one acquisition. Fetch the EDR original, geolocate on Trek, and check for an independent pass at a different lighting before writing a finding.",data/processed\ESP_013948_1410\ESP_013948_1410_RGB.NOMAP.browse_enh.png,,0.457,,,,,,,
ESP_013236_1410_RED_C_01_ORTHO.br_enh.png,1120,2668,16,36,2.74,576,2.25,dark,2,0,0,0,False,1.0,0.769,26.58,no,0.8201,1.2593,0.8249,42.2,52.2,PROMISING,medium,small_blob,Strong single-image signal but not confirmed across band variants. Compare against the original product and look for the feature in a same-footprint sibling or an independent acquisition.,data/processed\ESP_013948_1410_ESP_013236_1410\ESP_013236_1410_RED_C_01_ORTHO.br_enh.png,,0.230,,,,,,,
diff_ESP_013236_1410_RED.thumb_vs_ESP_013236_1410_RED.NOMAP.browse.png,1456,476,12,44,1.3,528,3.67,bright,2,0,0,0,False,0.995,1.0,55.88,no,0.8756,0.5359,0.9392,42.2,52.2,PROMISING,medium,,Strong single-image signal but not confirmed across band variants. Compare against the original product and look for the feature in a same-footprint sibling or an independent acquisition.,data/processed\extras_compare\ESP_013236_1410\diff_ESP_013236_1410_RED.thumb_vs_ESP_013236_1410_RED.NOMAP.browse.png,,0.390,,,,,,,
diff_ESP_013236_1410_RED.thumb_vs_ESP_013236_1410_RED.NOMAP.browse.png,1508,7392,12,20,2.65,240,1.67,bright,2,0,0,0,False,1.0,1.0,26.25,no,0.8584,1.1961,0.9824,42.2,52.2,PROMISING,medium,small_blob,Strong single-image signal but not confirmed across band variants. Compare against the original product and look for the feature in a same-footprint sibling or an independent acquisition.,data/processed\extras_compare\ESP_013236_1410\diff_ESP_013236_1410_RED.thumb_vs_ESP_013236_1410_RED.NOMAP.browse.png,,0.256,,,,,,,
ESP_013236_1410_RGB.NOMAP.thumb_enh.png,152,644,16,32,0.74,512,2.0,dark,2,1,1,0,False,1.0,1.0,70.51,no,0.8045,0.9486,0.8632,30.1,52.1,CONFIRMED-LEAD,high,small_blob,"Real feature confirmed at the same pixels in the corresponding band variant(s) of one acquisition. Fetch the EDR original, geolocate on Trek, and check for an independent pass at a different lighting before writing a finding.",data/processed\ESP_013236_1410\ESP_013236_1410_RGB.NOMAP.thumb_enh.png,,0.426,,,,,,,
ESP_013948_1410_RED.browse_enh.png,2560,10180,24,28,1.38,672,1.17,dark,3,2,0,2,False,1.0,0.835,31.19,no,0.7127,1.0462,0.8775,42.1,52.1,PROMISING,medium,small_blob,Strong single-image signal but not confirmed across band variants. Compare against the original product and look for the feature in a same-footprint sibling or an independent acquisition.,data/processed\ESP_013948_1410\ESP_013948_1410_RED.browse_enh.png,,0.386,,,,,,,
diff_ESP_013236_1410_IRB.NOMAP.thumb_vs_ESP_013236_1410_RED.NOMAP.browse.png,1604,4824,44,12,1.29,528,3.67,bright,2,0,0,0,False,1.0,1.0,67.4,no,0.918,0.5622,0.9146,42.1,52.1,PROMISING,medium,,Strong single-image signal but not confirmed across band variants. Compare against the original product and look for the feature in a same-footprint sibling or an independent acquisition.,data/processed\extras_compare\ESP_013236_1410\diff_ESP_013236_1410_IRB.NOMAP.thumb_vs_ESP_013236_1410_RED.NOMAP.browse.png,,0.390,,,,,,,
diff_ESP_013236_1410_MIRB.thumb_vs_ESP_013236_1410_RED.NOMAP.browse.png,272,3116,12,40,1.23,480,3.33,dark,2,0,0,0,False,1.0,1.0,54.88,no,0.6904,0.7687,0.945,42.1,52.1,PROMISING,medium,,Strong single-image signal but not confirmed across band variants. Compare against the original product and look for the feature in a same-footprint sibling or an independent acquisition.,data/processed\extras_compare\ESP_013236_1410\diff_ESP_013236_1410_MIRB.thumb_vs_ESP_013236_1410_RED.NOMAP.browse.png,,0.390,,,,,,,
diff_ESP_013236_1410_MRGB.browse_vs_ESP_013236_1410_RED.NOMAP.browse.png,744,3024,16,60,1.28,960,3.75,dark,2,0,0,0,False,1.0,1.0,68.13,no,0.7743,0.7645,0.9359,42.1,52.1,PROMISING,medium,,Strong single-image signal but not confirmed across band variants. Compare against the original product and look for the feature in a same-footprint sibling or an independent acquisition.,data/processed\extras_compare\ESP_013236_1410\diff_ESP_013236_1410_MRGB.browse_vs_ESP_013236_1410_RED.NOMAP.browse.png,,0.390,,,,,,,
diff_ESP_013236_1410_RED.browse_vs_ESP_013236_1410_RED.NOMAP.browse.png,1812,3492,12,44,1.29,528,3.67,dark,2,0,0,0,False,1.0,1.0,62.36,no,0.8796,0.4747,0.9685,42.1,52.1,PROMISING,medium,,Strong single-image signal but not confirmed across band variants. Compare against the original product and look for the feature in a same-footprint sibling or an independent acquisition.,data/processed\extras_compare\ESP_013236_1410\diff_ESP_013236_1410_RED.browse_vs_ESP_013236_1410_RED.NOMAP.browse.png,,0.390,,,,,,,
diff_ESP_013236_1410_RED.browse_vs_ESP_013236_1410_RED.NOMAP.browse.png,1496,7424,16,52,1.19,832,3.25,bright,2,0,0,0,False,1.0,1.0,55.94,no,0.8447,1.0227,0.7806,42.1,52.1,PROMISING,medium,,Strong single-image signal but not confirmed across band variants. Compare against the original product and look for the feature in a same-footprint sibling or an independent acquisition.,data/processed\extras_compare\ESP_013236_1410\diff_ESP_013236_1410_RED.browse_vs_ESP_013236_1410_RED.NOMAP.browse.png,,0.391,,,,,,,
ESP_013236_1410_COLOR.abrowse_enh.png,1464,7256,12,40,1.2,480,3.33,bright,2,0,0,0,False,0.986,1.0,51.32,no,0.8775,1.2239,0.9733,41.9,51.9,PROMISING,medium,,Strong single-image signal but not confirmed across band variants. Compare against the original product and look for the feature in a same-footprint sibling or an independent acquisition.,data/processed\ESP_013236_1410\ESP_013236_1410_COLOR.abrowse_enh.png,,0.390,,,,,,,
ESP_013236_1410_IRB.NOMAP.browse_enh.png,292,7084,16,36,0.76,576,2.25,dark,2,1,1,0,False,1.0,0.909,43.29,no,0.7571,0.9961,0.8363,29.9,51.9,CONFIRMED-LEAD,high,small_blob,"Real feature confirmed at the same pixels in the corresponding band variant(s) of one acquisition. Fetch the EDR original, geolocate on Trek, and check for an independent pass at a different lighting before writing a finding.",data/processed\ESP_013236_1410\ESP_013236_1410_IRB.NOMAP.browse_enh.png,,0.424,,,,,,,
ESP_013236_1410_IRB.NOMAP.browse_enh.png,500,10168,24,16,0.63,384,1.5,bright,2,1,1,0,False,1.0,0.713,30.62,no,0.6967,1.4634,0.9115,29.9,51.9,CONFIRMED-LEAD,high,small_blob,"Real feature confirmed at the same pixels in the corresponding band variant(s) of one acquisition. Fetch the EDR original, geolocate on Trek, and check for an independent pass at a different lighting before writing a finding.",data/processed\ESP_013236_1410\ESP_013236_1410_IRB.NOMAP.browse_enh.png,,0.445,,,,,,,
ESP_013236_1410_IRB.NOMAP.thumb_enh.png,180,1956,20,28,0.6,560,1.4,dark,2,1,1,0,False,1.0,1.0,64.56,no,0.8101,1.1899,0.7928,29.9,51.9,CONFIRMED-LEAD,high,small_blob,"Real feature confirmed at the same pixels in the corresponding band variant(s) of one acquisition. Fetch the EDR original, geolocate on Trek, and check for an independent pass at a different lighting before writing a finding.",data/processed\ESP_013236_1410\ESP_013236_1410_IRB.NOMAP.thumb_enh.png,,0.451,,,,,,,
ESP_013948_1410_RED.NOMAP.browse_enh.png,2332,9248,12,32,2.8,384,2.67,dark,2,0,0,0,False,1.0,1.0,22.87,no,0.795,1.1299,0.9013,41.9,51.9,PROMISING,medium,small_blob,Strong single-image signal but not confirmed across band variants. Compare against the original product and look for the feature in a same-footprint sibling or an independent acquisition.,data/processed\ESP_013948_1410\ESP_013948_1410_RED.NOMAP.browse_enh.png,,0.210,,,,,,,
ESP_013948_1410_RGB.NOMAP.browse_enh.png,896,10144,28,28,0.52,784,1.0,dark,2,1,1,0,False,1.0,1.0,46.69,no,0.7255,1.1456,0.9183,29.9,51.9,CONFIRMED-LEAD,high,small_blob,"Real feature confirmed at the same pixels in the corresponding band variant(s) of one acquisition. Fetch the EDR original, geolocate on Trek, and check for an independent pass at a different lighting before writing a finding.",data/processed\ESP_013948_1410\ESP_013948_1410_RGB.NOMAP.browse_enh.png,,0.467,,,,,,,
diff_ESP_013236_1410_MIRB.thumb_vs_ESP_013236_1410_RED.NOMAP.browse.png,1192,7000,16,32,2.66,512,2.0,bright,2,0,0,0,False,1.0,0.974,36.66,no,0.8954,0.8432,0.9638,41.9,51.9,PROMISING,medium,small_blob,Strong single-image signal but not confirmed across band variants. Compare against the original product and look for the feature in a same-footprint sibling or an independent acquisition.,data/processed\extras_compare\ESP_013236_1410\diff_ESP_013236_1410_MIRB.thumb_vs_ESP_013236_1410_RED.NOMAP.browse.png,,0.254,,,,,,,
diff_ESP_013236_1410_RED.abrowse_vs_ESP_013236_1410_RED.NOMAP.browse.png,608,2980,12,36,1.15,432,3.0,dark,2,0,0,0,False,1.0,1.0,58.0,no,0.6327,0.8538,0.9316,41.9,51.9,PROMISING,medium,,Strong single-image signal but not confirmed across band variants. Compare against the original product and look for the feature in a same-footprint sibling or an independent acquisition.,data/processed\extras_compare\ESP_013236_1410\diff_ESP_013236_1410_RED.abrowse_vs_ESP_013236_1410_RED.NOMAP.browse.png,,0.394,,,,,,,
diff_ESP_013236_1410_RED.thumb_vs_ESP_013236_1410_RED.NOMAP.browse.png,1224,6708,12,36,1.15,432,3.0,bright,2,0,0,0,False,1.0,1.0,58.15,no,0.7826,0.9738,0.8807,41.9,51.9,PROMISING,medium,,Strong single-image signal but not confirmed across band variants. Compare against the original product and look for the feature in a same-footprint sibling or an independent acquisition.,data/processed\extras_compare\ESP_013236_1410\diff_ESP_013236_1410_RED.thumb_vs_ESP_013236_1410_RED.NOMAP.browse.png,,0.394,,,,,,,
ESP_013236_1410_RGB.NOMAP.browse_enh.png,292,7084,16,36,0.75,576,2.25,dark,2,1,1,0,False,1.0,0.785,43.51,no,0.7669,1.0164,0.8388,29.8,51.8,CONFIRMED-LEAD,high,small_blob,"Real feature confirmed at the same pixels in the corresponding band variant(s) of one acquisition. Fetch the EDR original, geolocate on Trek, and check for an independent pass at a different lighting before writing a finding.",data/processed\ESP_013236_1410\ESP_013236_1410_RGB.NOMAP.browse_enh.png,,0.425,,,,,,,
ESP_013948_1410_IRB.NOMAP.browse_enh.png,896,10144,28,28,0.5,784,1.0,dark,2,1,1,0,False,1.0,1.0,44.45,no,0.6897,1.0954,0.927,29.8,51.8,CONFIRMED-LEAD,high,small_blob,"Real feature confirmed at the same pixels in the corresponding band variant(s) of one acquisition. Fetch the EDR original, geolocate on Trek, and check for an independent pass at a different lighting before writing a finding.",data/processed\ESP_013948_1410\ESP_013948_1410_IRB.NOMAP.browse_enh.png,,0.470,,,,,,,
ESP_013236_1410_RED_C_01_ORTHO.th_enh.png,652,2492,28,28,1.08,784,1.0,bright,2,0,1,0,False,1.0,0.843,58.4,no,0.8337,0.9834,0.7876,29.8,51.8,CONFIRMED-LEAD,high,small_blob,"Real feature confirmed at the same pixels in the corresponding band variant(s) of one acquisition. Fetch the EDR original, geolocate on Trek, and check for an independent pass at a different lighting before writing a finding.",data/processed\ESP_013948_1410_ESP_013236_1410\ESP_013236_1410_RED_C_01_ORTHO.th_enh.png,,0.398,,,,,,,
diff_ESP_013236_1410_MIRB.thumb_vs_ESP_013236_1410_RED.NOMAP.browse.png,1008,4868,16,48,1.11,768,3.0,bright,2,0,0,0,False,1.0,0.799,53.01,no,0.8623,0.8158,0.8953,41.8,51.8,PROMISING,medium,,Strong single-image signal but not confirmed across band variants. Compare against the original product and look for the feature in a same-footprint sibling or an independent acquisition.,data/processed\extras_compare\ESP_013236_1410\diff_ESP_013236_1410_MIRB.thumb_vs_ESP_013236_1410_RED.NOMAP.browse.png,,0.397,,,,,,,
diff_ESP_013236_1410_MIRB.thumb_vs_ESP_013236_1410_RED.NOMAP.browse.png,1332,5604,12,36,1.13,432,3.0,dark,2,0,0,0,False,1.0,1.0,49.77,no,0.573,1.7131,0.8064,41.8,51.8,PROMISING,medium,,Strong single-image signal but not confirmed across band variants. Compare against the original product and look for the feature in a same-footprint sibling or an independent acquisition.,data/processed\extras_compare\ESP_013236_1410\diff_ESP_013236_1410_MIRB.thumb_vs_ESP_013236_1410_RED.NOMAP.browse.png,,0.395,,,,,,,
ESP_013236_1410_RGB.NOMAP.browse_enh.png,216,8220,28,36,0.53,1008,1.29,dark,2,1,1,0,False,1.0,0.85,48.88,no,0.7956,0.8918,0.7014,29.7,51.7,CONFIRMED-LEAD,high,small_blob,"Real feature confirmed at the same pixels in the corresponding band variant(s) of one acquisition. Fetch the EDR original, geolocate on Trek, and check for an independent pass at a different lighting before writing a finding.",data/processed\ESP_013236_1410\ESP_013236_1410_RGB.NOMAP.browse_enh.png,,0.465,,,,,,,
ESP_013948_1410_COLOR.abrowse_enh.png,1524,8160,12,36,1.12,432,3.0,bright,2,0,0,0,False,0.995,1.0,57.28,no,0.831,1.2828,0.9157,41.7,51.7,PROMISING,medium,,Strong single-image signal but not confirmed across band variants. Compare against the original product and look for the feature in a same-footprint sibling or an independent acquisition.,data/processed\ESP_013948_1410\ESP_013948_1410_COLOR.abrowse_enh.png,,0.396,,,,,,,
ESP_013948_1410_RED.NOMAP.browse_enh.png,3588,7076,16,24,2.55,384,1.5,dark,2,0,0,0,False,1.0,1.0,26.78,no,0.8214,1.3533,0.9273,41.7,51.7,PROMISING,medium,small_blob,Strong single-image signal but not confirmed across band variants. Compare against the original product and look for the feature in a same-footprint sibling or an independent acquisition.,data/processed\ESP_013948_1410\ESP_013948_1410_RED.NOMAP.browse_enh.png,,0.310,,,,,,,
ESP_013236_1410_RED_C_01_ORTHO.ab_enh.png,1300,5844,24,24,1.08,576,1.0,bright,2,0,1,0,False,1.0,1.0,32.44,no,0.7322,1.7658,0.7828,29.7,51.7,CONFIRMED-LEAD,high,small_blob,"Real feature confirmed at the same pixels in the corresponding band variant(s) of one acquisition. Fetch the EDR original, geolocate on Trek, and check for an independent pass at a different lighting before writing a finding.",data/processed\ESP_013948_1410_ESP_013236_1410\ESP_013236_1410_RED_C_01_ORTHO.ab_enh.png,,0.398,,,,,,,
diff_ESP_013236_1410_IRB.NOMAP.browse_vs_ESP_013236_1410_RED.NOMAP.browse.png,384,4304,32,12,2.78,384,2.67,bright,2,0,0,0,False,1.0,1.0,33.63,no,0.7726,1.6462,0.8371,41.7,51.7,PROMISING,medium,small_blob,Strong single-image signal but not confirmed across band variants. Compare against the original product and look for the feature in a same-footprint sibling or an independent acquisition.,data/processed\extras_compare\ESP_013236_1410\diff_ESP_013236_1410_IRB.NOMAP.browse_vs_ESP_013236_1410_RED.NOMAP.browse.png,,0.218,,,,,,,
diff_ESP_013236_1410_IRB.NOMAP.browse_vs_ESP_013236_1410_RED.NOMAP.browse.png,796,4960,24,16,2.55,384,1.5,bright,2,0,0,0,False,1.0,1.0,36.08,no,0.7735,1.1832,0.9079,41.7,51.7,PROMISING,medium,small_blob,Strong single-image signal but not confirmed across band variants. Compare against the original product and look for the feature in a same-footprint sibling or an independent acquisition.,data/processed\extras_compare\ESP_013236_1410\diff_ESP_013236_1410_IRB.NOMAP.browse_vs_ESP_013236_1410_RED.NOMAP.browse.png,,0.310,,,,,,,
diff_ESP_013236_1410_MIRB.browse_vs_ESP_013236_1410_RED.NOMAP.browse.png,1224,6704,12,40,1.18,480,3.33,bright,2,0,0,0,False,1.0,1.0,72.73,no,0.7998,0.8828,0.8848,41.7,51.7,PROMISING,medium,,Strong single-image signal but not confirmed across band variants. Compare against the original product and look for the feature in a same-footprint sibling or an independent acquisition.,data/processed\extras_compare\ESP_013236_1410\diff_ESP_013236_1410_MIRB.browse_vs_ESP_013236_1410_RED.NOMAP.browse.png,,0.391,,,,,,,
diff_ESP_013236_1410_RED.browse_vs_ESP_013236_1410_RED.NOMAP.browse.png,1208,7148,24,32,2.96,768,1.33,bright,2,0,0,0,False,1.0,0.513,32.18,no,0.8208,1.244,0.9484,45.7,51.7,PROMISING,medium,small_blob,Strong single-image signal but not confirmed across band variants. Compare against the original product and look for the feature in a same-footprint sibling or an independent acquisition.,data/processed\extras_compare\ESP_013236_1410\diff_ESP_013236_1410_RED.browse_vs_ESP_013236_1410_RED.NOMAP.browse.png,,0.159,,,,,,,
ESP_013236_1410_IRB.NOMAP.thumb_enh.png,152,644,16,32,0.69,512,2.0,dark,2,1,1,0,False,1.0,1.0,72.97,no,0.8098,0.9343,0.8786,29.6,51.6,CONFIRMED-LEAD,high,small_blob,"Real feature confirmed at the same pixels in the corresponding band variant(s) of one acquisition. Fetch the EDR original, geolocate on Trek, and check for an independent pass at a different lighting before writing a finding.",data/processed\ESP_013236_1410\ESP_013236_1410_IRB.NOMAP.thumb_enh.png,,0.434,,,,,,,
ESP_013236_1410_MRGB.abrowse_enh.png,1776,1396,16,24,1.06,384,1.5,bright,2,1,1,1,False,0.997,0.534,40.44,no,0.7062,1.7277,0.9135,33.6,51.6,CONFIRMED-LEAD,high,small_blob,"Real feature confirmed at the same pixels in the corresponding band variant(s) of one acquisition. Fetch the EDR original, geolocate on Trek, and check for an independent pass at a different lighting before writing a finding.",data/processed\ESP_013236_1410\ESP_013236_1410_MRGB.abrowse_enh.png,,0.399,,,,,,,
ESP_013236_1410_RED.NOMAP.browse_enh.png,228,6684,16,48,1.09,768,3.0,dark,2,0,0,0,False,1.0,1.0,49.2,no,0.7066,0.9421,0.7962,41.6,51.6,PROMISING,medium,,Strong single-image signal but not confirmed across band variants. Compare against the original product and look for the feature in a same-footprint sibling or an independent acquisition.,data/processed\ESP_013236_1410\ESP_013236_1410_RED.NOMAP.browse_enh.png,,0.397,,,,,,,
ESP_013948_1410_RED.NOMAP.browse_enh.png,2432,7868,12,40,1.17,480,3.33,dark,2,0,0,0,False,1.0,0.892,40.06,no,0.806,1.1758,0.8453,41.6,51.6,PROMISING,medium,,Strong single-image signal but not confirmed across band variants. Compare against the original product and look for the feature in a same-footprint sibling or an independent acquisition.,data/processed\ESP_013948_1410\ESP_013948_1410_RED.NOMAP.browse_enh.png,,0.393,,,,,,,
diff_ESP_013236_1410_IRB.NOMAP.browse_vs_ESP_013236_1410_RED.NOMAP.browse.png,1404,1268,24,32,2.49,768,1.33,bright,2,0,0,0,False,1.0,1.0,52.56,no,0.87,1.0657,0.8887,41.6,51.6,PROMISING,medium,small_blob,Strong single-image signal but not confirmed across band variants. Compare against the original product and look for the feature in a same-footprint sibling or an independent acquisition.,data/processed\extras_compare\ESP_013236_1410\diff_ESP_013236_1410_IRB.NOMAP.browse_vs_ESP_013236_1410_RED.NOMAP.browse.png,,0.338,,,,,,,
diff_ESP_013236_1410_MIRB.browse_vs_ESP_013236_1410_RED.NOMAP.browse.png,320,3424,16,52,1.14,832,3.25,dark,2,0,0,0,False,1.0,1.0,61.64,no,0.7231,1.3173,0.7969,41.6,51.6,PROMISING,medium,,Strong single-image signal but not confirmed across band variants. Compare against the original product and look for the feature in a same-footprint sibling or an independent acquisition.,data/processed\extras_compare\ESP_013236_1410\diff_ESP_013236_1410_MIRB.browse_vs_ESP_013236_1410_RED.NOMAP.browse.png,,0.395,,,,,,,
diff_ESP_013236_1410_RED.browse_vs_ESP_013236_1410_RED.NOMAP.browse.png,1224,6708,12,36,1.11,432,3.0,bright,2,0,0,0,False,1.0,1.0,60.7,no,0.7747,0.8869,0.8757,41.6,51.6,PROMISING,medium,,Strong single-image signal but not confirmed across band variants. Compare against the original product and look for the feature in a same-footprint sibling or an independent acquisition.,data/processed\extras_compare\ESP_013236_1410\diff_ESP_013236_1410_RED.browse_vs_ESP_013236_1410_RED.NOMAP.browse.png,,0.397,,,,,,,
ESP_013236_1410_RED.NOMAP.thumb_enh.png,620,2592,136,280,0.15,38080,2.06,dark,2,0,0,0,False,0.985,0.023,64.85,no,0.8865,0.6176,0.6654,49.5,51.5,PROMISING,medium,,Strong single-image signal but not confirmed across band variants. Compare against the original product and look for the feature in a same-footprint sibling or an independent acquisition.,data/processed\ESP_013236_1410\ESP_013236_1410_RED.NOMAP.thumb_enh.png,,0.498,,,,,,,
ESP_013236_1410_RGB.NOMAP.browse_enh.png,828,15248,16,36,0.72,576,2.25,dark,2,1,1,0,False,0.99,1.0,55.59,no,0.8473,1.3055,0.8274,29.5,51.5,CONFIRMED-LEAD,high,small_blob,"Real feature confirmed at the same pixels in the corresponding band variant(s) of one acquisition. Fetch the EDR original, geolocate on Trek, and check for an independent pass at a different lighting before writing a finding.",data/processed\ESP_013236_1410\ESP_013236_1410_RGB.NOMAP.browse_enh.png,,0.431,,,,,,,
ESP_013948_1410_RED.browse_enh.png,1928,4996,16,24,1.39,384,1.5,dark,3,2,0,2,False,1.0,1.0,45.45,no,0.8279,1.0138,0.8647,41.5,51.5,PROMISING,medium,small_blob,Strong single-image signal but not confirmed across band variants. Compare against the original product and look for the feature in a same-footprint sibling or an independent acquisition.,data/processed\ESP_013948_1410\ESP_013948_1410_RED.browse_enh.png,,0.386,,,,,,,
ESP_013948_1410_RED.browse_enh.png,1948,7040,80,88,0.13,7040,1.1,dark,3,2,0,2,False,1.0,0.176,50.55,no,0.9258,0.7316,0.5664,49.5,51.5,PROMISING,medium,,Strong single-image signal but not confirmed across band variants. Compare against the original product and look for the feature in a same-footprint sibling or an independent acquisition.,data/processed\ESP_013948_1410\ESP_013948_1410_RED.browse_enh.png,,0.498,,,,,,,
ESP_013948_1410_RED_C_01_ORTHO.br_enh.png,672,2164,116,252,0.21,29232,2.17,dark,2,0,0,0,False,1.0,0.067,66.52,no,0.8941,0.5373,0.786,49.5,51.5,PROMISING,medium,,Strong single-image signal but not confirmed across band variants. Compare against the original product and look for the feature in a same-footprint sibling or an independent acquisition.,data/processed\ESP_013948_1410_ESP_013236_1410\ESP_013948_1410_RED_C_01_ORTHO.br_enh.png,,0.498,,,,,,,
diff_ESP_013236_1410_RED.thumb_vs_ESP_013236_1410_RED.NOMAP.browse.png,1232,5824,28,72,0.93,2016,2.57,bright,2,0,0,0,False,1.0,1.0,72.11,no,0.831,1.2055,0.8368,41.5,51.5,PROMISING,medium,,Strong single-image signal but not confirmed across band variants. Compare against the original product and look for the feature in a same-footprint sibling or an independent acquisition.,data/processed\extras_compare\ESP_013236_1410\diff_ESP_013236_1410_RED.thumb_vs_ESP_013236_1410_RED.NOMAP.browse.png,,0.402,,,,,,,
ESP_013236_1410_RED.NOMAP.browse_enh.png,3916,7716,12,36,1.09,432,3.0,dark,2,0,0,0,False,1.0,1.0,30.31,no,0.6669,2.4008,0.9185,41.4,51.4,PROMISING,medium,,Strong single-image signal but not confirmed across band variants. Compare against the original product and look for the feature in a same-footprint sibling or an independent acquisition.,data/processed\ESP_013236_1410\ESP_013236_1410_RED.NOMAP.browse_enh.png,,0.397,,,,,,,
ESP_013236_1410_RED.browse_enh.png,1448,3280,32,60,0.1,1920,1.88,dark,3,2,0,2,False,1.0,0.253,55.93,no,0.8482,0.9056,0.9447,45.4,51.4,PROMISING,medium,,Strong single-image signal but not confirmed across band variants. Compare against the original product and look for the feature in a same-footprint sibling or an independent acquisition.,data/processed\ESP_013236_1410\ESP_013236_1410_RED.browse_enh.png,,0.498,,,,,,,
ESP_013236_1410_RGB.NOMAP.browse_enh.png,820,1908,16,32,1.23,512,2.0,dark,2,0,1,0,False,1.0,1.0,35.48,no,0.7777,0.9771,0.8563,29.4,51.4,CONFIRMED-LEAD,high,small_blob,"Real feature confirmed at the same pixels in the corresponding band variant(s) of one acquisition. Fetch the EDR original, geolocate on Trek, and check for an independent pass at a different lighting before writing a finding.",data/processed\ESP_013236_1410\ESP_013236_1410_RGB.NOMAP.browse_enh.png,,0.390,,,,,,,
ESP_013948_1410_IRB.NOMAP.browse_enh.png,180,16860,28,12,1.31,336,2.33,bright,2,0,1,0,False,1.0,1.0,43.98,no,0.8387,1.1512,0.8399,29.4,51.4,CONFIRMED-LEAD,high,small_blob,"Real feature confirmed at the same pixels in the corresponding band variant(s) of one acquisition. Fetch the EDR original, geolocate on Trek, and check for an independent pass at a different lighting before writing a finding.",data/processed\ESP_013948_1410\ESP_013948_1410_IRB.NOMAP.browse_enh.png,,0.390,,,,,,,
ESP_013948_1410_RED.abrowse_enh.png,1764,5852,16,20,1.9,320,1.25,dark,2,1,0,2,False,1.0,1.0,35.78,no,0.8002,0.781,0.9617,41.4,51.4,PROMISING,medium,small_blob,Strong single-image signal but not confirmed across band variants. Compare against the original product and look for the feature in a same-footprint sibling or an independent acquisition.,data/processed\ESP_013948_1410\ESP_013948_1410_RED.abrowse_enh.png,,0.376,,,,,,,
ESP_013948_1410_RED.abrowse_enh.png,2108,9960,32,12,1.6,384,2.67,bright,3,2,0,2,False,1.0,1.0,40.07,no,0.7498,1.3188,0.7743,41.4,51.4,PROMISING,medium,small_blob,Strong single-image signal but not confirmed across band variants. Compare against the original product and look for the feature in a same-footprint sibling or an independent acquisition.,data/processed\ESP_013948_1410\ESP_013948_1410_RED.abrowse_enh.png,,0.376,,,,,,,
diff_ESP_013236_1410_IRB.NOMAP.thumb_vs_ESP_013236_1410_RED.NOMAP.browse.png,1044,4892,12,28,2.68,336,2.33,bright,2,0,0,0,False,1.0,1.0,37.34,no,0.6993,1.7965,0.8492,41.4,51.4,PROMISING,medium,small_blob,Strong single-image signal but not confirmed across band variants. Compare against the original product and look for the feature in a same-footprint sibling or an independent acquisition.,data/processed\extras_compare\ESP_013236_1410\diff_ESP_013236_1410_IRB.NOMAP.thumb_vs_ESP_013236_1410_RED.NOMAP.browse.png,,0.254,,,,,,,
diff_ESP_013236_1410_MRGB.thumb_vs_ESP_013236_1410_RED.NOMAP.browse.png,1224,4844,16,52,1.11,832,3.25,bright,2,0,0,0,False,1.0,1.0,48.84,no,0.8837,0.8365,0.8529,41.4,51.4,PROMISING,medium,,Strong single-image signal but not confirmed across band variants. Compare against the original product and look for the feature in a same-footprint sibling or an independent acquisition.,data/processed\extras_compare\ESP_013236_1410\diff_ESP_013236_1410_MRGB.thumb_vs_ESP_013236_1410_RED.NOMAP.browse.png,,0.397,,,,,,,
diff_ESP_013236_1410_MRGB.thumb_vs_ESP_013236_1410_RED.NOMAP.browse.png,928,6992,12,36,2.0,432,3.0,bright,2,0,0,0,False,1.0,0.0,29.69,no,0.8454,0.9647,0.9725,49.4,51.4,PROMISING,medium,,Strong single-image signal but not confirmed across band variants. Compare against the original product and look for the feature in a same-footprint sibling or an independent acquisition.,data/processed\extras_compare\ESP_013236_1410\diff_ESP_013236_1410_MRGB.thumb_vs_ESP_013236_1410_RED.NOMAP.browse.png,,0.376,,,,,,,
ESP_013236_1410_MRGB.abrowse_enh.png,1964,6912,28,32,0.35,896,1.14,dark,3,2,1,1,False,1.0,0.693,55.18,no,0.8569,1.0058,0.8382,33.3,51.3,CONFIRMED-LEAD,high,small_blob,"Real feature confirmed at the same pixels in the corresponding band variant(s) of one acquisition. Fetch the EDR original, geolocate on Trek, and check for an independent pass at a different lighting before writing a finding.",data/processed\ESP_013236_1410\ESP_013236_1410_MRGB.abrowse_enh.png,,0.490,,,,,,,
ESP_013236_1410_RED.browse_enh.png,1312,2088,20,32,1.83,640,1.6,dark,3,2,0,2,False,1.0,0.463,31.54,no,0.7314,1.5152,0.8408,45.3,51.3,PROMISING,medium,small_blob,Strong single-image signal but not confirmed across band variants. Compare against the original product and look for the feature in a same-footprint sibling or an independent acquisition.,data/processed\ESP_013236_1410\ESP_013236_1410_RED.browse_enh.png,,0.376,,,,,,,
ESP_013236_1410_RGB.NOMAP.browse_enh.png,784,10748,20,16,1.09,320,1.25,dark,2,0,1,0,False,1.0,1.0,49.74,no,0.7765,0.9795,0.8457,29.3,51.3,CONFIRMED-LEAD,high,small_blob,"Real feature confirmed at the same pixels in the corresponding band variant(s) of one acquisition. Fetch the EDR original, geolocate on Trek, and check for an independent pass at a different lighting before writing a finding.",data/processed\ESP_013236_1410\ESP_013236_1410_RGB.NOMAP.browse_enh.png,,0.397,,,,,,,
ESP_013948_1410_MRGB.abrowse_enh.png,1360,2832,16,36,0.13,576,2.25,dark,3,2,1,1,False,0.948,1.0,47.57,no,0.8932,1.3167,0.7854,29.3,51.3,CONFIRMED-LEAD,high,small_blob,"Real feature confirmed at the same pixels in the corresponding band variant(s) of one acquisition. Fetch the EDR original, geolocate on Trek, and check for an independent pass at a different lighting before writing a finding.",data/processed\ESP_013948_1410\ESP_013948_1410_MRGB.abrowse_enh.png,,0.498,,,,,,,
ESP_013948_1410_RGB.NOMAP.browse_enh.png,672,8904,24,24,1.03,576,1.0,dark,2,0,1,0,False,1.0,1.0,35.16,no,0.7546,1.4053,0.6565,29.3,51.3,CONFIRMED-LEAD,high,small_blob,"Real feature confirmed at the same pixels in the corresponding band variant(s) of one acquisition. Fetch the EDR original, geolocate on Trek, and check for an independent pass at a different lighting before writing a finding.",data/processed\ESP_013948_1410\ESP_013948_1410_RGB.NOMAP.browse_enh.png,,0.402,,,,,,,
ESP_013948_1410_RED_C_01_ORTHO.th_enh.png,876,1636,16,56,1.15,896,3.5,bright,2,0,0,1,False,1.0,1.0,67.23,no,0.9018,1.035,0.9471,41.3,51.3,PROMISING,medium,,Strong single-image signal but not confirmed across band variants. Compare against the original product and look for the feature in a same-footprint sibling or an independent acquisition.,data/processed\ESP_013948_1410_ESP_013236_1410\ESP_013948_1410_RED_C_01_ORTHO.th_enh.png,,0.394,,,,,,,
diff_ESP_013236_1410_COLOR.abrowse_vs_ESP_013236_1410_RED.NOMAP.browse.png,400,1404,16,48,1.06,768,3.0,bright,2,0,0,0,False,1.0,1.0,40.15,no,0.8409,1.4688,0.8195,41.3,51.3,PROMISING,medium,,Strong single-image signal but not confirmed across band variants. Compare against the original product and look for the feature in a same-footprint sibling or an independent acquisition.,data/processed\extras_compare\ESP_013236_1410\diff_ESP_013236_1410_COLOR.abrowse_vs_ESP_013236_1410_RED.NOMAP.browse.png,,0.399,,,,,,,
diff_ESP_013236_1410_RED.abrowse_vs_ESP_013236_1410_RED.NOMAP.browse.png,1456,488,12,36,1.08,432,3.0,bright,2,0,0,0,False,1.0,0.704,58.78,no,0.8397,0.4749,0.9667,41.3,51.3,PROMISING,medium,,Strong single-image signal but not confirmed across band variants. Compare against the original product and look for the feature in a same-footprint sibling or an independent acquisition.,data/processed\extras_compare\ESP_013236_1410\diff_ESP_013236_1410_RED.abrowse_vs_ESP_013236_1410_RED.NOMAP.browse.png,,0.398,,,,,,,
diff_ESP_013236_1410_RED.thumb_vs_ESP_013236_1410_RED.NOMAP.browse.png,1064,992,12,44,1.2,528,3.67,bright,2,0,0,0,False,1.0,1.0,51.85,no,0.8135,0.8531,0.889,41.3,51.3,PROMISING,medium,,Strong single-image signal but not confirmed across band variants. Compare against the original product and look for the feature in a same-footprint sibling or an independent acquisition.,data/processed\extras_compare\ESP_013236_1410\diff_ESP_013236_1410_RED.thumb_vs_ESP_013236_1410_RED.NOMAP.browse.png,,0.390,,,,,,,
diff_ESP_013236_1410_RED.thumb_vs_ESP_013236_1410_RED.NOMAP.browse.png,380,3024,12,36,1.08,432,3.0,dark,2,0,0,0,False,1.0,1.0,47.18,no,0.795,0.699,0.8537,41.3,51.3,PROMISING,medium,,Strong single-image signal but not confirmed across band variants. Compare against the original product and look for the feature in a same-footprint sibling or an independent acquisition.,data/processed\extras_compare\ESP_013236_1410\diff_ESP_013236_1410_RED.thumb_vs_ESP_013236_1410_RED.NOMAP.browse.png,,0.398,,,,,,,
ESP_013236_1410_IRB.NOMAP.browse_enh.png,56,14648,28,32,0.91,896,1.14,dark,2,1,1,0,False,1.0,0.503,24.91,no,0.7786,1.4729,0.9244,33.2,51.2,CONFIRMED-LEAD,high,small_blob,"Real feature confirmed at the same pixels in the corresponding band variant(s) of one acquisition. Fetch the EDR original, geolocate on Trek, and check for an independent pass at a different lighting before writing a finding.",data/processed\ESP_013236_1410\ESP_013236_1410_IRB.NOMAP.browse_enh.png,,0.404,,,,,,,
ESP_013236_1410_MRGB.browse_enh.png,1464,2680,24,24,0.33,576,1.0,dark,3,2,1,1,False,1.0,0.533,32.15,no,0.7684,1.0892,0.962,33.2,51.2,CONFIRMED-LEAD,high,small_blob,"Real feature confirmed at the same pixels in the corresponding band variant(s) of one acquisition. Fetch the EDR original, geolocate on Trek, and check for an independent pass at a different lighting before writing a finding.",data/processed\ESP_013236_1410\ESP_013236_1410_MRGB.browse_enh.png,,0.492,,,,,,,
ESP_013236_1410_RED.abrowse_enh.png,1344,2380,20,20,1.83,400,1.0,dark,2,1,0,2,False,1.0,1.0,28.68,no,0.6305,1.1727,0.9321,41.2,51.2,PROMISING,medium,small_blob,Strong single-image signal but not confirmed across band variants. Compare against the original product and look for the feature in a same-footprint sibling or an independent acquisition.,data/processed\ESP_013236_1410\ESP_013236_1410_RED.abrowse_enh.png,,0.376,,,,,,,
diff_ESP_013236_1410_MIRB.thumb_vs_ESP_013236_1410_RED.NOMAP.browse.png,1504,540,12,36,1.06,432,3.0,dark,2,0,0,0,False,1.0,1.0,52.15,no,0.8185,1.0376,0.8573,41.2,51.2,PROMISING,medium,,Strong single-image signal but not confirmed across band variants. Compare against the original product and look for the feature in a same-footprint sibling or an independent acquisition.,data/processed\extras_compare\ESP_013236_1410\diff_ESP_013236_1410_MIRB.thumb_vs_ESP_013236_1410_RED.NOMAP.browse.png,,0.399,,,,,,,
diff_ESP_013236_1410_RED.abrowse_vs_ESP_013236_1410_RED.NOMAP.browse.png,1468,1416,12,36,1.07,432,3.0,bright,2,0,0,0,False,1.0,1.0,62.73,no,0.8711,0.7485,0.9742,41.2,51.2,PROMISING,medium,,Strong single-image signal but not confirmed across band variants. Compare against the original product and look for the feature in a same-footprint sibling or an independent acquisition.,data/processed\extras_compare\ESP_013236_1410\diff_ESP_013236_1410_RED.abrowse_vs_ESP_013236_1410_RED.NOMAP.browse.png,,0.399,,,,,,,
ESP_013236_1410_IRB.NOMAP.browse_enh.png,696,2312,20,28,0.51,560,1.4,bright,2,1,1,0,False,1.0,1.0,70.29,no,0.7523,0.9834,0.7471,29.1,51.1,CONFIRMED-LEAD,high,small_blob,"Real feature confirmed at the same pixels in the corresponding band variant(s) of one acquisition. Fetch the EDR original, geolocate on Trek, and check for an independent pass at a different lighting before writing a finding.",data/processed\ESP_013236_1410\ESP_013236_1410_IRB.NOMAP.browse_enh.png,,0.469,,,,,,,
ESP_013236_1410_RED.browse_enh.png,2220,9668,44,60,0.39,2640,1.36,bright,3,2,0,2,False,1.0,0.189,35.39,no,0.8699,1.2021,0.5273,49.1,51.1,PROMISING,medium,,Strong single-image signal but not confirmed across band variants. Compare against the original product and look for the feature in a same-footprint sibling or an independent acquisition.,data/processed\ESP_013236_1410\ESP_013236_1410_RED.browse_enh.png,,0.485,,,,,,,
ESP_013948_1410_RED.NOMAP.browse_enh.png,2308,4420,12,24,3.5,288,2.0,bright,2,0,0,0,False,1.0,0.0,19.68,no,0.8316,1.6961,0.9066,49.1,51.1,PROMISING,medium,small_blob,Strong single-image signal but not confirmed across band variants. Compare against the original product and look for the feature in a same-footprint sibling or an independent acquisition.,data/processed\ESP_013948_1410\ESP_013948_1410_RED.NOMAP.browse_enh.png,,0.049,,,,,,,
ESP_013948_1410_RGB.NOMAP.browse_enh.png,884,13760,40,16,1.18,640,2.5,dark,2,1,1,0,False,1.0,0.657,50.91,no,0.7985,1.0629,0.8713,33.1,51.1,CONFIRMED-LEAD,high,small_blob,"Real feature confirmed at the same pixels in the corresponding band variant(s) of one acquisition. Fetch the EDR original, geolocate on Trek, and check for an independent pass at a different lighting before writing a finding.",data/processed\ESP_013948_1410\ESP_013948_1410_RGB.NOMAP.browse_enh.png,,0.391,,,,,,,
diff_ESP_013236_1410_COLOR.abrowse_vs_ESP_013236_1410_RED.NOMAP.browse.png,1064,992,12,36,1.05,432,3.0,dark,2,0,0,0,False,1.0,1.0,63.0,no,0.8704,0.6151,0.9383,41.1,51.1,PROMISING,medium,,Strong single-image signal but not confirmed across band variants. Compare against the original product and look for the feature in a same-footprint sibling or an independent acquisition.,data/processed\extras_compare\ESP_013236_1410\diff_ESP_013236_1410_COLOR.abrowse_vs_ESP_013236_1410_RED.NOMAP.browse.png,,0.400,,,,,,,
diff_ESP_013236_1410_COLOR.thumb_vs_ESP_013236_1410_RED.NOMAP.browse.png,1064,992,12,36,1.05,432,3.0,dark,2,0,0,0,False,1.0,1.0,62.53,no,0.87,0.6075,0.9383,41.1,51.1,PROMISING,medium,,Strong single-image signal but not confirmed across band variants. Compare against the original product and look for the feature in a same-footprint sibling or an independent acquisition.,data/processed\extras_compare\ESP_013236_1410\diff_ESP_013236_1410_COLOR.thumb_vs_ESP_013236_1410_RED.NOMAP.browse.png,,0.400,,,,,,,
diff_ESP_013236_1410_COLOR.thumb_vs_ESP_013236_1410_RED.NOMAP.browse.png,1072,2680,12,20,2.52,240,1.67,dark,2,0,0,0,False,1.0,1.0,23.57,no,0.793,0.9755,0.9594,41.1,51.1,PROMISING,medium,small_blob,Strong single-image signal but not confirmed across band variants. Compare against the original product and look for the feature in a same-footprint sibling or an independent acquisition.,data/processed\extras_compare\ESP_013236_1410\diff_ESP_013236_1410_COLOR.thumb_vs_ESP_013236_1410_RED.NOMAP.browse.png,,0.318,,,,,,,
diff_ESP_013236_1410_MRGB.thumb_vs_ESP_013236_1410_RED.NOMAP.browse.png,1348,3296,24,16,2.49,384,1.5,bright,2,0,0,0,False,1.0,0.911,30.44,no,0.8287,1.3678,0.8992,41.1,51.1,PROMISING,medium,small_blob,Strong single-image signal but not confirmed across band variants. Compare against the original product and look for the feature in a same-footprint sibling or an independent acquisition.,data/processed\extras_compare\ESP_013236_1410\diff_ESP_013236_1410_MRGB.thumb_vs_ESP_013236_1410_RED.NOMAP.browse.png,,0.338,,,,,,,
diff_ESP_013236_1410_RED.browse_vs_ESP_013236_1410_RED.NOMAP.browse.png,1008,1108,12,44,1.18,528,3.67,bright,2,0,0,0,False,1.0,1.0,43.14,no,0.8433,1.3355,0.8602,41.1,51.1,PROMISING,medium,,Strong single-image signal but not confirmed across band variants. Compare against the original product and look for the feature in a same-footprint sibling or an independent acquisition.,data/processed\extras_compare\ESP_013236_1410\diff_ESP_013236_1410_RED.browse_vs_ESP_013236_1410_RED.NOMAP.browse.png,,0.391,,,,,,,
ESP_013236_1410_IRB.NOMAP.browse_enh.png,404,2044,20,16,1.63,320,1.25,bright,2,1,1,0,False,1.0,1.0,43.07,no,0.8101,0.7633,0.8719,29.0,51.0,CONFIRMED-LEAD,high,small_blob,"Real feature confirmed at the same pixels in the corresponding band variant(s) of one acquisition. Fetch the EDR original, geolocate on Trek, and check for an independent pass at a different lighting before writing a finding.",data/processed\ESP_013236_1410\ESP_013236_1410_IRB.NOMAP.browse_enh.png,,0.376,,,,,,,
ESP_013948_1410_COLOR.abrowse_enh.png,896,9048,12,44,1.16,528,3.67,bright,2,0,0,0,False,0.99,1.0,56.21,no,0.9178,0.559,0.9427,41.0,51.0,PROMISING,medium,,Strong single-image signal but not confirmed across band variants. Compare against the original product and look for the feature in a same-footprint sibling or an independent acquisition.,data/processed\ESP_013948_1410\ESP_013948_1410_COLOR.abrowse_enh.png,,0.394,,,,,,,
ESP_013948_1410_IRB.NOMAP.browse_enh.png,644,9792,28,32,0.89,896,1.14,dark,2,1,1,0,False,1.0,0.624,39.17,no,0.7516,0.9027,0.8503,33.0,51.0,CONFIRMED-LEAD,high,small_blob,"Real feature confirmed at the same pixels in the corresponding band variant(s) of one acquisition. Fetch the EDR original, geolocate on Trek, and check for an independent pass at a different lighting before writing a finding.",data/processed\ESP_013948_1410\ESP_013948_1410_IRB.NOMAP.browse_enh.png,,0.405,,,,,,,
ESP_013948_1410_IRB.NOMAP.thumb_enh.png,168,500,16,44,0.75,704,2.75,bright,2,1,1,0,False,1.0,1.0,72.13,no,0.8628,0.833,0.7968,29.0,51.0,CONFIRMED-LEAD,high,small_blob,"Real feature confirmed at the same pixels in the corresponding band variant(s) of one acquisition. Fetch the EDR original, geolocate on Trek, and check for an independent pass at a different lighting before writing a finding.",data/processed\ESP_013948_1410\ESP_013948_1410_IRB.NOMAP.thumb_enh.png,,0.425,,,,,,,
ESP_013948_1410_RED.NOMAP.browse_enh.png,2516,11996,12,44,1.16,528,3.67,dark,2,0,0,0,False,1.0,0.724,40.82,no,0.6224,1.3707,0.8229,41.0,51.0,PROMISING,medium,,Strong single-image signal but not confirmed across band variants. Compare against the original product and look for the feature in a same-footprint sibling or an independent acquisition.,data/processed\ESP_013948_1410\ESP_013948_1410_RED.NOMAP.browse_enh.png,,0.394,,,,,,,
diff_ESP_013236_1410_COLOR.browse_vs_ESP_013236_1410_RED.NOMAP.browse.png,1064,992,12,36,1.04,432,3.0,dark,2,0,0,0,False,1.0,1.0,59.21,no,0.8677,0.6085,0.9384,41.0,51.0,PROMISING,medium,,Strong single-image signal but not confirmed across band variants. Compare against the original product and look for the feature in a same-footprint sibling or an independent acquisition.,data/processed\extras_compare\ESP_013236_1410\diff_ESP_013236_1410_COLOR.browse_vs_ESP_013236_1410_RED.NOMAP.browse.png,,0.401,,,,,,,
diff_ESP_013236_1410_MRGB.thumb_vs_ESP_013236_1410_RED.NOMAP.browse.png,964,2336,12,36,1.04,432,3.0,dark,2,0,0,0,False,0.994,1.0,68.18,no,0.9068,0.3297,0.9672,41.0,51.0,PROMISING,medium,,Strong single-image signal but not confirmed across band variants. Compare against the original product and look for the feature in a same-footprint sibling or an independent acquisition.,data/processed\extras_compare\ESP_013236_1410\diff_ESP_013236_1410_MRGB.thumb_vs_ESP_013236_1410_RED.NOMAP.browse.png,,0.401,,,,,,,
ESP_013236_1410_IRB.NOMAP.browse_enh.png,860,14596,20,12,1.13,240,1.67,bright,2,0,1,0,False,1.0,1.0,61.45,no,0.6782,0.6274,0.8875,28.9,50.9,CONFIRMED-LEAD,high,small_blob,"Real feature confirmed at the same pixels in the corresponding band variant(s) of one acquisition. Fetch the EDR original, geolocate on Trek, and check for an independent pass at a different lighting before writing a finding.",data/processed\ESP_013236_1410\ESP_013236_1410_IRB.NOMAP.browse_enh.png,,0.395,,,,,,,
ESP_013236_1410_RED.browse_enh.png,1440,3452,36,76,0.04,2736,2.11,bright,3,2,0,2,False,1.0,0.223,77.4,no,0.9509,0.7238,0.4841,44.9,50.9,PROMISING,medium,,Strong single-image signal but not confirmed across band variants. Compare against the original product and look for the feature in a same-footprint sibling or an independent acquisition.,data/processed\ESP_013236_1410\ESP_013236_1410_RED.browse_enh.png,,0.498,,,,,,,
ESP_013236_1410_RED.browse_enh.png,2760,9904,32,16,1.41,512,2.0,bright,3,2,0,2,False,1.0,1.0,40.28,no,0.8323,0.8724,0.8482,40.9,50.9,PROMISING,medium,small_blob,Strong single-image signal but not confirmed across band variants. Compare against the original product and look for the feature in a same-footprint sibling or an independent acquisition.,data/processed\ESP_013236_1410\ESP_013236_1410_RED.browse_enh.png,,0.384,,,,,,,
ESP_013948_1410_RED.NOMAP.browse_enh.png,2600,10736,20,24,2.4,480,1.2,dark,2,0,0,0,False,1.0,1.0,24.23,no,0.809,1.1125,0.9201,40.9,50.9,PROMISING,medium,small_blob,Strong single-image signal but not confirmed across band variants. Compare against the original product and look for the feature in a same-footprint sibling or an independent acquisition.,data/processed\ESP_013948_1410\ESP_013948_1410_RED.NOMAP.browse_enh.png,,0.375,,,,,,,
ESP_013948_1410_RGB.NOMAP.thumb_enh.png,168,500,16,44,0.74,704,2.75,bright,2,1,1,0,False,1.0,1.0,70.07,no,0.8603,0.8732,0.8059,28.9,50.9,CONFIRMED-LEAD,high,small_blob,"Real feature confirmed at the same pixels in the corresponding band variant(s) of one acquisition. Fetch the EDR original, geolocate on Trek, and check for an independent pass at a different lighting before writing a finding.",data/processed\ESP_013948_1410\ESP_013948_1410_RGB.NOMAP.thumb_enh.png,,0.426,,,,,,,
ESP_013236_1410_IRB.NOMAP.browse_enh.png,276,7120,24,28,0.88,672,1.17,bright,2,1,1,0,False,1.0,0.502,32.69,no,0.8078,1.1791,0.8668,32.8,50.8,CONFIRMED-LEAD,high,small_blob,"Real feature confirmed at the same pixels in the corresponding band variant(s) of one acquisition. Fetch the EDR original, geolocate on Trek, and check for an independent pass at a different lighting before writing a finding.",data/processed\ESP_013236_1410\ESP_013236_1410_IRB.NOMAP.browse_enh.png,,0.405,,,,,,,
ESP_013236_1410_RED.browse_enh.png,2268,7504,16,28,1.35,448,1.75,dark,3,2,0,2,False,1.0,1.0,25.28,no,0.7661,1.3371,0.94,40.8,50.8,PROMISING,medium,small_blob,Strong single-image signal but not confirmed across band variants. Compare against the original product and look for the feature in a same-footprint sibling or an independent acquisition.,data/processed\ESP_013236_1410\ESP_013236_1410_RED.browse_enh.png,,0.390,,,,,,,
ESP_013236_1410_RGB.NOMAP.browse_enh.png,276,7120,24,28,0.88,672,1.17,bright,2,1,1,0,False,1.0,0.594,33.56,no,0.8073,1.1539,0.8589,32.8,50.8,CONFIRMED-LEAD,high,small_blob,"Real feature confirmed at the same pixels in the corresponding band variant(s) of one acquisition. Fetch the EDR original, geolocate on Trek, and check for an independent pass at a different lighting before writing a finding.",data/processed\ESP_013236_1410\ESP_013236_1410_RGB.NOMAP.browse_enh.png,,0.405,,,,,,,
ESP_013948_1410_MRGB.browse_enh.png,2068,6924,32,16,0.02,512,2.0,bright,3,2,1,1,False,1.0,0.857,29.1,no,0.7967,2.3713,0.4501,28.8,50.8,CONFIRMED-LEAD,high,small_blob,"Real feature confirmed at the same pixels in the corresponding band variant(s) of one acquisition. Fetch the EDR original, geolocate on Trek, and check for an independent pass at a different lighting before writing a finding.",data/processed\ESP_013948_1410\ESP_013948_1410_MRGB.browse_enh.png,,0.498,,,,,,,
ESP_013948_1410_RGB.NOMAP.browse_enh.png,224,11104,16,36,1.1,576,2.25,bright,2,1,1,0,False,1.0,0.591,44.18,no,0.6114,1.0193,0.7852,32.8,50.8,CONFIRMED-LEAD,high,small_blob,"Real feature confirmed at the same pixels in the corresponding band variant(s) of one acquisition. Fetch the EDR original, geolocate on Trek, and check for an independent pass at a different lighting before writing a finding.",data/processed\ESP_013948_1410\ESP_013948_1410_RGB.NOMAP.browse_enh.png,,0.397,,,,,,,
ESP_013948_1410_RGB.NOMAP.browse_enh.png,316,17248,32,24,0.45,768,1.33,dark,2,1,1,0,False,0.983,0.841,78.03,no,0.827,1.2938,0.6974,28.8,50.8,CONFIRMED-LEAD,high,small_blob,"Real feature confirmed at the same pixels in the corresponding band variant(s) of one acquisition. Fetch the EDR original, geolocate on Trek, and check for an independent pass at a different lighting before writing a finding.",data/processed\ESP_013948_1410\ESP_013948_1410_RGB.NOMAP.browse_enh.png,,0.477,,,,,,,
diff_ESP_013236_1410_RED.abrowse_vs_ESP_013236_1410_RED.NOMAP.browse.png,1004,4844,32,56,1.16,1792,1.75,bright,2,0,0,0,False,1.0,0.2,53.32,no,0.8277,1.1587,0.8527,44.8,50.8,PROMISING,medium,,Strong single-image signal but not confirmed across band variants. Compare against the original product and look for the feature in a same-footprint sibling or an independent acquisition.,data/processed\extras_compare\ESP_013236_1410\diff_ESP_013236_1410_RED.abrowse_vs_ESP_013236_1410_RED.NOMAP.browse.png,,0.394,,,,,,,
diff_ESP_013236_1410_RED.abrowse_vs_ESP_013236_1410_RED.NOMAP.browse.png,1224,6704,12,40,1.08,480,3.33,bright,2,0,0,0,False,1.0,1.0,66.36,no,0.7866,0.909,0.9229,40.8,50.8,PROMISING,medium,,Strong single-image signal but not confirmed across band variants. Compare against the original product and look for the feature in a same-footprint sibling or an independent acquisition.,data/processed\extras_compare\ESP_013236_1410\diff_ESP_013236_1410_RED.abrowse_vs_ESP_013236_1410_RED.NOMAP.browse.png,,0.398,,,,,,,
ESP_013236_1410_IRB.NOMAP.browse_enh.png,260,1740,24,36,0.47,864,1.5,dark,2,1,1,0,False,1.0,1.0,39.8,no,0.8087,1.0871,0.5695,28.7,50.7,CONFIRMED-LEAD,high,small_blob,"Real feature confirmed at the same pixels in the corresponding band variant(s) of one acquisition. Fetch the EDR original, geolocate on Trek, and check for an independent pass at a different lighting before writing a finding.",data/processed\ESP_013236_1410\ESP_013236_1410_IRB.NOMAP.browse_enh.png,,0.473,,,,,,,
ESP_013236_1410_MIRB.browse_enh.png,1296,2084,20,28,0.35,560,1.4,dark,3,2,1,1,False,1.0,0.545,42.48,no,0.7946,1.0981,0.8907,32.7,50.7,CONFIRMED-LEAD,high,small_blob,"Real feature confirmed at the same pixels in the corresponding band variant(s) of one acquisition. Fetch the EDR original, geolocate on Trek, and check for an independent pass at a different lighting before writing a finding.",data/processed\ESP_013236_1410\ESP_013236_1410_MIRB.browse_enh.png,,0.490,,,,,,,
ESP_013236_1410_MRGB.browse_enh.png,2128,4480,20,20,0.29,400,1.0,dark,3,2,1,1,False,1.0,0.597,26.07,no,0.8128,1.5347,0.8145,32.7,50.7,CONFIRMED-LEAD,high,small_blob,"Real feature confirmed at the same pixels in the corresponding band variant(s) of one acquisition. Fetch the EDR original, geolocate on Trek, and check for an independent pass at a different lighting before writing a finding.",data/processed\ESP_013236_1410\ESP_013236_1410_MRGB.browse_enh.png,,0.495,,,,,,,
ESP_013236_1410_RGB.NOMAP.browse_enh.png,872,13932,12,28,0.64,336,2.33,dark,2,1,1,0,False,1.0,1.0,28.09,no,0.6309,1.6668,0.6904,28.6,50.6,CONFIRMED-LEAD,high,small_blob,"Real feature confirmed at the same pixels in the corresponding band variant(s) of one acquisition. Fetch the EDR original, geolocate on Trek, and check for an independent pass at a different lighting before writing a finding.",data/processed\ESP_013236_1410\ESP_013236_1410_RGB.NOMAP.browse_enh.png,,0.443,,,,,,,
diff_ESP_013236_1410_MIRB.thumb_vs_ESP_013236_1410_RED.NOMAP.browse.png,1224,6700,12,44,1.12,528,3.67,bright,2,0,0,0,False,1.0,1.0,76.72,no,0.8226,0.8286,0.9338,40.6,50.6,PROMISING,medium,,Strong single-image signal but not confirmed across band variants. Compare against the original product and look for the feature in a same-footprint sibling or an independent acquisition.,data/processed\extras_compare\ESP_013236_1410\diff_ESP_013236_1410_MIRB.thumb_vs_ESP_013236_1410_RED.NOMAP.browse.png,,0.396,,,,,,,
ESP_013236_1410_RGB.NOMAP.browse_enh.png,260,8848,24,24,1.39,576,1.0,dark,2,0,1,0,False,1.0,0.508,26.02,no,0.779,1.0695,0.9111,32.5,50.5,CONFIRMED-LEAD,high,small_blob,"Real feature confirmed at the same pixels in the corresponding band variant(s) of one acquisition. Fetch the EDR original, geolocate on Trek, and check for an independent pass at a different lighting before writing a finding.",data/processed\ESP_013236_1410\ESP_013236_1410_RGB.NOMAP.browse_enh.png,,0.386,,,,,,,
ESP_013948_1410_RED.NOMAP.browse_enh.png,2696,10920,12,36,0.99,432,3.0,dark,2,0,0,0,False,1.0,1.0,53.48,no,0.6625,0.9923,0.8292,40.5,50.5,PROMISING,medium,,Strong single-image signal but not confirmed across band variants. Compare against the original product and look for the feature in a same-footprint sibling or an independent acquisition.,data/processed\ESP_013948_1410\ESP_013948_1410_RED.NOMAP.browse_enh.png,,0.402,,,,,,,
ESP_013236_1410_RED_C_01_ORTHO.ab_enh.png,888,1872,24,28,0.97,672,1.17,dark,2,0,1,0,False,0.985,1.0,43.63,no,0.8281,1.3613,0.8273,28.5,50.5,CONFIRMED-LEAD,high,small_blob,"Real feature confirmed at the same pixels in the corresponding band variant(s) of one acquisition. Fetch the EDR original, geolocate on Trek, and check for an independent pass at a different lighting before writing a finding.",data/processed\ESP_013948_1410_ESP_013236_1410\ESP_013236_1410_RED_C_01_ORTHO.ab_enh.png,,0.402,,,,,,,
ESP_013948_1410_RED_C_01_ORTHO.br_enh.png,828,1652,12,40,1.04,480,3.33,dark,2,0,0,0,False,1.0,1.0,32.9,no,0.6348,1.5499,0.7883,40.5,50.5,PROMISING,medium,,Strong single-image signal but not confirmed across band variants. Compare against the original product and look for the feature in a same-footprint sibling or an independent acquisition.,data/processed\ESP_013948_1410_ESP_013236_1410\ESP_013948_1410_RED_C_01_ORTHO.br_enh.png,,0.401,,,,,,,
diff_ESP_013236_1410_COLOR.browse_vs_ESP_013236_1410_RED.NOMAP.browse.png,512,4268,12,36,0.99,432,3.0,bright,2,0,0,0,False,1.0,1.0,50.56,no,0.8352,1.0062,0.885,40.5,50.5,PROMISING,medium,,Strong single-image signal but not confirmed across band variants. Compare against the original product and look for the feature in a same-footprint sibling or an independent acquisition.,data/processed\extras_compare\ESP_013236_1410\diff_ESP_013236_1410_COLOR.browse_vs_ESP_013236_1410_RED.NOMAP.browse.png,,0.402,,,,,,,
diff_ESP_013236_1410_RED.thumb_vs_ESP_013236_1410_RED.NOMAP.browse.png,260,1040,16,48,0.96,768,3.0,dark,2,0,0,0,False,1.0,1.0,48.43,no,0.9271,0.6139,0.834,40.5,50.5,PROMISING,medium,,Strong single-image signal but not confirmed across band variants. Compare against the original product and look for the feature in a same-footprint sibling or an independent acquisition.,data/processed\extras_compare\ESP_013236_1410\diff_ESP_013236_1410_RED.thumb_vs_ESP_013236_1410_RED.NOMAP.browse.png,,0.402,,,,,,,
ESP_013236_1410_IRB.NOMAP.thumb_enh.png,156,596,20,44,0.57,880,2.2,bright,2,1,1,0,False,1.0,0.981,70.49,no,0.8548,0.8835,0.6576,28.4,50.4,CONFIRMED-LEAD,high,small_blob,"Real feature confirmed at the same pixels in the corresponding band variant(s) of one acquisition. Fetch the EDR original, geolocate on Trek, and check for an independent pass at a different lighting before writing a finding.",data/processed\ESP_013236_1410\ESP_013236_1410_IRB.NOMAP.thumb_enh.png,,0.457,,,,,,,
ESP_013236_1410_RED.browse_enh.png,2696,9952,28,16,1.31,448,1.75,bright,3,2,0,2,False,1.0,1.0,33.98,no,0.7152,0.9562,0.9003,40.4,50.4,PROMISING,medium,small_blob,Strong single-image signal but not confirmed across band variants. Compare against the original product and look for the feature in a same-footprint sibling or an independent acquisition.,data/processed\ESP_013236_1410\ESP_013236_1410_RED.browse_enh.png,,0.390,,,,,,,
ESP_013236_1410_RGB.NOMAP.thumb_enh.png,156,596,20,44,0.57,880,2.2,bright,2,1,1,0,False,1.0,1.0,67.98,no,0.8526,0.9114,0.6637,28.4,50.4,CONFIRMED-LEAD,high,small_blob,"Real feature confirmed at the same pixels in the corresponding band variant(s) of one acquisition. Fetch the EDR original, geolocate on Trek, and check for an independent pass at a different lighting before writing a finding.",data/processed\ESP_013236_1410\ESP_013236_1410_RGB.NOMAP.thumb_enh.png,,0.457,,,,,,,
ESP_013948_1410_IRB.NOMAP.browse_enh.png,896,11408,16,28,1.53,448,1.75,dark,2,0,1,0,False,1.0,0.528,35.29,no,0.8069,1.3686,0.8828,32.4,50.4,CONFIRMED-LEAD,high,small_blob,"Real feature confirmed at the same pixels in the corresponding band variant(s) of one acquisition. Fetch the EDR original, geolocate on Trek, and check for an independent pass at a different lighting before writing a finding.",data/processed\ESP_013948_1410\ESP_013948_1410_IRB.NOMAP.browse_enh.png,,0.379,,,,,,,
ESP_013948_1410_RED_C_01_ORTHO.th_enh.png,236,2224,12,44,1.1,528,3.67,bright,2,0,0,1,False,0.95,1.0,58.83,no,0.9166,1.4564,0.8212,40.4,50.4,PROMISING,medium,,Strong single-image signal but not confirmed across band variants. Compare against the original product and look for the feature in a same-footprint sibling or an independent acquisition.,data/processed\ESP_013948_1410_ESP_013236_1410\ESP_013948_1410_RED_C_01_ORTHO.th_enh.png,,0.397,,,,,,,
diff_ESP_013236_1410_RED.browse_vs_ESP_013236_1410_RED.NOMAP.browse.png,412,3380,16,52,1.46,832,3.25,dark,2,0,0,0,False,1.0,0.656,49.01,no,0.7172,1.1774,0.8593,44.4,50.4,PROMISING,medium,,Strong single-image signal but not confirmed across band variants. Compare against the original product and look for the feature in a same-footprint sibling or an independent acquisition.,data/processed\extras_compare\ESP_013236_1410\diff_ESP_013236_1410_RED.browse_vs_ESP_013236_1410_RED.NOMAP.browse.png,,0.384,,,,,,,
diff_ESP_013236_1410_RED.thumb_vs_ESP_013236_1410_RED.NOMAP.browse.png,1468,624,12,44,1.1,528,3.67,bright,2,0,0,0,False,0.996,1.0,61.0,no,0.8515,0.5652,0.9538,40.4,50.4,PROMISING,medium,,Strong single-image signal but not confirmed across band variants. Compare against the original product and look for the feature in a same-footprint sibling or an independent acquisition.,data/processed\extras_compare\ESP_013236_1410\diff_ESP_013236_1410_RED.thumb_vs_ESP_013236_1410_RED.NOMAP.browse.png,,0.397,,,,,,,
diff_ESP_013236_1410_RED.thumb_vs_ESP_013236_1410_RED.NOMAP.browse.png,1952,6992,12,44,1.1,528,3.67,dark,2,0,0,0,False,0.993,1.0,82.65,no,0.9151,0.4296,0.942,40.4,50.4,PROMISING,medium,,Strong single-image signal but not confirmed across band variants. Compare against the original product and look for the feature in a same-footprint sibling or an independent acquisition.,data/processed\extras_compare\ESP_013236_1410\diff_ESP_013236_1410_RED.thumb_vs_ESP_013236_1410_RED.NOMAP.browse.png,,0.397,,,,,,,
diff_ESP_013236_1410_RGB.NOMAP.thumb_vs_ESP_013236_1410_RED.NOMAP.browse.png,140,4720,44,12,1.09,528,3.67,dark,2,0,0,0,False,1.0,1.0,81.05,no,0.9227,0.5723,0.981,40.4,50.4,PROMISING,medium,,Strong single-image signal but not confirmed across band variants. Compare against the original product and look for the feature in a same-footprint sibling or an independent acquisition.,data/processed\extras_compare\ESP_013236_1410\diff_ESP_013236_1410_RGB.NOMAP.thumb_vs_ESP_013236_1410_RED.NOMAP.browse.png,,0.397,,,,,,,
ESP_013948_1410_RGB.NOMAP.browse_enh.png,772,7580,32,28,0.35,896,1.14,bright,2,1,1,0,False,1.0,1.0,67.83,no,0.9007,1.0425,0.5685,28.3,50.3,CONFIRMED-LEAD,high,small_blob,"Real feature confirmed at the same pixels in the corresponding band variant(s) of one acquisition. Fetch the EDR original, geolocate on Trek, and check for an independent pass at a different lighting before writing a finding.",data/processed\ESP_013948_1410\ESP_013948_1410_RGB.NOMAP.browse_enh.png,,0.490,,,,,,,
ESP_013236_1410_IRB.NOMAP.thumb_enh.png,216,4120,20,28,0.98,560,1.4,dark,2,0,1,0,False,1.0,1.0,49.58,no,0.8088,0.9918,0.8134,28.2,50.2,CONFIRMED-LEAD,high,small_blob,"Real feature confirmed at the same pixels in the corresponding band variant(s) of one acquisition. Fetch the EDR original, geolocate on Trek, and check for an independent pass at a different lighting before writing a finding.",data/processed\ESP_013236_1410\ESP_013236_1410_IRB.NOMAP.thumb_enh.png,,0.402,,,,,,,
ESP_013236_1410_RED.NOMAP.browse_enh.png,3484,10052,28,64,1.2,1792,2.29,dark,2,0,0,0,False,1.0,0.253,45.1,no,0.7731,1.2245,0.9039,44.2,50.2,PROMISING,medium,,Strong single-image signal but not confirmed across band variants. Compare against the original product and look for the feature in a same-footprint sibling or an independent acquisition.,data/processed\ESP_013236_1410\ESP_013236_1410_RED.NOMAP.browse_enh.png,,0.390,,,,,,,
ESP_013236_1410_RED.abrowse_enh.png,1356,3952,28,60,0.03,1680,2.14,bright,3,2,0,2,False,1.0,0.285,81.83,no,0.9331,0.7121,0.7001,44.2,50.2,PROMISING,medium,,Strong single-image signal but not confirmed across band variants. Compare against the original product and look for the feature in a same-footprint sibling or an independent acquisition.,data/processed\ESP_013236_1410\ESP_013236_1410_RED.abrowse_enh.png,,0.498,,,,,,,
diff_ESP_013236_1410_RED.browse_vs_ESP_013236_1410_RED.NOMAP.browse.png,1468,7356,36,68,1.08,2448,1.89,bright,2,0,0,0,False,1.0,0.348,59.38,no,0.878,0.7671,0.9017,44.2,50.2,PROMISING,medium,,Strong single-image signal but not confirmed across band variants. Compare against the original product and look for the feature in a same-footprint sibling or an independent acquisition.,data/processed\extras_compare\ESP_013236_1410\diff_ESP_013236_1410_RED.browse_vs_ESP_013236_1410_RED.NOMAP.browse.png,,0.398,,,,,,,
ESP_013236_1410_RED.NOMAP.browse_enh.png,2492,13412,40,48,0.97,1920,1.2,dark,2,0,0,0,False,1.0,0.236,39.98,no,0.709,1.2609,0.6881,44.1,50.1,PROMISING,medium,,Strong single-image signal but not confirmed across band variants. Compare against the original product and look for the feature in a same-footprint sibling or an independent acquisition.,data/processed\ESP_013236_1410\ESP_013236_1410_RED.NOMAP.browse_enh.png,,0.402,,,,,,,
ESP_013236_1410_RGB.NOMAP.browse_enh.png,408,2044,16,16,1.48,256,1.0,bright,2,1,1,0,False,1.0,1.0,47.35,no,0.7671,0.6636,0.9739,28.1,50.1,CONFIRMED-LEAD,high,small_blob,"Real feature confirmed at the same pixels in the corresponding band variant(s) of one acquisition. Fetch the EDR original, geolocate on Trek, and check for an independent pass at a different lighting before writing a finding.",data/processed\ESP_013236_1410\ESP_013236_1410_RGB.NOMAP.browse_enh.png,,0.382,,,,,,,
ESP_013948_1410_RED.abrowse_enh.png,1880,7396,16,24,1.23,384,1.5,dark,3,2,0,2,False,1.0,1.0,29.91,no,0.7613,1.7103,0.7858,40.1,50.1,PROMISING,medium,small_blob,Strong single-image signal but not confirmed across band variants. Compare against the original product and look for the feature in a same-footprint sibling or an independent acquisition.,data/processed\ESP_013948_1410\ESP_013948_1410_RED.abrowse_enh.png,,0.390,,,,,,,
diff_ESP_013236_1410_COLOR.thumb_vs_ESP_013236_1410_RED.NOMAP.browse.png,1236,5860,12,40,1.0,480,3.33,bright,2,0,0,0,False,1.0,1.0,55.85,no,0.6025,1.3658,0.8453,40.1,50.1,PROMISING,medium,,Strong single-image signal but not confirmed across band variants. Compare against the original product and look for the feature in a same-footprint sibling or an independent acquisition.,data/processed\extras_compare\ESP_013236_1410\diff_ESP_013236_1410_COLOR.thumb_vs_ESP_013236_1410_RED.NOMAP.browse.png,,0.402,,,,,,,
diff_ESP_013236_1410_IRB.NOMAP.thumb_vs_ESP_013236_1410_RED.NOMAP.browse.png,932,6992,12,40,1.0,480,3.33,bright,2,0,0,0,False,1.0,1.0,76.54,no,0.9117,0.6783,0.9668,40.1,50.1,PROMISING,medium,,Strong single-image signal but not confirmed across band variants. Compare against the original product and look for the feature in a same-footprint sibling or an independent acquisition.,data/processed\extras_compare\ESP_013236_1410\diff_ESP_013236_1410_IRB.NOMAP.thumb_vs_ESP_013236_1410_RED.NOMAP.browse.png,,0.402,,,,,,,
diff_ESP_013236_1410_MIRB.thumb_vs_ESP_013236_1410_RED.NOMAP.browse.png,1544,1936,12,44,1.06,528,3.67,dark,2,0,0,0,False,0.992,1.0,63.93,no,0.869,0.8006,0.8782,40.1,50.1,PROMISING,medium,,Strong single-image signal but not confirmed across band variants. Compare against the original product and look for the feature in a same-footprint sibling or an independent acquisition.,data/processed\extras_compare\ESP_013236_1410\diff_ESP_013236_1410_MIRB.thumb_vs_ESP_013236_1410_RED.NOMAP.browse.png,,0.399,,,,,,,
diff_ESP_013236_1410_MRGB.abrowse_vs_ESP_013236_1410_RED.NOMAP.browse.png,1484,1412,12,36,0.94,432,3.0,dark,2,0,0,0,False,1.0,1.0,72.25,no,0.8721,0.5508,0.9383,40.1,50.1,PROMISING,medium,,Strong single-image signal but not confirmed across band variants. Compare against the original product and look for the feature in a same-footprint sibling or an independent acquisition.,data/processed\extras_compare\ESP_013236_1410\diff_ESP_013236_1410_MRGB.abrowse_vs_ESP_013236_1410_RED.NOMAP.browse.png,,0.402,,,,,,,
ESP_013236_1410_MIRB.browse_enh.png,2124,4480,24,24,0.19,576,1.0,dark,3,2,1,1,False,1.0,0.654,22.38,no,0.7709,1.5035,0.6899,32.0,50.0,CONFIRMED-LEAD,high,small_blob,"Real feature confirmed at the same pixels in the corresponding band variant(s) of one acquisition. Fetch the EDR original, geolocate on Trek, and check for an independent pass at a different lighting before writing a finding.",data/processed\ESP_013236_1410\ESP_013236_1410_MIRB.browse_enh.png,,0.498,,,,,,,
ESP_013236_1410_RED.NOMAP.browse_enh.png,2784,13204,12,40,1.9,480,3.33,dark,2,0,0,0,False,1.0,0.0,23.54,no,0.7278,1.8617,0.7914,48.0,50.0,PROMISING,medium,,Strong single-image signal but not confirmed across band variants. Compare against the original product and look for the feature in a same-footprint sibling or an independent acquisition.,data/processed\ESP_013236_1410\ESP_013236_1410_RED.NOMAP.browse_enh.png,,0.376,,,,,,,
ESP_013236_1410_RED.abrowse_enh.png,2104,4756,20,44,1.32,880,2.2,dark,3,2,0,2,False,1.0,0.973,40.9,no,0.8631,1.0747,0.9499,40.0,50.0,PROMISING,medium,small_blob,Strong single-image signal but not confirmed across band variants. Compare against the original product and look for the feature in a same-footprint sibling or an independent acquisition.,data/processed\ESP_013236_1410\ESP_013236_1410_RED.abrowse_enh.png,,0.390,,,,,,,
ESP_013948_1410_RED.NOMAP.browse_enh.png,2756,8904,28,56,1.13,1568,2.0,dark,2,0,0,0,False,1.0,0.469,35.95,no,0.8499,1.3332,0.9508,44.0,50.0,PROMISING,medium,,Strong single-image signal but not confirmed across band variants. Compare against the original product and look for the feature in a same-footprint sibling or an independent acquisition.,data/processed\ESP_013948_1410\ESP_013948_1410_RED.NOMAP.browse_enh.png,,0.395,,,,,,,
diff_ESP_013236_1410_COLOR.thumb_vs_ESP_013236_1410_RED.NOMAP.browse.png,772,620,36,56,0.56,2016,1.56,dark,2,0,0,0,False,1.0,1.0,62.46,no,0.9054,0.582,0.8595,40.0,50.0,PROMISING,medium,,Strong single-image signal but not confirmed across band variants. Compare against the original product and look for the feature in a same-footprint sibling or an independent acquisition.,data/processed\extras_compare\ESP_013236_1410\diff_ESP_013236_1410_COLOR.thumb_vs_ESP_013236_1410_RED.NOMAP.browse.png,,0.460,,,,,,,
diff_ESP_013236_1410_IRB.NOMAP.thumb_vs_ESP_013236_1410_RED.NOMAP.browse.png,92,3316,12,40,0.99,480,3.33,bright,2,0,0,0,False,1.0,1.0,79.9,no,0.7041,1.2672,0.9859,40.0,50.0,PROMISING,medium,,Strong single-image signal but not confirmed across band variants. Compare against the original product and look for the feature in a same-footprint sibling or an independent acquisition.,data/processed\extras_compare\ESP_013236_1410\diff_ESP_013236_1410_IRB.NOMAP.thumb_vs_ESP_013236_1410_RED.NOMAP.browse.png,,0.402,,,,,,,
diff_ESP_013236_1410_MIRB.browse_vs_ESP_013236_1410_RED.NOMAP.browse.png,1484,1416,12,36,0.93,432,3.0,dark,2,0,0,0,False,1.0,1.0,73.64,no,0.8672,0.5942,0.9152,40.0,50.0,PROMISING,medium,,Strong single-image signal but not confirmed across band variants. Compare against the original product and look for the feature in a same-footprint sibling or an independent acquisition.,data/processed\extras_compare\ESP_013236_1410\diff_ESP_013236_1410_MIRB.browse_vs_ESP_013236_1410_RED.NOMAP.browse.png,,0.402,,,,,,,
ESP_013236_1410_IRB.NOMAP.browse_enh.png,428,11396,24,20,0.34,480,1.2,dark,2,1,1,0,False,1.0,1.0,33.08,no,0.6287,1.5181,0.9738,27.9,49.9,CONFIRMED-LEAD,high,small_blob,"Real feature confirmed at the same pixels in the corresponding band variant(s) of one acquisition. Fetch the EDR original, geolocate on Trek, and check for an independent pass at a different lighting before writing a finding.",data/processed\ESP_013236_1410\ESP_013236_1410_IRB.NOMAP.browse_enh.png,,0.490,,,,,,,
ESP_013948_1410_RED.NOMAP.browse_enh.png,2628,12688,44,56,0.93,2464,1.27,dark,2,0,0,0,False,1.0,0.268,40.53,no,0.7198,1.3498,0.8677,43.9,49.9,PROMISING,low,,Strong single-image signal but not confirmed across band variants. Compare against the original product and look for the feature in a same-footprint sibling or an independent acquisition.,data/processed\ESP_013948_1410\ESP_013948_1410_RED.NOMAP.browse_enh.png,,0.402,,,,,,,
ESP_013236_1410_RED_C_01_ORTHO.ab_enh.png,1216,5692,32,24,2.75,768,1.33,bright,2,0,0,1,False,1.0,0.355,23.76,no,0.79,1.5429,0.8245,43.9,49.9,PROMISING,low,small_blob,Strong single-image signal but not confirmed across band variants. Compare against the original product and look for the feature in a same-footprint sibling or an independent acquisition.,data/processed\ESP_013948_1410_ESP_013236_1410\ESP_013236_1410_RED_C_01_ORTHO.ab_enh.png,,0.225,,,,,,,
diff_ESP_013236_1410_COLOR.browse_vs_ESP_013236_1410_RED.NOMAP.browse.png,1784,5040,36,52,0.54,1872,1.44,dark,2,0,0,0,False,1.0,1.0,61.25,no,0.6732,1.4284,0.9376,39.9,49.9,PROMISING,low,,Strong single-image signal but not confirmed across band variants. Compare against the original product and look for the feature in a same-footprint sibling or an independent acquisition.,data/processed\extras_compare\ESP_013236_1410\diff_ESP_013236_1410_COLOR.browse_vs_ESP_013236_1410_RED.NOMAP.browse.png,,0.463,,,,,,,
diff_ESP_013236_1410_RED.abrowse_vs_ESP_013236_1410_RED.NOMAP.browse.png,1176,6008,12,36,0.92,432,3.0,dark,2,0,0,0,False,1.0,1.0,67.52,no,0.7271,1.3723,0.9072,39.9,49.9,PROMISING,low,,Strong single-image signal but not confirmed across band variants. Compare against the original product and look for the feature in a same-footprint sibling or an independent acquisition.,data/processed\extras_compare\ESP_013236_1410\diff_ESP_013236_1410_RED.abrowse_vs_ESP_013236_1410_RED.NOMAP.browse.png,,0.403,,,,,,,
diff_ESP_013236_1410_RED.thumb_vs_ESP_013236_1410_RED.NOMAP.browse.png,360,5168,12,40,0.98,480,3.33,bright,2,0,0,0,False,0.993,1.0,74.16,no,0.9097,0.6434,0.9472,39.9,49.9,PROMISING,low,,Strong single-image signal but not confirmed across band variants. Compare against the original product and look for the feature in a same-footprint sibling or an independent acquisition.,data/processed\extras_compare\ESP_013236_1410\diff_ESP_013236_1410_RED.thumb_vs_ESP_013236_1410_RED.NOMAP.browse.png,,0.402,,,,,,,
diff_ESP_013236_1410_RGB.NOMAP.browse_vs_ESP_013236_1410_RED.NOMAP.browse.png,1716,5880,56,16,0.99,896,3.5,bright,2,0,0,0,False,1.0,0.926,85.38,no,0.9143,0.7888,0.8954,39.9,49.9,PROMISING,low,,Strong single-image signal but not confirmed across band variants. Compare against the original product and look for the feature in a same-footprint sibling or an independent acquisition.,data/processed\extras_compare\ESP_013236_1410\diff_ESP_013236_1410_RGB.NOMAP.browse_vs_ESP_013236_1410_RED.NOMAP.browse.png,,0.402,,,,,,,
diff_ESP_013236_1410_RGB.NOMAP.thumb_vs_ESP_013236_1410_RED.NOMAP.browse.png,188,3308,12,40,1.89,480,3.33,bright,2,0,0,0,False,1.0,0.0,47.42,no,0.5153,2.1902,0.8442,47.9,49.9,PROMISING,low,,Strong single-image signal but not confirmed across band variants. Compare against the original product and look for the feature in a same-footprint sibling or an independent acquisition.,data/processed\extras_compare\ESP_013236_1410\diff_ESP_013236_1410_RGB.NOMAP.thumb_vs_ESP_013236_1410_RED.NOMAP.browse.png,,0.376,,,,,,,
ESP_013236_1410_IRB.NOMAP.browse_enh.png,712,2740,20,20,0.3,400,1.0,bright,2,1,1,0,False,1.0,1.0,59.62,no,0.764,1.0176,0.8452,27.8,49.8,CONFIRMED-LEAD,high,small_blob,"Real feature confirmed at the same pixels in the corresponding band variant(s) of one acquisition. Fetch the EDR original, geolocate on Trek, and check for an independent pass at a different lighting before writing a finding.",data/processed\ESP_013236_1410\ESP_013236_1410_IRB.NOMAP.browse_enh.png,,0.495,,,,,,,
ESP_013236_1410_RED.NOMAP.browse_enh.png,3828,10332,24,76,1.31,1824,3.17,dark,2,0,0,0,False,1.0,0.204,37.97,no,0.781,1.5331,0.8292,43.8,49.8,PROMISING,low,,Strong single-image signal but not confirmed across band variants. Compare against the original product and look for the feature in a same-footprint sibling or an independent acquisition.,data/processed\ESP_013236_1410\ESP_013236_1410_RED.NOMAP.browse_enh.png,,0.390,,,,,,,
ESP_013948_1410_RED.browse_enh.png,2160,5056,20,16,1.72,320,1.25,bright,2,1,0,2,False,1.0,0.909,41.35,no,0.8733,0.8166,0.9724,39.8,49.8,PROMISING,low,small_blob,Strong single-image signal but not confirmed across band variants. Compare against the original product and look for the feature in a same-footprint sibling or an independent acquisition.,data/processed\ESP_013948_1410\ESP_013948_1410_RED.browse_enh.png,,0.376,,,,,,,
ESP_013948_1410_RGB.NOMAP.browse_enh.png,700,10776,16,20,0.35,320,1.25,dark,2,1,1,0,False,1.0,0.88,42.45,no,0.6642,1.5438,0.961,27.8,49.8,CONFIRMED-LEAD,high,small_blob,"Real feature confirmed at the same pixels in the corresponding band variant(s) of one acquisition. Fetch the EDR original, geolocate on Trek, and check for an independent pass at a different lighting before writing a finding.",data/processed\ESP_013948_1410\ESP_013948_1410_RGB.NOMAP.browse_enh.png,,0.490,,,,,,,
DTEEC_013948_1410_013236_1410_A01.sa_enh.png,636,2520,40,84,0.57,3360,2.1,dark,2,0,0,0,False,1.0,1.0,84.95,no,0.932,0.5988,0.7572,39.8,49.8,PROMISING,low,,Strong single-image signal but not confirmed across band variants. Compare against the original product and look for the feature in a same-footprint sibling or an independent acquisition.,data/processed\ESP_013948_1410_ESP_013236_1410\DTEEC_013948_1410_013236_1410_A01.sa_enh.png,,0.457,,,,,,,
ESP_013948_1410_RED_C_01_ORTHO.ab_enh.png,1992,3836,12,36,0.9,432,3.0,dark,2,0,0,1,False,1.0,1.0,42.62,no,0.6957,1.6006,0.6249,39.8,49.8,PROMISING,low,,Strong single-image signal but not confirmed across band variants. Compare against the original product and look for the feature in a same-footprint sibling or an independent acquisition.,data/processed\ESP_013948_1410_ESP_013236_1410\ESP_013948_1410_RED_C_01_ORTHO.ab_enh.png,,0.405,,,,,,,
diff_ESP_013236_1410_MIRB.browse_vs_ESP_013236_1410_RED.NOMAP.browse.png,1456,2740,12,36,0.9,432,3.0,dark,2,0,0,0,False,1.0,1.0,67.49,no,0.836,0.902,0.8516,39.8,49.8,PROMISING,low,,Strong single-image signal but not confirmed across band variants. Compare against the original product and look for the feature in a same-footprint sibling or an independent acquisition.,data/processed\extras_compare\ESP_013236_1410\diff_ESP_013236_1410_MIRB.browse_vs_ESP_013236_1410_RED.NOMAP.browse.png,,0.405,,,,,,,
diff_ESP_013236_1410_MIRB.thumb_vs_ESP_013236_1410_RED.NOMAP.browse.png,1484,1412,12,40,0.96,480,3.33,dark,2,0,0,0,False,1.0,1.0,75.55,no,0.9062,0.5857,0.8957,39.8,49.8,PROMISING,low,,Strong single-image signal but not confirmed across band variants. Compare against the original product and look for the feature in a same-footprint sibling or an independent acquisition.,data/processed\extras_compare\ESP_013236_1410\diff_ESP_013236_1410_MIRB.thumb_vs_ESP_013236_1410_RED.NOMAP.browse.png,,0.402,,,,,,,
diff_ESP_013236_1410_MRGB.abrowse_vs_ESP_013236_1410_RED.NOMAP.browse.png,1232,5820,28,80,0.77,2240,2.86,bright,2,0,0,0,False,1.0,1.0,73.97,no,0.8049,1.324,0.7681,39.8,49.8,PROMISING,low,,Strong single-image signal but not confirmed across band variants. Compare against the original product and look for the feature in a same-footprint sibling or an independent acquisition.,data/processed\extras_compare\ESP_013236_1410\diff_ESP_013236_1410_MRGB.abrowse_vs_ESP_013236_1410_RED.NOMAP.browse.png,,0.420,,,,,,,
ESP_013236_1410_RED.NOMAP.browse_enh.png,2468,11388,16,24,2.32,384,1.5,dark,2,0,0,0,False,1.0,1.0,24.3,no,0.8169,0.9969,0.9913,39.7,49.7,PROMISING,low,small_blob,Strong single-image signal but not confirmed across band variants. Compare against the original product and look for the feature in a same-footprint sibling or an independent acquisition.,data/processed\ESP_013236_1410\ESP_013236_1410_RED.NOMAP.browse_enh.png,,0.376,,,,,,,
ESP_013236_1410_RED.browse_enh.png,2372,9456,64,68,0.07,4352,1.06,dark,3,2,0,2,False,1.0,0.185,45.31,no,0.9147,0.7782,0.2778,47.7,49.7,PROMISING,low,,Strong single-image signal but not confirmed across band variants. Compare against the original product and look for the feature in a same-footprint sibling or an independent acquisition.,data/processed\ESP_013236_1410\ESP_013236_1410_RED.browse_enh.png,,0.498,,,,,,,
ESP_013236_1410_IRB_C_01_ORTHO.ab_enh.png,1204,4800,16,28,1.0,448,1.75,dark,2,0,1,0,False,1.0,1.0,39.04,no,0.8595,1.0167,0.756,27.7,49.7,CONFIRMED-LEAD,high,small_blob,"Real feature confirmed at the same pixels in the corresponding band variant(s) of one acquisition. Fetch the EDR original, geolocate on Trek, and check for an independent pass at a different lighting before writing a finding.",data/processed\ESP_013948_1410_ESP_013236_1410\ESP_013236_1410_IRB_C_01_ORTHO.ab_enh.png,,0.402,,,,,,,
diff_ESP_013236_1410_COLOR.thumb_vs_ESP_013236_1410_RED.NOMAP.browse.png,1024,5440,12,40,0.95,480,3.33,bright,2,0,0,0,False,1.0,1.0,64.24,no,0.8767,0.7196,0.9109,39.7,49.7,PROMISING,low,,Strong single-image signal but not confirmed across band variants. Compare against the original product and look for the feature in a same-footprint sibling or an independent acquisition.,data/processed\extras_compare\ESP_013236_1410\diff_ESP_013236_1410_COLOR.thumb_vs_ESP_013236_1410_RED.NOMAP.browse.png,,0.402,,,,,,,
diff_ESP_013236_1410_COLOR.thumb_vs_ESP_013236_1410_RED.NOMAP.browse.png,1352,7276,16,56,0.96,896,3.5,dark,2,0,0,0,False,1.0,0.869,38.05,no,0.7265,1.3359,0.8931,39.7,49.7,PROMISING,low,,Strong single-image signal but not confirmed across band variants. Compare against the original product and look for the feature in a same-footprint sibling or an independent acquisition.,data/processed\extras_compare\ESP_013236_1410\diff_ESP_013236_1410_COLOR.thumb_vs_ESP_013236_1410_RED.NOMAP.browse.png,,0.402,,,,,,,
diff_ESP_013236_1410_MIRB.thumb_vs_ESP_013236_1410_RED.NOMAP.browse.png,1080,5688,12,40,1.87,480,3.33,bright,2,0,0,0,False,1.0,0.0,34.27,no,0.6581,1.3084,0.8975,47.7,49.7,PROMISING,low,,Strong single-image signal but not confirmed across band variants. Compare against the original product and look for the feature in a same-footprint sibling or an independent acquisition.,data/processed\extras_compare\ESP_013236_1410\diff_ESP_013236_1410_MIRB.thumb_vs_ESP_013236_1410_RED.NOMAP.browse.png,,0.376,,,,,,,
diff_ESP_013236_1410_RED.abrowse_vs_ESP_013236_1410_RED.NOMAP.browse.png,744,2168,12,44,1.02,528,3.67,bright,2,0,0,0,False,1.0,1.0,60.52,no,0.7861,0.9101,0.8487,39.7,49.7,PROMISING,low,,Strong single-image signal but not confirmed across band variants. Compare against the original product and look for the feature in a same-footprint sibling or an independent acquisition.,data/processed\extras_compare\ESP_013236_1410\diff_ESP_013236_1410_RED.abrowse_vs_ESP_013236_1410_RED.NOMAP.browse.png,,0.402,,,,,,,
diff_ESP_013236_1410_RED.browse_vs_ESP_013236_1410_RED.NOMAP.browse.png,1456,2740,12,36,0.89,432,3.0,dark,2,0,0,0,False,1.0,1.0,68.2,no,0.8475,0.8024,0.7864,39.7,49.7,PROMISING,low,,Strong single-image signal but not confirmed across band variants. Compare against the original product and look for the feature in a same-footprint sibling or an independent acquisition.,data/processed\extras_compare\ESP_013236_1410\diff_ESP_013236_1410_RED.browse_vs_ESP_013236_1410_RED.NOMAP.browse.png,,0.405,,,,,,,
diff_ESP_013236_1410_RGB.NOMAP.browse_vs_ESP_013236_1410_RED.NOMAP.browse.png,1740,884,44,12,1.02,528,3.67,bright,2,0,0,0,False,1.0,1.0,55.86,no,0.7477,1.2646,0.8377,39.7,49.7,PROMISING,low,,Strong single-image signal but not confirmed across band variants. Compare against the original product and look for the feature in a same-footprint sibling or an independent acquisition.,data/processed\extras_compare\ESP_013236_1410\diff_ESP_013236_1410_RGB.NOMAP.browse_vs_ESP_013236_1410_RED.NOMAP.browse.png,,0.402,,,,,,,
diff_ESP_013236_1410_RGB.NOMAP.thumb_vs_ESP_013236_1410_RED.NOMAP.browse.png,596,3228,40,12,0.95,480,3.33,dark,2,0,0,0,False,1.0,1.0,84.08,no,0.919,0.8324,0.8938,39.7,49.7,PROMISING,low,,Strong single-image signal but not confirmed across band variants. Compare against the original product and look for the feature in a same-footprint sibling or an independent acquisition.,data/processed\extras_compare\ESP_013236_1410\diff_ESP_013236_1410_RGB.NOMAP.thumb_vs_ESP_013236_1410_RED.NOMAP.browse.png,,0.402,,,,,,,
ESP_013236_1410_RED.NOMAP.browse_enh.png,3584,7604,16,24,2.31,384,1.5,dark,2,0,0,0,False,1.0,1.0,24.94,no,0.811,1.3668,0.9321,39.6,49.6,PROMISING,low,small_blob,Strong single-image signal but not confirmed across band variants. Compare against the original product and look for the feature in a same-footprint sibling or an independent acquisition.,data/processed\ESP_013236_1410\ESP_013236_1410_RED.NOMAP.browse_enh.png,,0.376,,,,,,,
ESP_013236_1410_RED.NOMAP.browse_enh.png,2320,8456,16,52,1.36,832,3.25,dark,2,0,0,0,False,1.0,0.576,26.44,no,0.7514,1.9999,0.7036,43.6,49.6,PROMISING,low,,Strong single-image signal but not confirmed across band variants. Compare against the original product and look for the feature in a same-footprint sibling or an independent acquisition.,data/processed\ESP_013236_1410\ESP_013236_1410_RED.NOMAP.browse_enh.png,,0.388,,,,,,,
ESP_013236_1410_RED.NOMAP.browse_enh.png,2504,9580,28,20,2.28,560,1.4,dark,2,0,0,0,False,1.0,1.0,21.21,no,0.7785,1.6481,0.934,39.6,49.6,PROMISING,low,small_blob,Strong single-image signal but not confirmed across band variants. Compare against the original product and look for the feature in a same-footprint sibling or an independent acquisition.,data/processed\ESP_013236_1410\ESP_013236_1410_RED.NOMAP.browse_enh.png,,0.376,,,,,,,
ESP_013236_1410_RED.abrowse_enh.png,1536,3052,28,56,0.05,1568,2.0,dark,2,1,0,2,False,0.8,0.892,58.88,no,0.8926,0.9675,0.409,39.6,49.6,PROMISING,low,,Strong single-image signal but not confirmed across band variants. Compare against the original product and look for the feature in a same-footprint sibling or an independent acquisition.,data/processed\ESP_013236_1410\ESP_013236_1410_RED.abrowse_enh.png,,0.498,,,,,,,
ESP_013236_1410_RED.browse_enh.png,2632,9896,28,28,1.51,784,1.0,dark,3,2,0,2,False,1.0,0.576,29.88,no,0.7189,1.014,0.8781,43.6,49.6,PROMISING,low,small_blob,Strong single-image signal but not confirmed across band variants. Compare against the original product and look for the feature in a same-footprint sibling or an independent acquisition.,data/processed\ESP_013236_1410\ESP_013236_1410_RED.browse_enh.png,,0.379,,,,,,,
ESP_013236_1410_RGB.NOMAP.browse_enh.png,460,7624,20,24,0.31,480,1.2,dark,2,1,1,0,False,1.0,0.96,29.18,no,0.6934,1.3993,0.5911,27.6,49.6,CONFIRMED-LEAD,high,small_blob,"Real feature confirmed at the same pixels in the corresponding band variant(s) of one acquisition. Fetch the EDR original, geolocate on Trek, and check for an independent pass at a different lighting before writing a finding.",data/processed\ESP_013236_1410\ESP_013236_1410_RGB.NOMAP.browse_enh.png,,0.493,,,,,,,
ESP_013948_1410_RED.NOMAP.browse_enh.png,2220,1852,32,56,0.57,1792,1.75,bright,2,0,0,0,False,1.0,0.814,56.45,no,0.8701,0.92,0.8543,39.6,49.6,PROMISING,low,,Strong single-image signal but not confirmed across band variants. Compare against the original product and look for the feature in a same-footprint sibling or an independent acquisition.,data/processed\ESP_013948_1410\ESP_013948_1410_RED.NOMAP.browse_enh.png,,0.457,,,,,,,
ESP_013948_1410_RED.NOMAP.browse_enh.png,3032,10920,32,52,1.46,1664,1.62,dark,2,0,0,0,False,1.0,0.169,41.47,no,0.7441,1.5151,0.8036,47.6,49.6,PROMISING,low,,Strong single-image signal but not confirmed across band variants. Compare against the original product and look for the feature in a same-footprint sibling or an independent acquisition.,data/processed\ESP_013948_1410\ESP_013948_1410_RED.NOMAP.browse_enh.png,,0.384,,,,,,,
DTEEC_013948_1410_013236_1410_A01.st_enh.png,568,344,16,28,2.36,448,1.75,dark,2,0,0,0,False,1.0,1.0,32.09,no,0.827,1.4772,0.9108,39.6,49.6,PROMISING,low,small_blob,Strong single-image signal but not confirmed across band variants. Compare against the original product and look for the feature in a same-footprint sibling or an independent acquisition.,data/processed\ESP_013948_1410_ESP_013236_1410\DTEEC_013948_1410_013236_1410_A01.st_enh.png,,0.376,,,,,,,
ESP_013948_1410_RED_C_01_ORTHO.br_enh.png,1016,5336,28,56,0.63,1568,2.0,dark,2,0,0,0,False,1.0,1.0,57.42,no,0.9141,0.7648,0.8072,39.6,49.6,PROMISING,low,,Strong single-image signal but not confirmed across band variants. Compare against the original product and look for the feature in a same-footprint sibling or an independent acquisition.,data/processed\ESP_013948_1410_ESP_013236_1410\ESP_013948_1410_RED_C_01_ORTHO.br_enh.png,,0.445,,,,,,,
diff_ESP_013236_1410_RGB.NOMAP.thumb_vs_ESP_013236_1410_RED.NOMAP.browse.png,828,692,40,12,0.94,480,3.33,bright,2,0,0,0,False,1.0,1.0,79.81,no,0.8418,0.9346,0.7933,39.6,49.6,PROMISING,low,,Strong single-image signal but not confirmed across band variants. Compare against the original product and look for the feature in a same-footprint sibling or an independent acquisition.,data/processed\extras_compare\ESP_013236_1410\diff_ESP_013236_1410_RGB.NOMAP.thumb_vs_ESP_013236_1410_RED.NOMAP.browse.png,,0.402,,,,,,,
diff_ESP_013236_1410_RGB.NOMAP.thumb_vs_ESP_013236_1410_RED.NOMAP.browse.png,1412,6072,80,24,0.86,1920,3.33,bright,2,0,0,0,False,1.0,1.0,94.85,no,0.9512,0.4356,0.8742,39.6,49.6,PROMISING,low,,Strong single-image signal but not confirmed across band variants. Compare against the original product and look for the feature in a same-footprint sibling or an independent acquisition.,data/processed\extras_compare\ESP_013236_1410\diff_ESP_013236_1410_RGB.NOMAP.thumb_vs_ESP_013236_1410_RED.NOMAP.browse.png,,0.407,,,,,,,
ESP_013236_1410_RED.NOMAP.browse_enh.png,1748,14520,12,40,0.93,480,3.33,dark,2,0,0,0,False,1.0,1.0,58.6,no,0.9118,0.9027,0.9069,39.5,49.5,PROMISING,low,,Strong single-image signal but not confirmed across band variants. Compare against the original product and look for the feature in a same-footprint sibling or an independent acquisition.,data/processed\ESP_013236_1410\ESP_013236_1410_RED.NOMAP.browse_enh.png,,0.402,,,,,,,
ESP_013948_1410_RED.NOMAP.thumb_enh.png,260,3344,24,36,2.27,864,1.5,bright,2,0,0,0,False,1.0,1.0,34.42,no,0.8573,1.0091,0.9244,39.5,49.5,PROMISING,low,small_blob,Strong single-image signal but not confirmed across band variants. Compare against the original product and look for the feature in a same-footprint sibling or an independent acquisition.,data/processed\ESP_013948_1410\ESP_013948_1410_RED.NOMAP.thumb_enh.png,,0.376,,,,,,,
ESP_013948_1410_RGB.NOMAP.browse_enh.png,744,2344,20,20,0.26,400,1.0,bright,2,1,1,0,False,1.0,1.0,63.96,no,0.7348,1.016,0.6583,27.5,49.5,CONFIRMED-LEAD,high,small_blob,"Real feature confirmed at the same pixels in the corresponding band variant(s) of one acquisition. Fetch the EDR original, geolocate on Trek, and check for an independent pass at a different lighting before writing a finding.",data/processed\ESP_013948_1410\ESP_013948_1410_RGB.NOMAP.browse_enh.png,,0.496,,,,,,,
diff_ESP_013236_1410_COLOR.abrowse_vs_ESP_013236_1410_RED.NOMAP.browse.png,1092,4392,12,36,1.79,432,3.0,dark,2,0,0,0,False,1.0,0.0,37.88,no,0.673,1.2436,0.9014,47.5,49.5,PROMISING,low,,Strong single-image signal but not confirmed across band variants. Compare against the original product and look for the feature in a same-footprint sibling or an independent acquisition.,data/processed\extras_compare\ESP_013236_1410\diff_ESP_013236_1410_COLOR.abrowse_vs_ESP_013236_1410_RED.NOMAP.browse.png,,0.376,,,,,,,
diff_ESP_013236_1410_IRB.NOMAP.browse_vs_ESP_013236_1410_RED.NOMAP.browse.png,236,772,40,12,0.93,480,3.33,dark,2,0,0,0,False,0.987,1.0,67.16,no,0.9079,0.7071,0.8198,39.5,49.5,PROMISING,low,,Strong single-image signal but not confirmed across band variants. Compare against the original product and look for the feature in a same-footprint sibling or an independent acquisition.,data/processed\extras_compare\ESP_013236_1410\diff_ESP_013236_1410_IRB.NOMAP.browse_vs_ESP_013236_1410_RED.NOMAP.browse.png,,0.402,,,,,,,
diff_ESP_013236_1410_MRGB.abrowse_vs_ESP_013236_1410_RED.NOMAP.browse.png,1112,924,12,20,2.34,240,1.67,bright,2,0,0,0,False,1.0,1.0,38.22,no,0.7562,0.972,0.9433,39.5,49.5,PROMISING,low,small_blob,Strong single-image signal but not confirmed across band variants. Compare against the original product and look for the feature in a same-footprint sibling or an independent acquisition.,data/processed\extras_compare\ESP_013236_1410\diff_ESP_013236_1410_MRGB.abrowse_vs_ESP_013236_1410_RED.NOMAP.browse.png,,0.376,,,,,,,
diff_ESP_013236_1410_MRGB.thumb_vs_ESP_013236_1410_RED.NOMAP.browse.png,1892,4620,12,36,1.78,432,3.0,dark,2,0,0,0,False,1.0,0.0,34.23,no,0.7109,1.1273,0.9547,47.5,49.5,PROMISING,low,,Strong single-image signal but not confirmed across band variants. Compare against the original product and look for the feature in a same-footprint sibling or an independent acquisition.,data/processed\extras_compare\ESP_013236_1410\diff_ESP_013236_1410_MRGB.thumb_vs_ESP_013236_1410_RED.NOMAP.browse.png,,0.376,,,,,,,
diff_ESP_013236_1410_RED.browse_vs_ESP_013236_1410_RED.NOMAP.browse.png,980,4784,12,32,2.53,384,2.67,bright,2,0,0,0,False,1.0,1.0,36.38,no,0.8165,1.0661,0.9278,39.5,49.5,PROMISING,low,small_blob,Strong single-image signal but not confirmed across band variants. Compare against the original product and look for the feature in a same-footprint sibling or an independent acquisition.,data/processed\extras_compare\ESP_013236_1410\diff_ESP_013236_1410_RED.browse_vs_ESP_013236_1410_RED.NOMAP.browse.png,,0.314,,,,,,,
ESP_013236_1410_IRB.NOMAP.browse_enh.png,40,1684,32,32,0.67,1024,1.0,bright,2,1,1,0,False,1.0,0.592,53.76,no,0.8337,1.0511,0.9003,31.4,49.4,CONFIRMED-LEAD,high,small_blob,"Real feature confirmed at the same pixels in the corresponding band variant(s) of one acquisition. Fetch the EDR original, geolocate on Trek, and check for an independent pass at a different lighting before writing a finding.",data/processed\ESP_013236_1410\ESP_013236_1410_IRB.NOMAP.browse_enh.png,,0.438,,,,,,,
ESP_013236_1410_IRB.NOMAP.browse_enh.png,460,7624,20,24,0.28,480,1.2,dark,2,1,1,0,False,1.0,0.865,29.54,no,0.7076,1.3605,0.5841,27.4,49.4,CONFIRMED-LEAD,high,small_blob,"Real feature confirmed at the same pixels in the corresponding band variant(s) of one acquisition. Fetch the EDR original, geolocate on Trek, and check for an independent pass at a different lighting before writing a finding.",data/processed\ESP_013236_1410\ESP_013236_1410_IRB.NOMAP.browse_enh.png,,0.495,,,,,,,
ESP_013948_1410_RED.NOMAP.thumb_enh.png,880,2428,20,20,2.19,400,1.0,dark,2,0,0,0,False,1.0,1.0,39.84,no,0.7123,1.4771,0.8611,39.4,49.4,PROMISING,low,small_blob,Strong single-image signal but not confirmed across band variants. Compare against the original product and look for the feature in a same-footprint sibling or an independent acquisition.,data/processed\ESP_013948_1410\ESP_013948_1410_RED.NOMAP.thumb_enh.png,,0.376,,,,,,,
diff_ESP_013236_1410_COLOR.browse_vs_ESP_013236_1410_RED.NOMAP.browse.png,1728,7436,12,36,0.86,432,3.0,bright,2,0,0,0,False,1.0,1.0,77.12,no,0.8694,0.7051,0.8578,39.4,49.4,PROMISING,low,,Strong single-image signal but not confirmed across band variants. Compare against the original product and look for the feature in a same-footprint sibling or an independent acquisition.,data/processed\extras_compare\ESP_013236_1410\diff_ESP_013236_1410_COLOR.browse_vs_ESP_013236_1410_RED.NOMAP.browse.png,,0.407,,,,,,,
diff_ESP_013236_1410_MRGB.browse_vs_ESP_013236_1410_RED.NOMAP.browse.png,884,2384,12,40,0.92,480,3.33,dark,2,0,0,0,False,1.0,1.0,73.68,no,0.8754,0.5409,0.9049,39.4,49.4,PROMISING,low,,Strong single-image signal but not confirmed across band variants. Compare against the original product and look for the feature in a same-footprint sibling or an independent acquisition.,data/processed\extras_compare\ESP_013236_1410\diff_ESP_013236_1410_MRGB.browse_vs_ESP_013236_1410_RED.NOMAP.browse.png,,0.403,,,,,,,
diff_ESP_013236_1410_MRGB.thumb_vs_ESP_013236_1410_RED.NOMAP.browse.png,1484,1400,16,56,0.93,896,3.5,dark,2,0,0,0,False,1.0,1.0,76.95,no,0.924,0.6652,0.8766,39.4,49.4,PROMISING,low,,Strong single-image signal but not confirmed across band variants. Compare against the original product and look for the feature in a same-footprint sibling or an independent acquisition.,data/processed\extras_compare\ESP_013236_1410\diff_ESP_013236_1410_MRGB.thumb_vs_ESP_013236_1410_RED.NOMAP.browse.png,,0.402,,,,,,,
diff_ESP_013236_1410_RED.abrowse_vs_ESP_013236_1410_RED.NOMAP.browse.png,1112,924,16,24,2.29,384,1.5,bright,2,0,0,0,False,1.0,1.0,34.82,no,0.7955,0.9212,0.9646,39.4,49.4,PROMISING,low,small_blob,Strong single-image signal but not confirmed across band variants. Compare against the original product and look for the feature in a same-footprint sibling or an independent acquisition.,data/processed\extras_compare\ESP_013236_1410\diff_ESP_013236_1410_RED.abrowse_vs_ESP_013236_1410_RED.NOMAP.browse.png,,0.376,,,,,,,
diff_ESP_013236_1410_RED.abrowse_vs_ESP_013236_1410_RED.NOMAP.browse.png,1716,3720,12,36,0.86,432,3.0,bright,2,0,0,0,False,1.0,1.0,65.35,no,0.8496,1.4224,0.8073,39.4,49.4,PROMISING,low,,Strong single-image signal but not confirmed across band variants. Compare against the original product and look for the feature in a same-footprint sibling or an independent acquisition.,data/processed\extras_compare\ESP_013236_1410\diff_ESP_013236_1410_RED.abrowse_vs_ESP_013236_1410_RED.NOMAP.browse.png,,0.407,,,,,,,
ESP_013236_1410_RED.NOMAP.thumb_enh.png,392,268,32,20,2.28,640,1.6,bright,2,0,0,0,False,1.0,1.0,34.7,no,0.8542,1.1548,0.8697,39.3,49.3,PROMISING,low,small_blob,Strong single-image signal but not confirmed across band variants. Compare against the original product and look for the feature in a same-footprint sibling or an independent acquisition.,data/processed\ESP_013236_1410\ESP_013236_1410_RED.NOMAP.thumb_enh.png,,0.376,,,,,,,
ESP_013236_1410_RED.browse_enh.png,1500,2856,16,28,1.18,448,1.75,dark,3,2,0,2,False,1.0,0.852,28.76,no,0.7196,1.3015,0.879,39.3,49.3,PROMISING,low,small_blob,Strong single-image signal but not confirmed across band variants. Compare against the original product and look for the feature in a same-footprint sibling or an independent acquisition.,data/processed\ESP_013236_1410\ESP_013236_1410_RED.browse_enh.png,,0.391,,,,,,,
ESP_013948_1410_IRB.NOMAP.browse_enh.png,444,18632,24,12,1.01,288,2.0,dark,2,0,1,0,False,1.0,1.0,42.69,no,0.7226,1.8624,0.7517,27.3,49.3,CONFIRMED-LEAD,high,small_blob,"Real feature confirmed at the same pixels in the corresponding band variant(s) of one acquisition. Fetch the EDR original, geolocate on Trek, and check for an independent pass at a different lighting before writing a finding.",data/processed\ESP_013948_1410\ESP_013948_1410_IRB.NOMAP.browse_enh.png,,0.402,,,,,,,
ESP_013948_1410_RED.NOMAP.browse_enh.png,3420,9744,20,12,2.32,240,1.67,dark,2,0,0,0,False,1.0,1.0,33.75,no,0.748,1.5147,0.8907,39.3,49.3,PROMISING,low,small_blob,Strong single-image signal but not confirmed across band variants. Compare against the original product and look for the feature in a same-footprint sibling or an independent acquisition.,data/processed\ESP_013948_1410\ESP_013948_1410_RED.NOMAP.browse_enh.png,,0.376,,,,,,,
ESP_013948_1410_RED.NOMAP.browse_enh.png,3524,9744,36,48,0.91,1728,1.33,dark,2,0,0,0,False,1.0,0.613,64.37,no,0.8299,1.2404,0.8525,43.3,49.3,PROMISING,low,,Strong single-image signal but not confirmed across band variants. Compare against the original product and look for the feature in a same-footprint sibling or an independent acquisition.,data/processed\ESP_013948_1410\ESP_013948_1410_RED.NOMAP.browse_enh.png,,0.404,,,,,,,
ESP_013948_1410_RED.NOMAP.browse_enh.png,3088,10492,16,20,2.23,320,1.25,dark,2,0,0,0,False,1.0,1.0,33.4,no,0.8007,1.3227,0.8608,39.3,49.3,PROMISING,low,small_blob,Strong single-image signal but not confirmed across band variants. Compare against the original product and look for the feature in a same-footprint sibling or an independent acquisition.,data/processed\ESP_013948_1410\ESP_013948_1410_RED.NOMAP.browse_enh.png,,0.376,,,,,,,
diff_ESP_013236_1410_COLOR.abrowse_vs_ESP_013236_1410_RED.NOMAP.browse.png,1904,6312,12,36,0.85,432,3.0,dark,2,0,0,0,False,1.0,1.0,58.5,no,0.8653,0.9071,0.9276,39.3,49.3,PROMISING,low,,Strong single-image signal but not confirmed across band variants. Compare against the original product and look for the feature in a same-footprint sibling or an independent acquisition.,data/processed\extras_compare\ESP_013236_1410\diff_ESP_013236_1410_COLOR.abrowse_vs_ESP_013236_1410_RED.NOMAP.browse.png,,0.407,,,,,,,
diff_ESP_013236_1410_COLOR.thumb_vs_ESP_013236_1410_RED.NOMAP.browse.png,1816,6220,16,64,1.0,1024,4.0,dark,2,0,0,0,False,1.0,1.0,52.06,no,0.8861,0.907,0.8547,39.3,49.3,PROMISING,low,,Strong single-image signal but not confirmed across band variants. Compare against the original product and look for the feature in a same-footprint sibling or an independent acquisition.,data/processed\extras_compare\ESP_013236_1410\diff_ESP_013236_1410_COLOR.thumb_vs_ESP_013236_1410_RED.NOMAP.browse.png,,0.402,,,,,,,
diff_ESP_013236_1410_IRB.NOMAP.browse_vs_ESP_013236_1410_RED.NOMAP.browse.png,1028,4820,16,28,2.32,448,1.75,bright,2,0,0,0,False,1.0,1.0,42.42,no,0.7363,1.239,0.899,39.3,49.3,PROMISING,low,small_blob,Strong single-image signal but not confirmed across band variants. Compare against the original product and look for the feature in a same-footprint sibling or an independent acquisition.,data/processed\extras_compare\ESP_013236_1410\diff_ESP_013236_1410_IRB.NOMAP.browse_vs_ESP_013236_1410_RED.NOMAP.browse.png,,0.376,,,,,,,
diff_ESP_013236_1410_MIRB.browse_vs_ESP_013236_1410_RED.NOMAP.browse.png,1112,924,12,20,2.32,240,1.67,bright,2,0,0,0,False,1.0,1.0,35.52,no,0.7806,1.0271,0.9584,39.3,49.3,PROMISING,low,small_blob,Strong single-image signal but not confirmed across band variants. Compare against the original product and look for the feature in a same-footprint sibling or an independent acquisition.,data/processed\extras_compare\ESP_013236_1410\diff_ESP_013236_1410_MIRB.browse_vs_ESP_013236_1410_RED.NOMAP.browse.png,,0.376,,,,,,,
diff_ESP_013236_1410_MRGB.browse_vs_ESP_013236_1410_RED.NOMAP.browse.png,1896,3852,12,40,0.91,480,3.33,bright,2,0,0,0,False,1.0,1.0,80.19,no,0.8899,0.5906,0.8761,39.3,49.3,PROMISING,low,,Strong single-image signal but not confirmed across band variants. Compare against the original product and look for the feature in a same-footprint sibling or an independent acquisition.,data/processed\extras_compare\ESP_013236_1410\diff_ESP_013236_1410_MRGB.browse_vs_ESP_013236_1410_RED.NOMAP.browse.png,,0.404,,,,,,,
ESP_013236_1410_RED.NOMAP.browse_enh.png,3032,2872,16,48,1.96,768,3.0,bright,2,0,0,0,False,1.0,1.0,35.83,no,0.7988,1.0375,0.8452,39.2,49.2,PROMISING,low,,Strong single-image signal but not confirmed across band variants. Compare against the original product and look for the feature in a same-footprint sibling or an independent acquisition.,data/processed\ESP_013236_1410\ESP_013236_1410_RED.NOMAP.browse_enh.png,,0.376,,,,,,,
ESP_013236_1410_RED.abrowse_enh.png,2372,9656,60,64,0.05,3840,1.07,bright,3,2,0,2,False,0.883,0.111,45.29,no,0.9054,0.8265,0.3682,47.2,49.2,PROMISING,low,,Strong single-image signal but not confirmed across band variants. Compare against the original product and look for the feature in a same-footprint sibling or an independent acquisition.,data/processed\ESP_013236_1410\ESP_013236_1410_RED.abrowse_enh.png,,0.498,,,,,,,
ESP_013236_1410_RED.browse_enh.png,2160,9468,32,16,1.21,512,2.0,bright,3,2,0,2,False,1.0,0.708,41.85,no,0.7335,1.2497,0.7446,39.2,49.2,PROMISING,low,small_blob,Strong single-image signal but not confirmed across band variants. Compare against the original product and look for the feature in a same-footprint sibling or an independent acquisition.,data/processed\ESP_013236_1410\ESP_013236_1410_RED.browse_enh.png,,0.390,,,,,,,
ESP_013236_1410_RGB.NOMAP.browse_enh.png,712,2740,20,20,0.23,400,1.0,bright,2,1,1,0,False,1.0,1.0,58.38,no,0.7478,1.0037,0.7993,27.2,49.2,CONFIRMED-LEAD,high,small_blob,"Real feature confirmed at the same pixels in the corresponding band variant(s) of one acquisition. Fetch the EDR original, geolocate on Trek, and check for an independent pass at a different lighting before writing a finding.",data/processed\ESP_013236_1410\ESP_013236_1410_RGB.NOMAP.browse_enh.png,,0.498,,,,,,,
ESP_013948_1410_RED.browse_enh.png,1600,4744,16,28,0.37,448,1.75,dark,2,1,1,1,False,1.0,1.0,37.36,no,0.8554,1.2335,0.5688,27.2,49.2,CONFIRMED-LEAD,high,small_blob,"Real feature confirmed at the same pixels in the corresponding band variant(s) of one acquisition. Fetch the EDR original, geolocate on Trek, and check for an independent pass at a different lighting before writing a finding.",data/processed\ESP_013948_1410\ESP_013948_1410_RED.browse_enh.png,,0.488,,,,,,,
ESP_013948_1410_RED.browse_enh.png,2316,9752,60,64,0.05,3840,1.07,dark,3,2,0,2,False,1.0,0.113,46.65,no,0.9012,0.826,0.3191,47.2,49.2,PROMISING,low,,Strong single-image signal but not confirmed across band variants. Compare against the original product and look for the feature in a same-footprint sibling or an independent acquisition.,data/processed\ESP_013948_1410\ESP_013948_1410_RED.browse_enh.png,,0.498,,,,,,,
ESP_013236_1410_RED_C_01_ORTHO.th_enh.png,708,2588,24,16,1.7,384,1.5,bright,2,1,0,1,False,1.0,1.0,34.75,no,0.8407,1.2716,0.8635,39.2,49.2,PROMISING,low,small_blob,Strong single-image signal but not confirmed across band variants. Compare against the original product and look for the feature in a same-footprint sibling or an independent acquisition.,data/processed\ESP_013948_1410_ESP_013236_1410\ESP_013236_1410_RED_C_01_ORTHO.th_enh.png,,0.376,,,,,,,
diff_ESP_013236_1410_MIRB.thumb_vs_ESP_013236_1410_RED.NOMAP.browse.png,1144,6076,48,56,0.36,2688,1.17,bright,2,0,0,0,False,1.0,0.884,78.71,no,0.8474,1.1321,0.7051,39.2,49.2,PROMISING,low,,Strong single-image signal but not confirmed across band variants. Compare against the original product and look for the feature in a same-footprint sibling or an independent acquisition.,data/processed\extras_compare\ESP_013236_1410\diff_ESP_013236_1410_MIRB.thumb_vs_ESP_013236_1410_RED.NOMAP.browse.png,,0.489,,,,,,,
ESP_013236_1410_RED.NOMAP.browse_enh.png,1652,1312,12,40,0.89,480,3.33,bright,2,0,0,0,False,0.998,0.942,58.52,no,0.8426,0.7006,0.8255,39.1,49.1,PROMISING,low,,Strong single-image signal but not confirmed across band variants. Compare against the original product and look for the feature in a same-footprint sibling or an independent acquisition.,data/processed\ESP_013236_1410\ESP_013236_1410_RED.NOMAP.browse_enh.png,,0.405,,,,,,,
ESP_013236_1410_RED.abrowse_enh.png,2160,9664,32,16,1.2,512,2.0,bright,3,2,0,2,False,1.0,1.0,41.27,no,0.734,1.2843,0.745,39.1,49.1,PROMISING,low,small_blob,Strong single-image signal but not confirmed across band variants. Compare against the original product and look for the feature in a same-footprint sibling or an independent acquisition.,data/processed\ESP_013236_1410\ESP_013236_1410_RED.abrowse_enh.png,,0.390,,,,,,,
ESP_013948_1410_RED.NOMAP.browse_enh.png,2756,13068,40,44,0.84,1760,1.1,dark,2,0,0,0,False,1.0,0.202,39.25,no,0.6322,1.788,0.9346,43.1,49.1,PROMISING,low,,Strong single-image signal but not confirmed across band variants. Compare against the original product and look for the feature in a same-footprint sibling or an independent acquisition.,data/processed\ESP_013948_1410\ESP_013948_1410_RED.NOMAP.browse_enh.png,,0.409,,,,,,,
ESP_013948_1410_RED.NOMAP.browse_enh.png,1108,13336,44,12,0.95,528,3.67,bright,2,0,0,0,False,1.0,1.0,42.1,no,0.821,1.232,0.8378,39.1,49.1,PROMISING,low,,Strong single-image signal but not confirmed across band variants. Compare against the original product and look for the feature in a same-footprint sibling or an independent acquisition.,data/processed\ESP_013948_1410\ESP_013948_1410_RED.NOMAP.browse_enh.png,,0.402,,,,,,,
ESP_013948_1410_RED.browse_enh.png,1924,1848,56,64,0.06,3584,1.14,dark,3,2,0,2,False,1.0,0.153,48.68,no,0.9337,0.9074,0.227,47.1,49.1,PROMISING,low,,Strong single-image signal but not confirmed across band variants. Compare against the original product and look for the feature in a same-footprint sibling or an independent acquisition.,data/processed\ESP_013948_1410\ESP_013948_1410_RED.browse_enh.png,,0.498,,,,,,,
ESP_013236_1410_COLOR.abrowse_enh.png,888,7880,12,40,0.87,480,3.33,bright,2,0,0,0,False,0.971,1.0,50.76,no,0.8628,1.3371,0.7774,39.0,49.0,PROMISING,low,,Strong single-image signal but not confirmed across band variants. Compare against the original product and look for the feature in a same-footprint sibling or an independent acquisition.,data/processed\ESP_013236_1410\ESP_013236_1410_COLOR.abrowse_enh.png,,0.405,,,,,,,
ESP_013236_1410_IRB.NOMAP.browse_enh.png,452,13972,24,16,0.87,384,1.5,dark,2,0,1,0,False,1.0,1.0,25.26,no,0.5395,1.7904,0.6488,27.0,49.0,CONFIRMED-LEAD,high,small_blob,"Real feature confirmed at the same pixels in the corresponding band variant(s) of one acquisition. Fetch the EDR original, geolocate on Trek, and check for an independent pass at a different lighting before writing a finding.",data/processed\ESP_013236_1410\ESP_013236_1410_IRB.NOMAP.browse_enh.png,,0.405,,,,,,,
ESP_013948_1410_IRB.NOMAP.browse_enh.png,944,13116,28,24,0.68,672,1.17,dark,2,1,1,0,False,1.0,0.559,51.79,no,0.5786,1.3052,0.9392,31.0,49.0,CONFIRMED-LEAD,high,small_blob,"Real feature confirmed at the same pixels in the corresponding band variant(s) of one acquisition. Fetch the EDR original, geolocate on Trek, and check for an independent pass at a different lighting before writing a finding.",data/processed\ESP_013948_1410\ESP_013948_1410_IRB.NOMAP.browse_enh.png,,0.436,,,,,,,
ESP_013948_1410_RED.NOMAP.browse_enh.png,1044,13476,8,28,1.84,224,3.5,bright,2,0,0,0,False,0.981,0.0,41.45,no,0.7988,1.0261,0.8549,47.0,49.0,PROMISING,low,,Strong single-image signal but not confirmed across band variants. Compare against the original product and look for the feature in a same-footprint sibling or an independent acquisition.,data/processed\ESP_013948_1410\ESP_013948_1410_RED.NOMAP.browse_enh.png,,0.376,,,,,,,
ESP_013948_1410_RED.browse_enh.png,2000,4708,20,28,2.1,560,1.4,dark,2,1,0,2,False,1.0,0.654,17.78,no,0.8088,1.6689,0.8954,43.0,49.0,PROMISING,low,small_blob,Strong single-image signal but not confirmed across band variants. Compare against the original product and look for the feature in a same-footprint sibling or an independent acquisition.,data/processed\ESP_013948_1410\ESP_013948_1410_RED.browse_enh.png,,0.376,,,,,,,
ESP_013948_1410_RED.browse_enh.png,2128,8224,16,24,1.1,384,1.5,dark,3,2,0,2,False,1.0,1.0,43.31,no,0.7726,1.311,0.8947,39.0,49.0,PROMISING,low,small_blob,Strong single-image signal but not confirmed across band variants. Compare against the original product and look for the feature in a same-footprint sibling or an independent acquisition.,data/processed\ESP_013948_1410\ESP_013948_1410_RED.browse_enh.png,,0.397,,,,,,,
diff_ESP_013236_1410_COLOR.abrowse_vs_ESP_013236_1410_RED.NOMAP.browse.png,1740,5372,12,44,0.94,528,3.67,dark,2,0,0,0,False,1.0,1.0,65.63,no,0.8989,0.982,0.8768,39.0,49.0,PROMISING,low,,Strong single-image signal but not confirmed across band variants. Compare against the original product and look for the feature in a same-footprint sibling or an independent acquisition.,data/processed\extras_compare\ESP_013236_1410\diff_ESP_013236_1410_COLOR.abrowse_vs_ESP_013236_1410_RED.NOMAP.browse.png,,0.402,,,,,,,
diff_ESP_013236_1410_COLOR.thumb_vs_ESP_013236_1410_RED.NOMAP.browse.png,1856,6384,12,40,0.87,480,3.33,bright,2,0,0,0,False,1.0,1.0,68.1,no,0.9172,0.6986,0.8117,39.0,49.0,PROMISING,low,,Strong single-image signal but not confirmed across band variants. Compare against the original product and look for the feature in a same-footprint sibling or an independent acquisition.,data/processed\extras_compare\ESP_013236_1410\diff_ESP_013236_1410_COLOR.thumb_vs_ESP_013236_1410_RED.NOMAP.browse.png,,0.405,,,,,,,
diff_ESP_013236_1410_MRGB.thumb_vs_ESP_013236_1410_RED.NOMAP.browse.png,836,1072,8,24,1.74,192,3.0,dark,2,0,0,0,False,1.0,0.0,38.03,no,0.6138,1.0029,0.978,47.0,49.0,PROMISING,low,,Strong single-image signal but not confirmed across band variants. Compare against the original product and look for the feature in a same-footprint sibling or an independent acquisition.,data/processed\extras_compare\ESP_013236_1410\diff_ESP_013236_1410_MRGB.thumb_vs_ESP_013236_1410_RED.NOMAP.browse.png,,0.376,,,,,,,
ESP_013236_1410_RED.NOMAP.browse_enh.png,2308,4836,12,24,3.25,288,2.0,bright,2,0,0,0,False,1.0,0.0,21.13,no,0.8376,1.4464,0.9672,46.9,48.9,PROMISING,low,small_blob,Strong single-image signal but not confirmed across band variants. Compare against the original product and look for the feature in a same-footprint sibling or an independent acquisition.,data/processed\ESP_013236_1410\ESP_013236_1410_RED.NOMAP.browse_enh.png,,0.089,,,,,,,
ESP_013236_1410_RGB.NOMAP.browse_enh.png,40,1688,32,28,0.65,896,1.14,bright,2,1,1,0,False,1.0,0.554,53.83,no,0.8083,1.0945,0.9284,30.9,48.9,CONFIRMED-LEAD,high,small_blob,"Real feature confirmed at the same pixels in the corresponding band variant(s) of one acquisition. Fetch the EDR original, geolocate on Trek, and check for an independent pass at a different lighting before writing a finding.",data/processed\ESP_013236_1410\ESP_013236_1410_RGB.NOMAP.browse_enh.png,,0.440,,,,,,,
ESP_013948_1410_IRB.NOMAP.browse_enh.png,580,8860,24,40,0.75,960,1.67,dark,2,1,1,0,False,1.0,0.501,39.28,no,0.7135,1.5651,0.8358,30.9,48.9,CONFIRMED-LEAD,high,small_blob,"Real feature confirmed at the same pixels in the corresponding band variant(s) of one acquisition. Fetch the EDR original, geolocate on Trek, and check for an independent pass at a different lighting before writing a finding.",data/processed\ESP_013948_1410\ESP_013948_1410_IRB.NOMAP.browse_enh.png,,0.425,,,,,,,
ESP_013948_1410_MRGB.browse_enh.png,1924,1848,56,64,0.04,3584,1.14,bright,3,2,0,2,False,0.912,0.147,45.12,no,0.9206,0.9554,0.3252,46.9,48.9,PROMISING,low,,Strong single-image signal but not confirmed across band variants. Compare against the original product and look for the feature in a same-footprint sibling or an independent acquisition.,data/processed\ESP_013948_1410\ESP_013948_1410_MRGB.browse_enh.png,,0.498,,,,,,,
ESP_013948_1410_RED.browse_enh.png,1496,3188,16,36,1.22,576,2.25,dark,3,2,0,2,False,1.0,1.0,45.34,no,0.8149,1.2821,0.8094,38.9,48.9,PROMISING,low,small_blob,Strong single-image signal but not confirmed across band variants. Compare against the original product and look for the feature in a same-footprint sibling or an independent acquisition.,data/processed\ESP_013948_1410\ESP_013948_1410_RED.browse_enh.png,,0.390,,,,,,,
ESP_013948_1410_RED.browse_enh.png,1592,8712,24,68,0.01,1632,2.83,dark,3,2,0,2,False,1.0,0.303,46.17,no,0.9087,1.1291,0.1809,42.9,48.9,PROMISING,low,,Strong single-image signal but not confirmed across band variants. Compare against the original product and look for the feature in a same-footprint sibling or an independent acquisition.,data/processed\ESP_013948_1410\ESP_013948_1410_RED.browse_enh.png,,0.498,,,,,,,
ESP_013948_1410_RGB.NOMAP.browse_enh.png,548,8908,20,20,0.19,400,1.0,dark,2,1,1,0,False,1.0,1.0,30.07,no,0.7201,1.3746,0.772,26.9,48.9,CONFIRMED-LEAD,high,small_blob,"Real feature confirmed at the same pixels in the corresponding band variant(s) of one acquisition. Fetch the EDR original, geolocate on Trek, and check for an independent pass at a different lighting before writing a finding.",data/processed\ESP_013948_1410\ESP_013948_1410_RGB.NOMAP.browse_enh.png,,0.498,,,,,,,
DTEEC_013948_1410_013236_1410_A01.sa_enh.png,1896,3856,16,48,1.24,768,3.0,dark,2,0,0,0,False,1.0,0.558,38.41,no,0.7414,1.4019,0.8463,42.9,48.9,PROMISING,low,,Strong single-image signal but not confirmed across band variants. Compare against the original product and look for the feature in a same-footprint sibling or an independent acquisition.,data/processed\ESP_013948_1410_ESP_013236_1410\DTEEC_013948_1410_013236_1410_A01.sa_enh.png,,0.390,,,,,,,
ESP_013236_1410_RED_C_01_ORTHO.br_enh.png,672,2172,108,244,0.09,26352,2.26,dark,2,0,0,0,False,1.0,0.083,67.4,no,0.9014,0.5302,0.3129,46.9,48.9,PROMISING,low,,Strong single-image signal but not confirmed across band variants. Compare against the original product and look for the feature in a same-footprint sibling or an independent acquisition.,data/processed\ESP_013948_1410_ESP_013236_1410\ESP_013236_1410_RED_C_01_ORTHO.br_enh.png,,0.498,,,,,,,
ESP_013948_1410_RED_C_01_ORTHO.ab_enh.png,672,2292,108,236,0.13,25488,2.19,dark,2,0,0,1,False,1.0,0.073,67.54,no,0.8995,0.5464,0.6615,46.9,48.9,PROMISING,low,,Strong single-image signal but not confirmed across band variants. Compare against the original product and look for the feature in a same-footprint sibling or an independent acquisition.,data/processed\ESP_013948_1410_ESP_013236_1410\ESP_013948_1410_RED_C_01_ORTHO.ab_enh.png,,0.498,,,,,,,
diff_ESP_013236_1410_COLOR.browse_vs_ESP_013236_1410_RED.NOMAP.browse.png,1408,5668,12,36,0.8,432,3.0,dark,2,0,0,0,False,1.0,1.0,54.43,no,0.8667,1.0447,0.9154,38.9,48.9,PROMISING,low,,Strong single-image signal but not confirmed across band variants. Compare against the original product and look for the feature in a same-footprint sibling or an independent acquisition.,data/processed\extras_compare\ESP_013236_1410\diff_ESP_013236_1410_COLOR.browse_vs_ESP_013236_1410_RED.NOMAP.browse.png,,0.416,,,,,,,
diff_ESP_013236_1410_COLOR.thumb_vs_ESP_013236_1410_RED.NOMAP.browse.png,920,4764,16,48,0.78,768,3.0,dark,2,0,0,0,False,1.0,1.0,63.26,no,0.83,1.0863,0.8847,38.9,48.9,PROMISING,low,,Strong single-image signal but not confirmed across band variants. Compare against the original product and look for the feature in a same-footprint sibling or an independent acquisition.,data/processed\extras_compare\ESP_013236_1410\diff_ESP_013236_1410_COLOR.thumb_vs_ESP_013236_1410_RED.NOMAP.browse.png,,0.419,,,,,,,
diff_ESP_013236_1410_MRGB.abrowse_vs_ESP_013236_1410_RED.NOMAP.browse.png,1112,2612,12,36,1.72,432,3.0,dark,2,0,0,0,False,1.0,0.0,35.93,no,0.7049,1.3774,0.95,46.9,48.9,PROMISING,low,,Strong single-image signal but not confirmed across band variants. Compare against the original product and look for the feature in a same-footprint sibling or an independent acquisition.,data/processed\extras_compare\ESP_013236_1410\diff_ESP_013236_1410_MRGB.abrowse_vs_ESP_013236_1410_RED.NOMAP.browse.png,,0.376,,,,,,,
diff_ESP_013236_1410_MRGB.thumb_vs_ESP_013236_1410_RED.NOMAP.browse.png,820,4848,12,24,2.33,288,2.0,bright,2,0,0,0,False,1.0,1.0,33.61,no,0.7784,1.4082,0.9417,38.9,48.9,PROMISING,low,small_blob,Strong single-image signal but not confirmed across band variants. Compare against the original product and look for the feature in a same-footprint sibling or an independent acquisition.,data/processed\extras_compare\ESP_013236_1410\diff_ESP_013236_1410_MRGB.thumb_vs_ESP_013236_1410_RED.NOMAP.browse.png,,0.376,,,,,,,
ESP_013236_1410_IRB.NOMAP.browse_enh.png,888,10364,32,24,0.8,768,1.33,bright,2,0,1,0,False,1.0,0.983,46.94,no,0.8286,0.9919,0.7932,26.8,48.8,CONFIRMED-LEAD,high,small_blob,"Real feature confirmed at the same pixels in the corresponding band variant(s) of one acquisition. Fetch the EDR original, geolocate on Trek, and check for an independent pass at a different lighting before writing a finding.",data/processed\ESP_013236_1410\ESP_013236_1410_IRB.NOMAP.browse_enh.png,,0.416,,,,,,,
ESP_013236_1410_IRB.NOMAP.browse_enh.png,668,14484,24,32,0.22,768,1.33,bright,2,1,1,0,False,0.948,1.0,47.92,no,0.822,1.1207,0.7344,26.8,48.8,CONFIRMED-LEAD,high,small_blob,"Real feature confirmed at the same pixels in the corresponding band variant(s) of one acquisition. Fetch the EDR original, geolocate on Trek, and check for an independent pass at a different lighting before writing a finding.",data/processed\ESP_013236_1410\ESP_013236_1410_IRB.NOMAP.browse_enh.png,,0.498,,,,,,,
ESP_013236_1410_RED.NOMAP.browse_enh.png,3516,10372,44,48,0.79,2112,1.09,dark,2,0,0,0,False,1.0,0.353,61.6,no,0.8246,1.2258,0.8339,42.8,48.8,PROMISING,low,,Strong single-image signal but not confirmed across band variants. Compare against the original product and look for the feature in a same-footprint sibling or an independent acquisition.,data/processed\ESP_013236_1410\ESP_013236_1410_RED.NOMAP.browse_enh.png,,0.417,,,,,,,
ESP_013236_1410_RED.browse_enh.png,1368,2268,36,12,1.36,432,3.0,bright,2,1,0,2,False,1.0,1.0,39.67,no,0.7305,0.9969,0.8701,38.8,48.8,PROMISING,low,,Strong single-image signal but not confirmed across band variants. Compare against the original product and look for the feature in a same-footprint sibling or an independent acquisition.,data/processed\ESP_013236_1410\ESP_013236_1410_RED.browse_enh.png,,0.388,,,,,,,
ESP_013236_1410_RED.thumb_enh.png,576,2388,16,20,2.18,320,1.25,bright,2,0,0,2,False,1.0,1.0,37.17,no,0.8179,0.8858,0.9015,38.8,48.8,PROMISING,low,small_blob,Strong single-image signal but not confirmed across band variants. Compare against the original product and look for the feature in a same-footprint sibling or an independent acquisition.,data/processed\ESP_013236_1410\ESP_013236_1410_RED.thumb_enh.png,,0.376,,,,,,,
ESP_013236_1410_RED_C_01_ORTHO.br_enh.png,1016,5336,28,56,0.54,1568,2.0,dark,2,0,0,0,False,1.0,1.0,59.19,no,0.91,0.7652,0.8009,38.8,48.8,PROMISING,low,,Strong single-image signal but not confirmed across band variants. Compare against the original product and look for the feature in a same-footprint sibling or an independent acquisition.,data/processed\ESP_013948_1410_ESP_013236_1410\ESP_013236_1410_RED_C_01_ORTHO.br_enh.png,,0.463,,,,,,,
ESP_013236_1410_RED_C_01_ORTHO.br_enh.png,1540,5748,28,56,0.54,1568,2.0,bright,2,0,0,0,False,1.0,1.0,62.08,no,0.9053,0.7585,0.9527,38.8,48.8,PROMISING,low,,Strong single-image signal but not confirmed across band variants. Compare against the original product and look for the feature in a same-footprint sibling or an independent acquisition.,data/processed\ESP_013948_1410_ESP_013236_1410\ESP_013236_1410_RED_C_01_ORTHO.br_enh.png,,0.463,,,,,,,
diff_ESP_013236_1410_IRB.NOMAP.thumb_vs_ESP_013236_1410_RED.NOMAP.browse.png,1848,5864,44,12,0.91,528,3.67,dark,2,0,0,0,False,1.0,1.0,62.18,no,0.8436,0.946,0.7546,38.8,48.8,PROMISING,low,,Strong single-image signal but not confirmed across band variants. Compare against the original product and look for the feature in a same-footprint sibling or an independent acquisition.,data/processed\extras_compare\ESP_013236_1410\diff_ESP_013236_1410_IRB.NOMAP.thumb_vs_ESP_013236_1410_RED.NOMAP.browse.png,,0.404,,,,,,,
diff_ESP_013236_1410_IRB.NOMAP.thumb_vs_ESP_013236_1410_RED.NOMAP.browse.png,1600,6156,76,20,0.88,1520,3.8,bright,2,0,0,0,False,1.0,1.0,83.53,no,0.9238,0.6951,0.8102,38.8,48.8,PROMISING,low,,Strong single-image signal but not confirmed across band variants. Compare against the original product and look for the feature in a same-footprint sibling or an independent acquisition.,data/processed\extras_compare\ESP_013236_1410\diff_ESP_013236_1410_IRB.NOMAP.thumb_vs_ESP_013236_1410_RED.NOMAP.browse.png,,0.405,,,,,,,
diff_ESP_013236_1410_MIRB.thumb_vs_ESP_013236_1410_RED.NOMAP.browse.png,1388,7304,16,20,2.18,320,1.25,bright,2,0,0,0,False,1.0,1.0,32.47,no,0.8707,0.8977,0.9481,38.8,48.8,PROMISING,low,small_blob,Strong single-image signal but not confirmed across band variants. Compare against the original product and look for the feature in a same-footprint sibling or an independent acquisition.,data/processed\extras_compare\ESP_013236_1410\diff_ESP_013236_1410_MIRB.thumb_vs_ESP_013236_1410_RED.NOMAP.browse.png,,0.376,,,,,,,
diff_ESP_013236_1410_MRGB.browse_vs_ESP_013236_1410_RED.NOMAP.browse.png,984,6120,12,40,1.76,480,3.33,bright,2,0,0,0,False,1.0,0.0,37.91,no,0.8117,1.3691,0.8949,46.8,48.8,PROMISING,low,,Strong single-image signal but not confirmed across band variants. Compare against the original product and look for the feature in a same-footprint sibling or an independent acquisition.,data/processed\extras_compare\ESP_013236_1410\diff_ESP_013236_1410_MRGB.browse_vs_ESP_013236_1410_RED.NOMAP.browse.png,,0.376,,,,,,,
diff_ESP_013236_1410_RED.abrowse_vs_ESP_013236_1410_RED.NOMAP.browse.png,756,2188,12,40,0.85,480,3.33,dark,2,0,0,0,False,1.0,1.0,62.46,no,0.8047,1.0578,0.7342,38.8,48.8,PROMISING,low,,Strong single-image signal but not confirmed across band variants. Compare against the original product and look for the feature in a same-footprint sibling or an independent acquisition.,data/processed\extras_compare\ESP_013236_1410\diff_ESP_013236_1410_RED.abrowse_vs_ESP_013236_1410_RED.NOMAP.browse.png,,0.407,,,,,,,
diff_ESP_013236_1410_RGB.NOMAP.thumb_vs_ESP_013236_1410_RED.NOMAP.browse.png,88,696,40,12,0.85,480,3.33,dark,2,0,0,0,False,0.982,1.0,98.25,no,0.9204,0.4183,0.9095,38.8,48.8,PROMISING,low,,Strong single-image signal but not confirmed across band variants. Compare against the original product and look for the feature in a same-footprint sibling or an independent acquisition.,data/processed\extras_compare\ESP_013236_1410\diff_ESP_013236_1410_RGB.NOMAP.thumb_vs_ESP_013236_1410_RED.NOMAP.browse.png,,0.407,,,,,,,
ESP_013236_1410_IRB.NOMAP.browse_enh.png,888,16184,20,40,0.34,800,2.0,dark,2,1,1,0,False,0.962,1.0,67.05,no,0.9017,0.9079,0.4153,26.7,48.7,CONFIRMED-LEAD,high,small_blob,"Real feature confirmed at the same pixels in the corresponding band variant(s) of one acquisition. Fetch the EDR original, geolocate on Trek, and check for an independent pass at a different lighting before writing a finding.",data/processed\ESP_013236_1410\ESP_013236_1410_IRB.NOMAP.browse_enh.png,,0.490,,,,,,,
ESP_013236_1410_RED.NOMAP.browse_enh.png,2948,11424,48,64,1.23,3072,1.33,dark,2,0,0,0,False,1.0,0.168,50.91,no,0.8546,0.9863,0.7894,46.7,48.7,PROMISING,low,,Strong single-image signal but not confirmed across band variants. Compare against the original product and look for the feature in a same-footprint sibling or an independent acquisition.,data/processed\ESP_013236_1410\ESP_013236_1410_RED.NOMAP.browse_enh.png,,0.390,,,,,,,
ESP_013236_1410_RED.abrowse_enh.png,2416,9828,20,20,1.54,400,1.0,bright,2,1,0,2,False,1.0,1.0,39.46,no,0.7451,1.2869,0.8932,38.7,48.7,PROMISING,low,small_blob,Strong single-image signal but not confirmed across band variants. Compare against the original product and look for the feature in a same-footprint sibling or an independent acquisition.,data/processed\ESP_013236_1410\ESP_013236_1410_RED.abrowse_enh.png,,0.379,,,,,,,
ESP_013236_1410_RED.browse_enh.png,1264,2000,16,24,0.15,384,1.5,bright,3,2,1,1,False,1.0,0.651,49.49,no,0.5563,1.599,0.8557,30.7,48.7,CONFIRMED-LEAD,high,small_blob,"Real feature confirmed at the same pixels in the corresponding band variant(s) of one acquisition. Fetch the EDR original, geolocate on Trek, and check for an independent pass at a different lighting before writing a finding.",data/processed\ESP_013236_1410\ESP_013236_1410_RED.browse_enh.png,,0.498,,,,,,,
ESP_013948_1410_IRB.NOMAP.browse_enh.png,416,6876,12,24,0.94,288,2.0,bright,2,0,1,0,False,1.0,1.0,37.38,no,0.6747,1.3232,0.77,26.7,48.7,CONFIRMED-LEAD,high,small_blob,"Real feature confirmed at the same pixels in the corresponding band variant(s) of one acquisition. Fetch the EDR original, geolocate on Trek, and check for an independent pass at a different lighting before writing a finding.",data/processed\ESP_013948_1410\ESP_013948_1410_IRB.NOMAP.browse_enh.png,,0.402,,,,,,,
ESP_013948_1410_RED.NOMAP.browse_enh.png,908,6772,36,12,0.78,432,3.0,dark,2,0,0,0,False,1.0,1.0,49.18,no,0.8072,1.6598,0.7603,38.7,48.7,PROMISING,low,,Strong single-image signal but not confirmed across band variants. Compare against the original product and look for the feature in a same-footprint sibling or an independent acquisition.,data/processed\ESP_013948_1410\ESP_013948_1410_RED.NOMAP.browse_enh.png,,0.419,,,,,,,
ESP_013948_1410_RED.NOMAP.browse_enh.png,2856,9856,12,36,0.78,432,3.0,bright,2,0,0,0,False,1.0,1.0,45.14,no,0.7715,1.5955,0.6342,38.7,48.7,PROMISING,low,,Strong single-image signal but not confirmed across band variants. Compare against the original product and look for the feature in a same-footprint sibling or an independent acquisition.,data/processed\ESP_013948_1410\ESP_013948_1410_RED.NOMAP.browse_enh.png,,0.419,,,,,,,
ESP_013948_1410_RED.NOMAP.browse_enh.png,2852,12484,12,40,1.3,480,3.33,dark,2,0,0,0,False,1.0,0.504,21.08,no,0.6786,2.123,0.8312,42.7,48.7,PROMISING,low,,Strong single-image signal but not confirmed across band variants. Compare against the original product and look for the feature in a same-footprint sibling or an independent acquisition.,data/processed\ESP_013948_1410\ESP_013948_1410_RED.NOMAP.browse_enh.png,,0.390,,,,,,,
ESP_013948_1410_RED.browse_enh.png,1720,1824,20,28,0.24,560,1.4,dark,2,1,1,1,False,1.0,0.877,56.76,no,0.8935,0.8524,0.791,26.7,48.7,CONFIRMED-LEAD,high,small_blob,"Real feature confirmed at the same pixels in the corresponding band variant(s) of one acquisition. Fetch the EDR original, geolocate on Trek, and check for an independent pass at a different lighting before writing a finding.",data/processed\ESP_013948_1410\ESP_013948_1410_RED.browse_enh.png,,0.498,,,,,,,
ESP_013948_1410_RGB.NOMAP.browse_enh.png,944,13116,28,24,0.65,672,1.17,dark,2,1,1,0,False,1.0,0.505,48.67,no,0.5706,1.4558,0.9509,30.7,48.7,CONFIRMED-LEAD,high,small_blob,"Real feature confirmed at the same pixels in the corresponding band variant(s) of one acquisition. Fetch the EDR original, geolocate on Trek, and check for an independent pass at a different lighting before writing a finding.",data/processed\ESP_013948_1410\ESP_013948_1410_RGB.NOMAP.browse_enh.png,,0.440,,,,,,,
DTEEC_013948_1410_013236_1410_A01.sa_enh.png,1120,2780,12,28,2.37,336,2.33,dark,2,0,0,0,False,1.0,1.0,37.15,no,0.8601,1.0142,0.9033,38.7,48.7,PROMISING,low,small_blob,Strong single-image signal but not confirmed across band variants. Compare against the original product and look for the feature in a same-footprint sibling or an independent acquisition.,data/processed\ESP_013948_1410_ESP_013236_1410\DTEEC_013948_1410_013236_1410_A01.sa_enh.png,,0.376,,,,,,,
diff_ESP_013236_1410_IRB.NOMAP.browse_vs_ESP_013236_1410_RED.NOMAP.browse.png,308,928,64,16,0.94,1024,4.0,dark,2,0,0,0,False,1.0,0.769,71.01,no,0.8863,0.8038,0.8926,38.7,48.7,PROMISING,low,,Strong single-image signal but not confirmed across band variants. Compare against the original product and look for the feature in a same-footprint sibling or an independent acquisition.,data/processed\extras_compare\ESP_013236_1410\diff_ESP_013236_1410_IRB.NOMAP.browse_vs_ESP_013236_1410_RED.NOMAP.browse.png,,0.402,,,,,,,
diff_ESP_013236_1410_MIRB.browse_vs_ESP_013236_1410_RED.NOMAP.browse.png,648,2992,20,72,1.29,1440,3.6,dark,2,0,0,0,False,1.0,0.511,63.86,no,0.7111,1.0906,0.8751,42.7,48.7,PROMISING,low,,Strong single-image signal but not confirmed across band variants. Compare against the original product and look for the feature in a same-footprint sibling or an independent acquisition.,data/processed\extras_compare\ESP_013236_1410\diff_ESP_013236_1410_MIRB.browse_vs_ESP_013236_1410_RED.NOMAP.browse.png,,0.390,,,,,,,
diff_ESP_013236_1410_RGB.NOMAP.browse_vs_ESP_013236_1410_RED.NOMAP.browse.png,1084,968,12,24,2.31,288,2.0,bright,2,0,0,0,False,1.0,1.0,47.27,no,0.6568,1.6342,0.9541,38.7,48.7,PROMISING,low,small_blob,Strong single-image signal but not confirmed across band variants. Compare against the original product and look for the feature in a same-footprint sibling or an independent acquisition.,data/processed\extras_compare\ESP_013236_1410\diff_ESP_013236_1410_RGB.NOMAP.browse_vs_ESP_013236_1410_RED.NOMAP.browse.png,,0.376,,,,,,,
ESP_013236_1410_RED.NOMAP.browse_enh.png,3620,9532,12,40,0.83,480,3.33,bright,2,0,0,0,False,1.0,1.0,42.55,no,0.7067,1.0373,0.9293,38.6,48.6,PROMISING,low,,Strong single-image signal but not confirmed across band variants. Compare against the original product and look for the feature in a same-footprint sibling or an independent acquisition.,data/processed\ESP_013236_1410\ESP_013236_1410_RED.NOMAP.browse_enh.png,,0.410,,,,,,,
ESP_013948_1410_RED.NOMAP.browse_enh.png,1732,1028,12,40,0.83,480,3.33,bright,2,0,0,0,False,1.0,1.0,56.53,no,0.8424,0.8256,0.8188,38.6,48.6,PROMISING,low,,Strong single-image signal but not confirmed across band variants. Compare against the original product and look for the feature in a same-footprint sibling or an independent acquisition.,data/processed\ESP_013948_1410\ESP_013948_1410_RED.NOMAP.browse_enh.png,,0.410,,,,,,,
diff_ESP_013236_1410_COLOR.browse_vs_ESP_013236_1410_RED.NOMAP.browse.png,760,5648,16,52,0.79,832,3.25,dark,2,0,0,0,False,1.0,1.0,66.59,no,0.8845,0.7984,0.8601,38.6,48.6,PROMISING,low,,Strong single-image signal but not confirmed across band variants. Compare against the original product and look for the feature in a same-footprint sibling or an independent acquisition.,data/processed\extras_compare\ESP_013236_1410\diff_ESP_013236_1410_COLOR.browse_vs_ESP_013236_1410_RED.NOMAP.browse.png,,0.417,,,,,,,
diff_ESP_013236_1410_IRB.NOMAP.browse_vs_ESP_013236_1410_RED.NOMAP.browse.png,1472,1200,36,12,1.68,432,3.0,dark,2,0,0,0,False,1.0,0.0,57.72,no,0.8329,0.9929,0.8977,46.6,48.6,PROMISING,low,,Strong single-image signal but not confirmed across band variants. Compare against the original product and look for the feature in a same-footprint sibling or an independent acquisition.,data/processed\extras_compare\ESP_013236_1410\diff_ESP_013236_1410_IRB.NOMAP.browse_vs_ESP_013236_1410_RED.NOMAP.browse.png,,0.376,,,,,,,
diff_ESP_013236_1410_MIRB.browse_vs_ESP_013236_1410_RED.NOMAP.browse.png,1220,7064,20,44,2.3,880,2.2,bright,2,0,0,0,False,1.0,0.865,52.48,no,0.896,0.7759,0.9122,38.6,48.6,PROMISING,low,small_blob,Strong single-image signal but not confirmed across band variants. Compare against the original product and look for the feature in a same-footprint sibling or an independent acquisition.,data/processed\extras_compare\ESP_013236_1410\diff_ESP_013236_1410_MIRB.browse_vs_ESP_013236_1410_RED.NOMAP.browse.png,,0.376,,,,,,,
diff_ESP_013236_1410_MIRB.thumb_vs_ESP_013236_1410_RED.NOMAP.browse.png,456,3084,12,44,0.89,528,3.67,dark,2,0,0,0,False,0.982,1.0,63.73,no,0.8965,0.7004,0.8076,38.6,48.6,PROMISING,low,,Strong single-image signal but not confirmed across band variants. Compare against the original product and look for the feature in a same-footprint sibling or an independent acquisition.,data/processed\extras_compare\ESP_013236_1410\diff_ESP_013236_1410_MIRB.thumb_vs_ESP_013236_1410_RED.NOMAP.browse.png,,0.405,,,,,,,
ESP_013236_1410_COLOR.thumb_enh.png,940,5384,12,40,0.82,480,3.33,bright,2,0,0,0,False,0.945,1.0,62.72,no,0.911,1.2156,0.884,38.5,48.5,PROMISING,low,,Strong single-image signal but not confirmed across band variants. Compare against the original product and look for the feature in a same-footprint sibling or an independent acquisition.,data/processed\ESP_013236_1410\ESP_013236_1410_COLOR.thumb_enh.png,,0.412,,,,,,,
ESP_013236_1410_IRB.NOMAP.thumb_enh.png,100,2952,24,28,0.62,672,1.17,dark,2,1,1,0,False,1.0,0.538,36.57,no,0.7386,1.2836,0.8358,30.5,48.5,CONFIRMED-LEAD,high,small_blob,"Real feature confirmed at the same pixels in the corresponding band variant(s) of one acquisition. Fetch the EDR original, geolocate on Trek, and check for an independent pass at a different lighting before writing a finding.",data/processed\ESP_013236_1410\ESP_013236_1410_IRB.NOMAP.thumb_enh.png,,0.446,,,,,,,
ESP_013236_1410_RGB.NOMAP.browse_enh.png,860,1772,16,16,0.16,256,1.0,dark,2,1,1,0,False,0.966,0.826,27.06,no,0.7451,1.3425,0.7829,26.5,48.5,CONFIRMED-LEAD,high,small_blob,"Real feature confirmed at the same pixels in the corresponding band variant(s) of one acquisition. Fetch the EDR original, geolocate on Trek, and check for an independent pass at a different lighting before writing a finding.",data/processed\ESP_013236_1410\ESP_013236_1410_RGB.NOMAP.browse_enh.png,,0.498,,,,,,,
ESP_013236_1410_RGB.NOMAP.browse_enh.png,140,7812,24,20,0.64,480,1.2,bright,2,1,1,0,False,1.0,0.628,45.28,no,0.7889,1.6062,0.7937,30.5,48.5,CONFIRMED-LEAD,high,small_blob,"Real feature confirmed at the same pixels in the corresponding band variant(s) of one acquisition. Fetch the EDR original, geolocate on Trek, and check for an independent pass at a different lighting before writing a finding.",data/processed\ESP_013236_1410\ESP_013236_1410_RGB.NOMAP.browse_enh.png,,0.443,,,,,,,
ESP_013948_1410_MRGB.browse_enh.png,1688,5828,28,36,0.05,1008,1.29,dark,3,2,1,1,False,0.823,0.543,37.03,no,0.842,1.2841,0.601,30.5,48.5,CONFIRMED-LEAD,high,small_blob,"Real feature confirmed at the same pixels in the corresponding band variant(s) of one acquisition. Fetch the EDR original, geolocate on Trek, and check for an independent pass at a different lighting before writing a finding.",data/processed\ESP_013948_1410\ESP_013948_1410_MRGB.browse_enh.png,,0.498,,,,,,,
DTEEC_013948_1410_013236_1410_A01.sb_enh.png,1120,2664,12,32,2.41,384,2.67,dark,2,0,0,0,False,1.0,1.0,33.87,no,0.8544,1.2173,0.8491,38.5,48.5,PROMISING,low,small_blob,Strong single-image signal but not confirmed across band variants. Compare against the original product and look for the feature in a same-footprint sibling or an independent acquisition.,data/processed\ESP_013948_1410_ESP_013236_1410\DTEEC_013948_1410_013236_1410_A01.sb_enh.png,,0.370,,,,,,,
ESP_013948_1410_RED_C_01_ORTHO.th_enh.png,572,2444,16,20,1.91,320,1.25,bright,2,0,1,0,False,1.0,1.0,39.29,no,0.821,0.8755,0.9497,26.5,48.5,CONFIRMED-LEAD,high,small_blob,"Real feature confirmed at the same pixels in the corresponding band variant(s) of one acquisition. Fetch the EDR original, geolocate on Trek, and check for an independent pass at a different lighting before writing a finding.",data/processed\ESP_013948_1410_ESP_013236_1410\ESP_013948_1410_RED_C_01_ORTHO.th_enh.png,,0.376,,,,,,,
diff_ESP_013236_1410_COLOR.abrowse_vs_ESP_013236_1410_RED.NOMAP.browse.png,1032,4816,12,32,2.41,384,2.67,bright,2,0,0,0,False,1.0,1.0,31.97,no,0.7998,1.1864,0.87,38.5,48.5,PROMISING,low,small_blob,Strong single-image signal but not confirmed across band variants. Compare against the original product and look for the feature in a same-footprint sibling or an independent acquisition.,data/processed\extras_compare\ESP_013236_1410\diff_ESP_013236_1410_COLOR.abrowse_vs_ESP_013236_1410_RED.NOMAP.browse.png,,0.370,,,,,,,
diff_ESP_013236_1410_COLOR.browse_vs_ESP_013236_1410_RED.NOMAP.browse.png,1372,5492,36,88,0.49,3168,2.44,dark,2,0,0,0,False,1.0,0.754,73.86,no,0.895,0.8851,0.7939,38.5,48.5,PROMISING,low,,Strong single-image signal but not confirmed across band variants. Compare against the original product and look for the feature in a same-footprint sibling or an independent acquisition.,data/processed\extras_compare\ESP_013236_1410\diff_ESP_013236_1410_COLOR.browse_vs_ESP_013236_1410_RED.NOMAP.browse.png,,0.471,,,,,,,
diff_ESP_013236_1410_COLOR.thumb_vs_ESP_013236_1410_RED.NOMAP.browse.png,660,676,20,16,2.14,320,1.25,dark,2,0,0,0,False,1.0,1.0,26.36,no,0.7992,1.3852,0.9652,38.5,48.5,PROMISING,low,small_blob,Strong single-image signal but not confirmed across band variants. Compare against the original product and look for the feature in a same-footprint sibling or an independent acquisition.,data/processed\extras_compare\ESP_013236_1410\diff_ESP_013236_1410_COLOR.thumb_vs_ESP_013236_1410_RED.NOMAP.browse.png,,0.376,,,,,,,
diff_ESP_013236_1410_MIRB.browse_vs_ESP_013236_1410_RED.NOMAP.browse.png,628,3044,12,40,0.82,480,3.33,bright,2,0,0,0,False,1.0,1.0,86.8,no,0.829,0.9522,0.9392,38.5,48.5,PROMISING,low,,Strong single-image signal but not confirmed across band variants. Compare against the original product and look for the feature in a same-footprint sibling or an independent acquisition.,data/processed\extras_compare\ESP_013236_1410\diff_ESP_013236_1410_MIRB.browse_vs_ESP_013236_1410_RED.NOMAP.browse.png,,0.412,,,,,,,
diff_ESP_013236_1410_MRGB.thumb_vs_ESP_013236_1410_RED.NOMAP.browse.png,312,1048,12,40,0.82,480,3.33,bright,2,0,0,0,False,1.0,1.0,53.49,no,0.9259,1.1546,0.8371,38.5,48.5,PROMISING,low,,Strong single-image signal but not confirmed across band variants. Compare against the original product and look for the feature in a same-footprint sibling or an independent acquisition.,data/processed\extras_compare\ESP_013236_1410\diff_ESP_013236_1410_MRGB.thumb_vs_ESP_013236_1410_RED.NOMAP.browse.png,,0.412,,,,,,,
diff_ESP_013236_1410_RED.thumb_vs_ESP_013236_1410_RED.NOMAP.browse.png,836,5828,12,36,1.67,432,3.0,bright,2,0,0,0,False,1.0,0.0,34.1,no,0.7963,1.1173,0.939,46.5,48.5,PROMISING,low,,Strong single-image signal but not confirmed across band variants. Compare against the original product and look for the feature in a same-footprint sibling or an independent acquisition.,data/processed\extras_compare\ESP_013236_1410\diff_ESP_013236_1410_RED.thumb_vs_ESP_013236_1410_RED.NOMAP.browse.png,,0.376,,,,,,,
ESP_013236_1410_IRB.NOMAP.browse_enh.png,608,2408,16,20,0.19,320,1.25,bright,2,1,1,0,False,0.936,0.97,32.95,no,0.8406,1.3756,0.6698,26.4,48.4,CONFIRMED-LEAD,high,small_blob,"Real feature confirmed at the same pixels in the corresponding band variant(s) of one acquisition. Fetch the EDR original, geolocate on Trek, and check for an independent pass at a different lighting before writing a finding.",data/processed\ESP_013236_1410\ESP_013236_1410_IRB.NOMAP.browse_enh.png,,0.498,,,,,,,
ESP_013236_1410_RED.NOMAP.browse_enh.png,1340,6316,28,60,1.42,1680,2.14,bright,2,0,0,0,False,1.0,0.195,23.58,no,0.8228,1.403,0.9031,46.4,48.4,PROMISING,low,,Strong single-image signal but not confirmed across band variants. Compare against the original product and look for the feature in a same-footprint sibling or an independent acquisition.,data/processed\ESP_013236_1410\ESP_013236_1410_RED.NOMAP.browse_enh.png,,0.384,,,,,,,
ESP_013948_1410_IRB.NOMAP.browse_enh.png,588,15424,24,28,0.61,672,1.17,dark,2,1,1,0,False,0.992,0.609,49.1,no,0.8233,1.3582,0.8847,30.4,48.4,CONFIRMED-LEAD,high,small_blob,"Real feature confirmed at the same pixels in the corresponding band variant(s) of one acquisition. Fetch the EDR original, geolocate on Trek, and check for an independent pass at a different lighting before writing a finding.",data/processed\ESP_013948_1410\ESP_013948_1410_IRB.NOMAP.browse_enh.png,,0.448,,,,,,,
ESP_013948_1410_RED.NOMAP.browse_enh.png,400,2756,12,28,2.34,336,2.33,dark,2,0,0,0,False,1.0,1.0,31.77,no,0.8329,0.9632,0.8793,38.4,48.4,PROMISING,low,small_blob,Strong single-image signal but not confirmed across band variants. Compare against the original product and look for the feature in a same-footprint sibling or an independent acquisition.,data/processed\ESP_013948_1410\ESP_013948_1410_RED.NOMAP.browse_enh.png,,0.376,,,,,,,
ESP_013948_1410_RED.NOMAP.browse_enh.png,2548,10908,20,20,2.08,400,1.0,dark,2,0,0,0,False,1.0,0.897,23.66,no,0.7807,1.1615,0.9678,38.4,48.4,PROMISING,low,small_blob,Strong single-image signal but not confirmed across band variants. Compare against the original product and look for the feature in a same-footprint sibling or an independent acquisition.,data/processed\ESP_013948_1410\ESP_013948_1410_RED.NOMAP.browse_enh.png,,0.376,,,,,,,
ESP_013948_1410_RED.NOMAP.browse_enh.png,2712,14864,16,28,2.22,448,1.75,dark,2,0,0,0,False,1.0,1.0,28.51,no,0.7049,1.5771,0.8716,38.4,48.4,PROMISING,low,small_blob,Strong single-image signal but not confirmed across band variants. Compare against the original product and look for the feature in a same-footprint sibling or an independent acquisition.,data/processed\ESP_013948_1410\ESP_013948_1410_RED.NOMAP.browse_enh.png,,0.376,,,,,,,
ESP_013236_1410_RED_C_01_ORTHO.ab_enh.png,960,5268,16,32,2.26,512,2.0,bright,2,0,0,1,False,1.0,1.0,41.74,no,0.8117,1.2128,0.9477,38.4,48.4,PROMISING,low,small_blob,Strong single-image signal but not confirmed across band variants. Compare against the original product and look for the feature in a same-footprint sibling or an independent acquisition.,data/processed\ESP_013948_1410_ESP_013236_1410\ESP_013236_1410_RED_C_01_ORTHO.ab_enh.png,,0.376,,,,,,,
ESP_013236_1410_RED_C_01_ORTHO.ab_enh.png,1540,5860,16,32,0.89,512,2.0,bright,2,0,1,0,False,1.0,1.0,61.62,no,0.8402,0.8336,0.9144,26.4,48.4,CONFIRMED-LEAD,high,small_blob,"Real feature confirmed at the same pixels in the corresponding band variant(s) of one acquisition. Fetch the EDR original, geolocate on Trek, and check for an independent pass at a different lighting before writing a finding.",data/processed\ESP_013948_1410_ESP_013236_1410\ESP_013236_1410_RED_C_01_ORTHO.ab_enh.png,,0.405,,,,,,,
ESP_013948_1410_RED_C_01_ORTHO.br_enh.png,432,4100,12,40,0.81,480,3.33,bright,2,0,0,0,False,0.93,1.0,67.4,no,0.8745,1.2635,0.7809,38.4,48.4,PROMISING,low,,Strong single-image signal but not confirmed across band variants. Compare against the original product and look for the feature in a same-footprint sibling or an independent acquisition.,data/processed\ESP_013948_1410_ESP_013236_1410\ESP_013948_1410_RED_C_01_ORTHO.br_enh.png,,0.414,,,,,,,
diff_ESP_013236_1410_COLOR.thumb_vs_ESP_013236_1410_RED.NOMAP.browse.png,1040,5476,12,40,0.81,480,3.33,dark,2,0,0,0,False,1.0,1.0,67.11,no,0.8915,0.6657,0.8742,38.4,48.4,PROMISING,low,,Strong single-image signal but not confirmed across band variants. Compare against the original product and look for the feature in a same-footprint sibling or an independent acquisition.,data/processed\extras_compare\ESP_013236_1410\diff_ESP_013236_1410_COLOR.thumb_vs_ESP_013236_1410_RED.NOMAP.browse.png,,0.414,,,,,,,
diff_ESP_013236_1410_IRB.NOMAP.thumb_vs_ESP_013236_1410_RED.NOMAP.browse.png,1604,6260,40,12,1.95,480,3.33,bright,2,0,0,0,False,1.0,1.0,51.06,no,0.778,0.8575,0.8701,38.4,48.4,PROMISING,low,,Strong single-image signal but not confirmed across band variants. Compare against the original product and look for the feature in a same-footprint sibling or an independent acquisition.,data/processed\extras_compare\ESP_013236_1410\diff_ESP_013236_1410_IRB.NOMAP.thumb_vs_ESP_013236_1410_RED.NOMAP.browse.png,,0.376,,,,,,,
diff_ESP_013236_1410_MRGB.abrowse_vs_ESP_013236_1410_RED.NOMAP.browse.png,684,7616,12,44,0.87,528,3.67,bright,2,0,0,0,False,1.0,1.0,66.02,no,0.8756,1.3803,0.8709,38.4,48.4,PROMISING,low,,Strong single-image signal but not confirmed across band variants. Compare against the original product and look for the feature in a same-footprint sibling or an independent acquisition.,data/processed\extras_compare\ESP_013236_1410\diff_ESP_013236_1410_MRGB.abrowse_vs_ESP_013236_1410_RED.NOMAP.browse.png,,0.405,,,,,,,
diff_ESP_013236_1410_RGB.NOMAP.thumb_vs_ESP_013236_1410_RED.NOMAP.browse.png,536,584,28,20,2.15,560,1.4,dark,2,0,0,0,False,1.0,0.713,44.96,no,0.8364,1.2955,0.9628,38.4,48.4,PROMISING,low,small_blob,Strong single-image signal but not confirmed across band variants. Compare against the original product and look for the feature in a same-footprint sibling or an independent acquisition.,data/processed\extras_compare\ESP_013236_1410\diff_ESP_013236_1410_RGB.NOMAP.thumb_vs_ESP_013236_1410_RED.NOMAP.browse.png,,0.376,,,,,,,
ESP_013948_1410_COLOR.abrowse_enh.png,1012,5912,40,60,0.79,2400,1.5,dark,2,0,0,0,False,1.0,0.463,41.71,no,0.8928,1.1844,0.766,42.3,48.3,PROMISING,low,,Strong single-image signal but not confirmed across band variants. Compare against the original product and look for the feature in a same-footprint sibling or an independent acquisition.,data/processed\ESP_013948_1410\ESP_013948_1410_COLOR.abrowse_enh.png,,0.417,,,,,,,
ESP_013948_1410_IRB.NOMAP.browse_enh.png,404,11100,28,16,0.27,448,1.75,bright,2,1,1,0,False,0.886,0.707,76.06,no,0.8251,0.9357,0.6857,26.3,48.3,CONFIRMED-LEAD,high,small_blob,"Real feature confirmed at the same pixels in the corresponding band variant(s) of one acquisition. Fetch the EDR original, geolocate on Trek, and check for an independent pass at a different lighting before writing a finding.",data/processed\ESP_013948_1410\ESP_013948_1410_IRB.NOMAP.browse_enh.png,,0.496,,,,,,,
ESP_013948_1410_RED.NOMAP.browse_enh.png,1368,5372,36,48,1.25,1728,1.33,bright,2,0,0,0,False,1.0,0.131,29.25,no,0.8238,1.5021,0.9585,46.3,48.3,PROMISING,low,,Strong single-image signal but not confirmed across band variants. Compare against the original product and look for the feature in a same-footprint sibling or an independent acquisition.,data/processed\ESP_013948_1410\ESP_013948_1410_RED.NOMAP.browse_enh.png,,0.390,,,,,,,
ESP_013948_1410_RGB.NOMAP.browse_enh.png,800,10504,16,24,0.22,384,1.5,bright,2,1,1,0,False,0.756,1.0,40.74,no,0.7198,1.8711,0.3528,26.3,48.3,CONFIRMED-LEAD,high,small_blob,"Real feature confirmed at the same pixels in the corresponding band variant(s) of one acquisition. Fetch the EDR original, geolocate on Trek, and check for an independent pass at a different lighting before writing a finding.",data/processed\ESP_013948_1410\ESP_013948_1410_RGB.NOMAP.browse_enh.png,,0.498,,,,,,,
diff_ESP_013236_1410_COLOR.browse_vs_ESP_013236_1410_RED.NOMAP.browse.png,1568,6592,12,44,0.86,528,3.67,dark,2,0,0,0,False,1.0,1.0,64.09,no,0.9176,0.8679,0.9406,38.3,48.3,PROMISING,low,,Strong single-image signal but not confirmed across band variants. Compare against the original product and look for the feature in a same-footprint sibling or an independent acquisition.,data/processed\extras_compare\ESP_013236_1410\diff_ESP_013236_1410_COLOR.browse_vs_ESP_013236_1410_RED.NOMAP.browse.png,,0.407,,,,,,,
diff_ESP_013236_1410_MIRB.browse_vs_ESP_013236_1410_RED.NOMAP.browse.png,188,3292,32,60,0.89,1920,1.88,dark,2,0,0,0,False,1.0,0.457,46.94,no,0.6345,1.6789,0.8921,42.3,48.3,PROMISING,low,,Strong single-image signal but not confirmed across band variants. Compare against the original product and look for the feature in a same-footprint sibling or an independent acquisition.,data/processed\extras_compare\ESP_013236_1410\diff_ESP_013236_1410_MIRB.browse_vs_ESP_013236_1410_RED.NOMAP.browse.png,,0.405,,,,,,,
diff_ESP_013236_1410_MIRB.thumb_vs_ESP_013236_1410_RED.NOMAP.browse.png,188,3292,32,60,0.89,1920,1.88,dark,2,0,0,0,False,1.0,0.457,47.01,no,0.6348,1.6837,0.8923,42.3,48.3,PROMISING,low,,Strong single-image signal but not confirmed across band variants. Compare against the original product and look for the feature in a same-footprint sibling or an independent acquisition.,data/processed\extras_compare\ESP_013236_1410\diff_ESP_013236_1410_MIRB.thumb_vs_ESP_013236_1410_RED.NOMAP.browse.png,,0.405,,,,,,,
diff_ESP_013236_1410_MRGB.abrowse_vs_ESP_013236_1410_RED.NOMAP.browse.png,188,3292,32,60,0.89,1920,1.88,dark,2,0,0,0,False,1.0,0.457,46.85,no,0.635,1.6877,0.8921,42.3,48.3,PROMISING,low,,Strong single-image signal but not confirmed across band variants. Compare against the original product and look for the feature in a same-footprint sibling or an independent acquisition.,data/processed\extras_compare\ESP_013236_1410\diff_ESP_013236_1410_MRGB.abrowse_vs_ESP_013236_1410_RED.NOMAP.browse.png,,0.405,,,,,,,
diff_ESP_013236_1410_RED.browse_vs_ESP_013236_1410_RED.NOMAP.browse.png,1784,4096,16,32,2.25,512,2.0,bright,2,0,0,0,False,1.0,1.0,33.56,no,0.7305,1.1305,0.9118,38.3,48.3,PROMISING,low,small_blob,Strong single-image signal but not confirmed across band variants. Compare against the original product and look for the feature in a same-footprint sibling or an independent acquisition.,data/processed\extras_compare\ESP_013236_1410\diff_ESP_013236_1410_RED.browse_vs_ESP_013236_1410_RED.NOMAP.browse.png,,0.376,,,,,,,
diff_ESP_013236_1410_RED.browse_vs_ESP_013236_1410_RED.NOMAP.browse.png,1464,5744,32,48,0.39,1536,1.5,dark,2,0,0,0,False,1.0,1.0,59.83,no,0.6821,1.3042,0.5838,38.3,48.3,PROMISING,low,,Strong single-image signal but not confirmed across band variants. Compare against the original product and look for the feature in a same-footprint sibling or an independent acquisition.,data/processed\extras_compare\ESP_013236_1410\diff_ESP_013236_1410_RED.browse_vs_ESP_013236_1410_RED.NOMAP.browse.png,,0.485,,,,,,,
diff_ESP_013236_1410_RED.thumb_vs_ESP_013236_1410_RED.NOMAP.browse.png,688,2408,24,68,0.63,1632,2.83,bright,2,0,0,0,False,1.0,1.0,92.85,no,0.9529,0.5028,0.7923,38.3,48.3,PROMISING,low,,Strong single-image signal but not confirmed across band variants. Compare against the original product and look for the feature in a same-footprint sibling or an independent acquisition.,data/processed\extras_compare\ESP_013236_1410\diff_ESP_013236_1410_RED.thumb_vs_ESP_013236_1410_RED.NOMAP.browse.png,,0.445,,,,,,,
ESP_013236_1410_COLOR.browse_enh.png,984,7388,48,76,0.73,3648,1.58,dark,2,0,0,0,False,1.0,0.206,62.92,no,0.9128,0.8887,0.8386,42.2,48.2,PROMISING,low,,Strong single-image signal but not confirmed across band variants. Compare against the original product and look for the feature in a same-footprint sibling or an independent acquisition.,data/processed\ESP_013236_1410\ESP_013236_1410_COLOR.browse_enh.png,,0.429,,,,,,,
ESP_013236_1410_COLOR.thumb_enh.png,764,3872,12,44,0.84,528,3.67,bright,2,0,0,0,False,0.955,1.0,63.9,no,0.909,1.2804,0.8885,38.2,48.2,PROMISING,low,,Strong single-image signal but not confirmed across band variants. Compare against the original product and look for the feature in a same-footprint sibling or an independent acquisition.,data/processed\ESP_013236_1410\ESP_013236_1410_COLOR.thumb_enh.png,,0.409,,,,,,,
ESP_013236_1410_RED_C_01_ORTHO.ab_enh.png,432,4212,12,40,0.78,480,3.33,bright,2,0,0,1,False,0.927,1.0,67.59,no,0.8803,1.2632,0.7788,38.2,48.2,PROMISING,low,,Strong single-image signal but not confirmed across band variants. Compare against the original product and look for the feature in a same-footprint sibling or an independent acquisition.,data/processed\ESP_013948_1410_ESP_013236_1410\ESP_013236_1410_RED_C_01_ORTHO.ab_enh.png,,0.419,,,,,,,
diff_ESP_013236_1410_IRB.NOMAP.thumb_vs_ESP_013236_1410_RED.NOMAP.browse.png,92,5824,36,12,1.64,432,3.0,bright,2,0,0,0,False,1.0,0.0,52.11,no,0.7954,1.2233,0.8949,46.2,48.2,PROMISING,low,,Strong single-image signal but not confirmed across band variants. Compare against the original product and look for the feature in a same-footprint sibling or an independent acquisition.,data/processed\extras_compare\ESP_013236_1410\diff_ESP_013236_1410_IRB.NOMAP.thumb_vs_ESP_013236_1410_RED.NOMAP.browse.png,,0.376,,,,,,,
diff_ESP_013236_1410_MRGB.browse_vs_ESP_013236_1410_RED.NOMAP.browse.png,188,3292,32,60,0.88,1920,1.88,dark,2,0,0,0,False,1.0,0.457,46.61,no,0.634,1.6676,0.8919,42.2,48.2,PROMISING,low,,Strong single-image signal but not confirmed across band variants. Compare against the original product and look for the feature in a same-footprint sibling or an independent acquisition.,data/processed\extras_compare\ESP_013236_1410\diff_ESP_013236_1410_MRGB.browse_vs_ESP_013236_1410_RED.NOMAP.browse.png,,0.405,,,,,,,
diff_ESP_013236_1410_RED.browse_vs_ESP_013236_1410_RED.NOMAP.browse.png,188,3292,32,60,0.88,1920,1.88,dark,2,0,0,0,False,1.0,0.457,46.16,no,0.6337,1.6589,0.8916,42.2,48.2,PROMISING,low,,Strong single-image signal but not confirmed across band variants. Compare against the original product and look for the feature in a same-footprint sibling or an independent acquisition.,data/processed\extras_compare\ESP_013236_1410\diff_ESP_013236_1410_RED.browse_vs_ESP_013236_1410_RED.NOMAP.browse.png,,0.405,,,,,,,
diff_ESP_013236_1410_RED.thumb_vs_ESP_013236_1410_RED.NOMAP.browse.png,468,6396,12,40,0.78,480,3.33,dark,2,0,0,0,False,1.0,1.0,75.16,no,0.9292,0.6476,0.8618,38.2,48.2,PROMISING,low,,Strong single-image signal but not confirmed across band variants. Compare against the original product and look for the feature in a same-footprint sibling or an independent acquisition.,data/processed\extras_compare\ESP_013236_1410\diff_ESP_013236_1410_RED.thumb_vs_ESP_013236_1410_RED.NOMAP.browse.png,,0.419,,,,,,,
diff_ESP_013236_1410_RGB.NOMAP.thumb_vs_ESP_013236_1410_RED.NOMAP.browse.png,1376,6144,96,20,0.98,1920,4.8,bright,2,0,0,0,False,1.0,1.0,72.52,no,0.9174,0.7246,0.819,38.2,48.2,PROMISING,low,,Strong single-image signal but not confirmed across band variants. Compare against the original product and look for the feature in a same-footprint sibling or an independent acquisition.,data/processed\extras_compare\ESP_013236_1410\diff_ESP_013236_1410_RGB.NOMAP.thumb_vs_ESP_013236_1410_RED.NOMAP.browse.png,,0.402,,,,,,,
ESP_013236_1410_IRB.NOMAP.browse_enh.png,252,7352,20,44,0.76,880,2.2,dark,2,1,1,0,False,1.0,0.568,38.07,no,0.752,1.4161,0.6932,30.1,48.1,CONFIRMED-LEAD,high,small_blob,"Real feature confirmed at the same pixels in the corresponding band variant(s) of one acquisition. Fetch the EDR original, geolocate on Trek, and check for an independent pass at a different lighting before writing a finding.",data/processed\ESP_013236_1410\ESP_013236_1410_IRB.NOMAP.browse_enh.png,,0.424,,,,,,,
ESP_013236_1410_IRB.NOMAP.browse_enh.png,904,13728,16,20,0.15,320,1.25,dark,2,1,1,0,False,0.662,0.817,27.6,no,0.5804,1.3963,0.821,26.1,48.1,CONFIRMED-LEAD,high,small_blob,"Real feature confirmed at the same pixels in the corresponding band variant(s) of one acquisition. Fetch the EDR original, geolocate on Trek, and check for an independent pass at a different lighting before writing a finding.",data/processed\ESP_013236_1410\ESP_013236_1410_IRB.NOMAP.browse_enh.png,,0.498,,,,,,,
ESP_013236_1410_RED.NOMAP.browse_enh.png,384,6588,36,60,0.82,2160,1.67,dark,2,0,0,0,False,1.0,0.38,52.99,no,0.7986,0.8554,0.9404,42.1,48.1,PROMISING,low,,Strong single-image signal but not confirmed across band variants. Compare against the original product and look for the feature in a same-footprint sibling or an independent acquisition.,data/processed\ESP_013236_1410\ESP_013236_1410_RED.NOMAP.browse_enh.png,,0.412,,,,,,,
ESP_013236_1410_RED.browse_enh.png,1388,3596,52,136,0.03,7072,2.62,bright,3,2,0,2,False,1.0,0.0,74.5,no,0.9276,0.6735,0.4314,46.1,48.1,PROMISING,low,,Strong single-image signal but not confirmed across band variants. Compare against the original product and look for the feature in a same-footprint sibling or an independent acquisition.,data/processed\ESP_013236_1410\ESP_013236_1410_RED.browse_enh.png,,0.498,,,,,,,
ESP_013948_1410_COLOR.thumb_enh.png,468,4676,16,80,1.04,1280,5.0,bright,2,0,0,0,False,0.994,0.848,56.32,no,0.8992,1.1789,0.836,38.1,48.1,PROMISING,low,,Strong single-image signal but not confirmed across band variants. Compare against the original product and look for the feature in a same-footprint sibling or an independent acquisition.,data/processed\ESP_013948_1410\ESP_013948_1410_COLOR.thumb_enh.png,,0.401,,,,,,,
ESP_013948_1410_MRGB.browse_enh.png,2108,9932,24,32,0.03,768,1.33,bright,3,2,1,1,False,1.0,0.591,33.47,no,0.8794,1.2152,0.449,30.1,48.1,CONFIRMED-LEAD,high,small_blob,"Real feature confirmed at the same pixels in the corresponding band variant(s) of one acquisition. Fetch the EDR original, geolocate on Trek, and check for an independent pass at a different lighting before writing a finding.",data/processed\ESP_013948_1410\ESP_013948_1410_MRGB.browse_enh.png,,0.498,,,,,,,
diff_ESP_013236_1410_COLOR.browse_vs_ESP_013236_1410_RED.NOMAP.browse.png,776,1968,12,36,0.71,432,3.0,bright,2,0,0,0,False,1.0,1.0,56.83,no,0.8769,1.2779,0.8838,38.1,48.1,PROMISING,low,,Strong single-image signal but not confirmed across band variants. Compare against the original product and look for the feature in a same-footprint sibling or an independent acquisition.,data/processed\extras_compare\ESP_013236_1410\diff_ESP_013236_1410_COLOR.browse_vs_ESP_013236_1410_RED.NOMAP.browse.png,,0.432,,,,,,,
diff_ESP_013236_1410_RED.thumb_vs_ESP_013236_1410_RED.NOMAP.browse.png,312,4556,12,44,0.83,528,3.67,bright,2,0,0,0,False,1.0,1.0,76.62,no,0.9276,0.6882,0.9426,38.1,48.1,PROMISING,low,,Strong single-image signal but not confirmed across band variants. Compare against the original product and look for the feature in a same-footprint sibling or an independent acquisition.,data/processed\extras_compare\ESP_013236_1410\diff_ESP_013236_1410_RED.thumb_vs_ESP_013236_1410_RED.NOMAP.browse.png,,0.410,,,,,,,
ESP_013236_1410_IRB.NOMAP.browse_enh.png,820,13664,20,24,0.13,480,1.2,bright,2,1,1,0,False,1.0,0.769,31.34,no,0.65,1.5635,0.1003,26.0,48.0,CONFIRMED-LEAD,high,small_blob,"Real feature confirmed at the same pixels in the corresponding band variant(s) of one acquisition. Fetch the EDR original, geolocate on Trek, and check for an independent pass at a different lighting before writing a finding.",data/processed\ESP_013236_1410\ESP_013236_1410_IRB.NOMAP.browse_enh.png,,0.498,,,,,,,
ESP_013236_1410_RED.NOMAP.browse_enh.png,3412,14228,100,152,0.49,15200,1.52,dark,2,0,0,0,False,1.0,0.044,41.13,no,0.7702,1.4459,0.7554,46.0,48.0,PROMISING,low,,Strong single-image signal but not confirmed across band variants. Compare against the original product and look for the feature in a same-footprint sibling or an independent acquisition.,data/processed\ESP_013236_1410\ESP_013236_1410_RED.NOMAP.browse_enh.png,,0.471,,,,,,,
ESP_013236_1410_RED.browse_enh.png,2084,7640,16,32,1.08,512,2.0,dark,3,2,0,2,False,1.0,1.0,38.38,no,0.7598,0.7261,0.9215,38.0,48.0,PROMISING,low,small_blob,Strong single-image signal but not confirmed across band variants. Compare against the original product and look for the feature in a same-footprint sibling or an independent acquisition.,data/processed\ESP_013236_1410\ESP_013236_1410_RED.browse_enh.png,,0.398,,,,,,,
ESP_013948_1410_IRB.NOMAP.browse_enh.png,684,10508,20,24,0.58,480,1.2,dark,2,1,1,0,False,1.0,0.613,48.13,no,0.5329,1.4423,0.8243,30.0,48.0,CONFIRMED-LEAD,high,small_blob,"Real feature confirmed at the same pixels in the corresponding band variant(s) of one acquisition. Fetch the EDR original, geolocate on Trek, and check for an independent pass at a different lighting before writing a finding.",data/processed\ESP_013948_1410\ESP_013948_1410_IRB.NOMAP.browse_enh.png,,0.456,,,,,,,
ESP_013948_1410_RGB.NOMAP.browse_enh.png,816,14612,20,28,0.73,560,1.4,bright,2,0,1,0,False,1.0,0.905,39.95,no,0.7082,1.7033,0.7735,26.0,48.0,CONFIRMED-LEAD,high,small_blob,"Real feature confirmed at the same pixels in the corresponding band variant(s) of one acquisition. Fetch the EDR original, geolocate on Trek, and check for an independent pass at a different lighting before writing a finding.",data/processed\ESP_013948_1410\ESP_013948_1410_RGB.NOMAP.browse_enh.png,,0.429,,,,,,,
diff_ESP_013236_1410_IRB.NOMAP.browse_vs_ESP_013236_1410_RED.NOMAP.browse.png,528,4988,44,36,0.29,1584,1.22,bright,2,0,0,0,False,1.0,1.0,64.95,no,0.7171,1.255,0.4766,38.0,48.0,PROMISING,low,,Strong single-image signal but not confirmed across band variants. Compare against the original product and look for the feature in a same-footprint sibling or an independent acquisition.,data/processed\extras_compare\ESP_013236_1410\diff_ESP_013236_1410_IRB.NOMAP.browse_vs_ESP_013236_1410_RED.NOMAP.browse.png,,0.495,,,,,,,
diff_ESP_013236_1410_MRGB.abrowse_vs_ESP_013236_1410_RED.NOMAP.browse.png,704,3300,20,76,1.25,1520,3.8,dark,2,0,0,0,False,1.0,0.527,70.07,no,0.7826,0.9259,0.8929,42.0,48.0,PROMISING,low,,Strong single-image signal but not confirmed across band variants. Compare against the original product and look for the feature in a same-footprint sibling or an independent acquisition.,data/processed\extras_compare\ESP_013236_1410\diff_ESP_013236_1410_MRGB.abrowse_vs_ESP_013236_1410_RED.NOMAP.browse.png,,0.390,,,,,,,
diff_ESP_013236_1410_MRGB.thumb_vs_ESP_013236_1410_RED.NOMAP.browse.png,668,5548,16,64,0.86,1024,4.0,dark,2,0,0,0,False,1.0,0.727,97.17,no,0.9494,0.5637,0.8978,38.0,48.0,PROMISING,low,,Strong single-image signal but not confirmed across band variants. Compare against the original product and look for the feature in a same-footprint sibling or an independent acquisition.,data/processed\extras_compare\ESP_013236_1410\diff_ESP_013236_1410_MRGB.thumb_vs_ESP_013236_1410_RED.NOMAP.browse.png,,0.407,,,,,,,
diff_ESP_013236_1410_RED.thumb_vs_ESP_013236_1410_RED.NOMAP.browse.png,968,3240,12,36,1.61,432,3.0,dark,2,0,0,0,False,1.0,0.0,41.87,no,0.7925,0.9321,0.8813,46.0,48.0,PROMISING,low,,Strong single-image signal but not confirmed across band variants. Compare against the original product and look for the feature in a same-footprint sibling or an independent acquisition.,data/processed\extras_compare\ESP_013236_1410\diff_ESP_013236_1410_RED.thumb_vs_ESP_013236_1410_RED.NOMAP.browse.png,,0.376,,,,,,,
diff_ESP_013236_1410_RGB.NOMAP.thumb_vs_ESP_013236_1410_RED.NOMAP.browse.png,1244,1096,40,28,2.53,1120,1.43,bright,2,0,0,0,False,1.0,0.297,34.77,no,0.7632,1.8166,0.7661,42.0,48.0,PROMISING,low,small_blob,Strong single-image signal but not confirmed across band variants. Compare against the original product and look for the feature in a same-footprint sibling or an independent acquisition.,data/processed\extras_compare\ESP_013236_1410\diff_ESP_013236_1410_RGB.NOMAP.thumb_vs_ESP_013236_1410_RED.NOMAP.browse.png,,0.314,,,,,,,
ESP_013236_1410_MIRB.abrowse_enh.png,1440,3640,24,84,0.01,2016,3.5,dark,3,2,0,2,False,1.0,0.361,66.4,no,0.9335,1.1795,0.3706,41.9,47.9,PROMISING,low,,Strong single-image signal but not confirmed across band variants. Compare against the original product and look for the feature in a same-footprint sibling or an independent acquisition.,data/processed\ESP_013236_1410\ESP_013236_1410_MIRB.abrowse_enh.png,,0.498,,,,,,,
ESP_013236_1410_MRGB.abrowse_enh.png,1440,3640,24,84,0.01,2016,3.5,bright,3,2,0,2,False,1.0,0.252,68.78,no,0.937,1.1352,0.3307,41.9,47.9,PROMISING,low,,Strong single-image signal but not confirmed across band variants. Compare against the original product and look for the feature in a same-footprint sibling or an independent acquisition.,data/processed\ESP_013236_1410\ESP_013236_1410_MRGB.abrowse_enh.png,,0.498,,,,,,,
ESP_013236_1410_RED.NOMAP.browse_enh.png,460,6392,112,184,0.19,20608,1.64,dark,2,0,0,0,False,1.0,0.022,48.38,no,0.7421,1.2387,0.5886,45.9,47.9,PROMISING,low,,Strong single-image signal but not confirmed across band variants. Compare against the original product and look for the feature in a same-footprint sibling or an independent acquisition.,data/processed\ESP_013236_1410\ESP_013236_1410_RED.NOMAP.browse_enh.png,,0.498,,,,,,,
ESP_013236_1410_RGB.NOMAP.browse_enh.png,724,11032,20,24,0.11,480,1.2,dark,2,1,1,0,False,1.0,0.931,26.99,no,0.6975,1.3618,0.5706,25.9,47.9,CONFIRMED-LEAD,high,small_blob,"Real feature confirmed at the same pixels in the corresponding band variant(s) of one acquisition. Fetch the EDR original, geolocate on Trek, and check for an independent pass at a different lighting before writing a finding.",data/processed\ESP_013236_1410\ESP_013236_1410_RGB.NOMAP.browse_enh.png,,0.498,,,,,,,
ESP_013236_1410_RGB.NOMAP.browse_enh.png,904,13728,16,20,0.13,320,1.25,dark,2,1,1,0,False,0.933,0.931,26.53,no,0.6382,1.4586,0.9266,25.9,47.9,CONFIRMED-LEAD,high,small_blob,"Real feature confirmed at the same pixels in the corresponding band variant(s) of one acquisition. Fetch the EDR original, geolocate on Trek, and check for an independent pass at a different lighting before writing a finding.",data/processed\ESP_013236_1410\ESP_013236_1410_RGB.NOMAP.browse_enh.png,,0.498,,,,,,,
diff_ESP_013236_1410_IRB.NOMAP.browse_vs_ESP_013236_1410_RED.NOMAP.browse.png,1036,6152,16,40,2.3,640,2.5,bright,2,0,0,0,False,1.0,1.0,42.23,no,0.7112,1.591,0.8778,37.9,47.9,PROMISING,low,small_blob,Strong single-image signal but not confirmed across band variants. Compare against the original product and look for the feature in a same-footprint sibling or an independent acquisition.,data/processed\extras_compare\ESP_013236_1410\diff_ESP_013236_1410_IRB.NOMAP.browse_vs_ESP_013236_1410_RED.NOMAP.browse.png,,0.376,,,,,,,
diff_ESP_013236_1410_RED.thumb_vs_ESP_013236_1410_RED.NOMAP.browse.png,1652,3100,12,44,0.81,528,3.67,dark,2,0,0,0,False,0.975,1.0,71.72,no,0.8729,0.8793,0.8142,37.9,47.9,PROMISING,low,,Strong single-image signal but not confirmed across band variants. Compare against the original product and look for the feature in a same-footprint sibling or an independent acquisition.,data/processed\extras_compare\ESP_013236_1410\diff_ESP_013236_1410_RED.thumb_vs_ESP_013236_1410_RED.NOMAP.browse.png,,0.414,,,,,,,
diff_ESP_013236_1410_RGB.NOMAP.browse_vs_ESP_013236_1410_RED.NOMAP.browse.png,896,828,12,40,0.75,480,3.33,dark,2,0,0,0,False,1.0,1.0,86.06,no,0.8509,0.9753,0.9359,37.9,47.9,PROMISING,low,,Strong single-image signal but not confirmed across band variants. Compare against the original product and look for the feature in a same-footprint sibling or an independent acquisition.,data/processed\extras_compare\ESP_013236_1410\diff_ESP_013236_1410_RGB.NOMAP.browse_vs_ESP_013236_1410_RED.NOMAP.browse.png,,0.425,,,,,,,
ESP_013236_1410_RED.NOMAP.browse_enh.png,752,3236,16,36,2.24,576,2.25,dark,2,0,0,0,False,1.0,0.723,15.23,no,0.8827,1.6597,0.8426,37.8,47.8,PROMISING,low,small_blob,Strong single-image signal but not confirmed across band variants. Compare against the original product and look for the feature in a same-footprint sibling or an independent acquisition.,data/processed\ESP_013236_1410\ESP_013236_1410_RED.NOMAP.browse_enh.png,,0.376,,,,,,,
ESP_013236_1410_RED.browse_enh.png,2140,7476,16,32,1.05,512,2.0,dark,3,2,0,2,False,1.0,1.0,29.2,no,0.7491,1.0294,0.8248,37.8,47.8,PROMISING,low,small_blob,Strong single-image signal but not confirmed across band variants. Compare against the original product and look for the feature in a same-footprint sibling or an independent acquisition.,data/processed\ESP_013236_1410\ESP_013236_1410_RED.browse_enh.png,,0.400,,,,,,,
ESP_013948_1410_RED.NOMAP.browse_enh.png,3324,9260,12,44,0.8,528,3.67,bright,2,0,0,0,False,1.0,1.0,34.35,no,0.6165,1.5439,0.5131,37.8,47.8,PROMISING,low,,Strong single-image signal but not confirmed across band variants. Compare against the original product and look for the feature in a same-footprint sibling or an independent acquisition.,data/processed\ESP_013948_1410\ESP_013948_1410_RED.NOMAP.browse_enh.png,,0.416,,,,,,,
ESP_013948_1410_RED.NOMAP.browse_enh.png,2732,11764,12,28,2.27,336,2.33,dark,2,0,0,0,False,1.0,1.0,28.04,no,0.7354,1.1876,0.9367,37.8,47.8,PROMISING,low,small_blob,Strong single-image signal but not confirmed across band variants. Compare against the original product and look for the feature in a same-footprint sibling or an independent acquisition.,data/processed\ESP_013948_1410\ESP_013948_1410_RED.NOMAP.browse_enh.png,,0.376,,,,,,,
diff_ESP_013236_1410_COLOR.abrowse_vs_ESP_013236_1410_RED.NOMAP.browse.png,1048,5160,12,40,0.74,480,3.33,bright,2,0,0,0,False,1.0,1.0,67.2,no,0.893,0.7582,0.8759,37.8,47.8,PROMISING,low,,Strong single-image signal but not confirmed across band variants. Compare against the original product and look for the feature in a same-footprint sibling or an independent acquisition.,data/processed\extras_compare\ESP_013236_1410\diff_ESP_013236_1410_COLOR.abrowse_vs_ESP_013236_1410_RED.NOMAP.browse.png,,0.426,,,,,,,
diff_ESP_013236_1410_IRB.NOMAP.thumb_vs_ESP_013236_1410_RED.NOMAP.browse.png,96,648,28,16,2.15,448,1.75,bright,2,0,0,0,False,1.0,1.0,43.2,no,0.8762,0.7131,0.9375,37.8,47.8,PROMISING,low,small_blob,Strong single-image signal but not confirmed across band variants. Compare against the original product and look for the feature in a same-footprint sibling or an independent acquisition.,data/processed\extras_compare\ESP_013236_1410\diff_ESP_013236_1410_IRB.NOMAP.thumb_vs_ESP_013236_1410_RED.NOMAP.browse.png,,0.376,,,,,,,
diff_ESP_013236_1410_MRGB.thumb_vs_ESP_013236_1410_RED.NOMAP.browse.png,1452,3040,16,32,2.19,512,2.0,bright,2,0,0,0,False,1.0,1.0,26.55,no,0.7784,1.1463,0.9032,37.8,47.8,PROMISING,low,small_blob,Strong single-image signal but not confirmed across band variants. Compare against the original product and look for the feature in a same-footprint sibling or an independent acquisition.,data/processed\extras_compare\ESP_013236_1410\diff_ESP_013236_1410_MRGB.thumb_vs_ESP_013236_1410_RED.NOMAP.browse.png,,0.376,,,,,,,
diff_ESP_013236_1410_RED.thumb_vs_ESP_013236_1410_RED.NOMAP.browse.png,1132,976,32,40,2.47,1280,1.25,bright,2,0,0,0,False,1.0,0.435,34.8,no,0.8497,1.1129,0.8577,41.8,47.8,PROMISING,low,small_blob,Strong single-image signal but not confirmed across band variants. Compare against the original product and look for the feature in a same-footprint sibling or an independent acquisition.,data/processed\extras_compare\ESP_013236_1410\diff_ESP_013236_1410_RED.thumb_vs_ESP_013236_1410_RED.NOMAP.browse.png,,0.351,,,,,,,
ESP_013236_1410_RED.NOMAP.browse_enh.png,2812,2552,16,48,0.65,768,3.0,bright,2,0,0,0,False,0.987,1.0,62.6,no,0.9,0.9949,0.7734,37.7,47.7,PROMISING,low,,Strong single-image signal but not confirmed across band variants. Compare against the original product and look for the feature in a same-footprint sibling or an independent acquisition.,data/processed\ESP_013236_1410\ESP_013236_1410_RED.NOMAP.browse_enh.png,,0.440,,,,,,,
ESP_013948_1410_IRB.NOMAP.browse_enh.png,892,9596,24,24,0.5,576,1.0,bright,2,1,1,0,False,1.0,0.685,44.11,no,0.8277,1.5109,0.6414,29.7,47.7,CONFIRMED-LEAD,high,small_blob,"Real feature confirmed at the same pixels in the corresponding band variant(s) of one acquisition. Fetch the EDR original, geolocate on Trek, and check for an independent pass at a different lighting before writing a finding.",data/processed\ESP_013948_1410\ESP_013948_1410_IRB.NOMAP.browse_enh.png,,0.470,,,,,,,
ESP_013948_1410_RED.NOMAP.browse_enh.png,2772,10768,12,24,2.2,288,2.0,dark,2,0,0,0,False,1.0,0.909,27.99,no,0.6727,1.4547,0.8382,37.7,47.7,PROMISING,low,small_blob,Strong single-image signal but not confirmed across band variants. Compare against the original product and look for the feature in a same-footprint sibling or an independent acquisition.,data/processed\ESP_013948_1410\ESP_013948_1410_RED.NOMAP.browse_enh.png,,0.376,,,,,,,
ESP_013236_1410_RED_C_01_ORTHO.ab_enh.png,1376,5796,16,24,0.73,384,1.5,dark,2,0,1,0,False,0.993,1.0,59.58,no,0.7923,1.2804,0.6748,25.7,47.7,CONFIRMED-LEAD,high,small_blob,"Real feature confirmed at the same pixels in the corresponding band variant(s) of one acquisition. Fetch the EDR original, geolocate on Trek, and check for an independent pass at a different lighting before writing a finding.",data/processed\ESP_013948_1410_ESP_013236_1410\ESP_013236_1410_RED_C_01_ORTHO.ab_enh.png,,0.429,,,,,,,
ESP_013948_1410_RED_C_01_ORTHO.ab_enh.png,1912,3876,20,64,0.65,1280,3.2,bright,2,0,0,1,False,1.0,0.756,43.25,no,0.7848,1.2042,0.7553,37.7,47.7,PROMISING,low,,Strong single-image signal but not confirmed across band variants. Compare against the original product and look for the feature in a same-footprint sibling or an independent acquisition.,data/processed\ESP_013948_1410_ESP_013236_1410\ESP_013948_1410_RED_C_01_ORTHO.ab_enh.png,,0.440,,,,,,,
diff_ESP_013236_1410_COLOR.browse_vs_ESP_013236_1410_RED.NOMAP.browse.png,1604,6740,12,36,0.67,432,3.0,bright,2,0,0,0,False,0.989,1.0,64.49,no,0.795,0.8785,0.7752,37.7,47.7,PROMISING,low,,Strong single-image signal but not confirmed across band variants. Compare against the original product and look for the feature in a same-footprint sibling or an independent acquisition.,data/processed\extras_compare\ESP_013236_1410\diff_ESP_013236_1410_COLOR.browse_vs_ESP_013236_1410_RED.NOMAP.browse.png,,0.438,,,,,,,
diff_ESP_013236_1410_RED.thumb_vs_ESP_013236_1410_RED.NOMAP.browse.png,280,4168,16,68,0.87,1088,4.25,bright,2,0,0,0,False,1.0,0.935,69.13,no,0.9323,0.9763,0.8549,37.7,47.7,PROMISING,low,,Strong single-image signal but not confirmed across band variants. Compare against the original product and look for the feature in a same-footprint sibling or an independent acquisition.,data/processed\extras_compare\ESP_013236_1410\diff_ESP_013236_1410_RED.thumb_vs_ESP_013236_1410_RED.NOMAP.browse.png,,0.405,,,,,,,
diff_ESP_013236_1410_RED.thumb_vs_ESP_013236_1410_RED.NOMAP.browse.png,288,4288,16,48,0.65,768,3.0,bright,2,0,0,0,False,1.0,1.0,71.38,no,0.9086,0.8777,0.9542,37.7,47.7,PROMISING,low,,Strong single-image signal but not confirmed across band variants. Compare against the original product and look for the feature in a same-footprint sibling or an independent acquisition.,data/processed\extras_compare\ESP_013236_1410\diff_ESP_013236_1410_RED.thumb_vs_ESP_013236_1410_RED.NOMAP.browse.png,,0.440,,,,,,,
ESP_013236_1410_IRB.NOMAP.browse_enh.png,148,1916,16,28,0.76,448,1.75,dark,2,0,1,0,False,0.98,1.0,72.55,no,0.8351,1.3735,0.8395,25.6,47.6,CONFIRMED-LEAD,high,small_blob,"Real feature confirmed at the same pixels in the corresponding band variant(s) of one acquisition. Fetch the EDR original, geolocate on Trek, and check for an independent pass at a different lighting before writing a finding.",data/processed\ESP_013236_1410\ESP_013236_1410_IRB.NOMAP.browse_enh.png,,0.424,,,,,,,
ESP_013236_1410_RED.NOMAP.browse_enh.png,3392,7892,16,32,2.17,512,2.0,dark,2,0,0,0,False,1.0,1.0,22.71,no,0.8221,1.0338,0.9524,37.6,47.6,PROMISING,low,small_blob,Strong single-image signal but not confirmed across band variants. Compare against the original product and look for the feature in a same-footprint sibling or an independent acquisition.,data/processed\ESP_013236_1410\ESP_013236_1410_RED.NOMAP.browse_enh.png,,0.376,,,,,,,
ESP_013236_1410_RED.NOMAP.browse_enh.png,3376,10696,20,16,2.04,320,1.25,dark,2,0,0,0,False,1.0,1.0,24.19,no,0.7615,1.3372,0.9705,37.6,47.6,PROMISING,low,small_blob,Strong single-image signal but not confirmed across band variants. Compare against the original product and look for the feature in a same-footprint sibling or an independent acquisition.,data/processed\ESP_013236_1410\ESP_013236_1410_RED.NOMAP.browse_enh.png,,0.376,,,,,,,
ESP_013948_1410_IRB.NOMAP.browse_enh.png,788,2392,32,28,0.61,896,1.14,bright,2,0,1,0,False,1.0,1.0,44.68,no,0.8674,1.313,0.7962,25.6,47.6,CONFIRMED-LEAD,high,small_blob,"Real feature confirmed at the same pixels in the corresponding band variant(s) of one acquisition. Fetch the EDR original, geolocate on Trek, and check for an independent pass at a different lighting before writing a finding.",data/processed\ESP_013948_1410\ESP_013948_1410_IRB.NOMAP.browse_enh.png,,0.448,,,,,,,
ESP_013948_1410_MIRB.browse_enh.png,1356,2636,20,36,0.06,720,1.8,bright,3,2,1,1,False,1.0,0.669,45.56,no,0.9045,1.159,0.4705,29.6,47.6,CONFIRMED-LEAD,high,small_blob,"Real feature confirmed at the same pixels in the corresponding band variant(s) of one acquisition. Fetch the EDR original, geolocate on Trek, and check for an independent pass at a different lighting before writing a finding.",data/processed\ESP_013948_1410\ESP_013948_1410_MIRB.browse_enh.png,,0.498,,,,,,,
ESP_013948_1410_RED.NOMAP.browse_enh.png,3728,9596,12,44,0.78,528,3.67,dark,2,0,0,0,False,0.993,1.0,51.17,no,0.7127,1.2649,0.8351,37.6,47.6,PROMISING,low,,Strong single-image signal but not confirmed across band variants. Compare against the original product and look for the feature in a same-footprint sibling or an independent acquisition.,data/processed\ESP_013948_1410\ESP_013948_1410_RED.NOMAP.browse_enh.png,,0.419,,,,,,,
ESP_013948_1410_RED.browse_enh.png,1596,3628,24,20,1.45,480,1.2,dark,2,1,0,2,False,1.0,1.0,32.7,no,0.7591,1.0208,0.8201,37.6,47.6,PROMISING,low,small_blob,Strong single-image signal but not confirmed across band variants. Compare against the original product and look for the feature in a same-footprint sibling or an independent acquisition.,data/processed\ESP_013948_1410\ESP_013948_1410_RED.browse_enh.png,,0.384,,,,,,,
DTEEC_013948_1410_013236_1410_A01.sb_enh.png,428,2432,12,24,2.18,288,2.0,dark,2,0,0,0,False,1.0,1.0,34.37,no,0.7095,1.6024,0.8969,37.6,47.6,PROMISING,low,small_blob,Strong single-image signal but not confirmed across band variants. Compare against the original product and look for the feature in a same-footprint sibling or an independent acquisition.,data/processed\ESP_013948_1410_ESP_013236_1410\DTEEC_013948_1410_013236_1410_A01.sb_enh.png,,0.376,,,,,,,
diff_ESP_013236_1410_MIRB.thumb_vs_ESP_013236_1410_RED.NOMAP.browse.png,792,3312,12,44,1.69,528,3.67,dark,2,0,0,0,False,1.0,0.0,40.71,no,0.6876,1.1757,0.9097,45.6,47.6,PROMISING,low,,Strong single-image signal but not confirmed across band variants. Compare against the original product and look for the feature in a same-footprint sibling or an independent acquisition.,data/processed\extras_compare\ESP_013236_1410\diff_ESP_013236_1410_MIRB.thumb_vs_ESP_013236_1410_RED.NOMAP.browse.png,,0.376,,,,,,,
diff_ESP_013236_1410_MRGB.thumb_vs_ESP_013236_1410_RED.NOMAP.browse.png,512,3576,12,36,0.65,432,3.0,dark,2,0,0,0,False,1.0,1.0,73.15,no,0.8561,0.7656,0.8518,37.6,47.6,PROMISING,low,,Strong single-image signal but not confirmed across band variants. Compare against the original product and look for the feature in a same-footprint sibling or an independent acquisition.,data/processed\extras_compare\ESP_013236_1410\diff_ESP_013236_1410_MRGB.thumb_vs_ESP_013236_1410_RED.NOMAP.browse.png,,0.440,,,,,,,
diff_ESP_013236_1410_RED.thumb_vs_ESP_013236_1410_RED.NOMAP.browse.png,704,2428,16,52,0.68,832,3.25,dark,2,0,0,0,False,0.997,1.0,96.88,no,0.9412,0.502,0.8382,37.6,47.6,PROMISING,low,,Strong single-image signal but not confirmed across band variants. Compare against the original product and look for the feature in a same-footprint sibling or an independent acquisition.,data/processed\extras_compare\ESP_013236_1410\diff_ESP_013236_1410_RED.thumb_vs_ESP_013236_1410_RED.NOMAP.browse.png,,0.436,,,,,,,
diff_ESP_013236_1410_RED.thumb_vs_ESP_013236_1410_RED.NOMAP.browse.png,408,5636,12,40,0.71,480,3.33,dark,2,0,0,0,False,0.998,1.0,67.46,no,0.9166,0.6757,0.8313,37.6,47.6,PROMISING,low,,Strong single-image signal but not confirmed across band variants. Compare against the original product and look for the feature in a same-footprint sibling or an independent acquisition.,data/processed\extras_compare\ESP_013236_1410\diff_ESP_013236_1410_RED.thumb_vs_ESP_013236_1410_RED.NOMAP.browse.png,,0.432,,,,,,,
diff_ESP_013236_1410_RED.thumb_vs_ESP_013236_1410_RED.NOMAP.browse.png,1164,7012,16,36,2.22,576,2.25,bright,2,0,0,0,False,1.0,1.0,42.24,no,0.8883,0.6979,0.923,37.6,47.6,PROMISING,low,small_blob,Strong single-image signal but not confirmed across band variants. Compare against the original product and look for the feature in a same-footprint sibling or an independent acquisition.,data/processed\extras_compare\ESP_013236_1410\diff_ESP_013236_1410_RED.thumb_vs_ESP_013236_1410_RED.NOMAP.browse.png,,0.376,,,,,,,
diff_ESP_013236_1410_RGB.NOMAP.browse_vs_ESP_013236_1410_RED.NOMAP.browse.png,1864,7008,28,8,1.68,224,3.5,bright,2,0,0,0,False,1.0,0.0,55.75,no,0.8175,0.7028,0.9714,45.6,47.6,PROMISING,low,,Strong single-image signal but not confirmed across band variants. Compare against the original product and look for the feature in a same-footprint sibling or an independent acquisition.,data/processed\extras_compare\ESP_013236_1410\diff_ESP_013236_1410_RGB.NOMAP.browse_vs_ESP_013236_1410_RED.NOMAP.browse.png,,0.376,,,,,,,
ESP_013236_1410_RED.NOMAP.browse_enh.png,2660,12464,16,40,2.25,640,2.5,dark,2,0,0,0,False,1.0,1.0,26.36,no,0.7438,1.3494,0.9573,37.5,47.5,PROMISING,low,small_blob,Strong single-image signal but not confirmed across band variants. Compare against the original product and look for the feature in a same-footprint sibling or an independent acquisition.,data/processed\ESP_013236_1410\ESP_013236_1410_RED.NOMAP.browse_enh.png,,0.376,,,,,,,
ESP_013948_1410_RED.NOMAP.browse_enh.png,3756,9520,28,16,2.57,448,1.75,dark,2,0,0,0,False,1.0,0.469,38.79,no,0.7279,1.4763,0.8329,41.5,47.5,PROMISING,low,small_blob,Strong single-image signal but not confirmed across band variants. Compare against the original product and look for the feature in a same-footprint sibling or an independent acquisition.,data/processed\ESP_013948_1410\ESP_013948_1410_RED.NOMAP.browse_enh.png,,0.298,,,,,,,
ESP_013236_1410_COLOR.thumb_enh.png,332,772,12,28,2.22,336,2.33,dark,2,0,0,0,False,1.0,1.0,28.03,no,0.8734,0.7884,0.9318,37.4,47.4,PROMISING,low,small_blob,Strong single-image signal but not confirmed across band variants. Compare against the original product and look for the feature in a same-footprint sibling or an independent acquisition.,data/processed\ESP_013236_1410\ESP_013236_1410_COLOR.thumb_enh.png,,0.376,,,,,,,
ESP_013236_1410_IRB.NOMAP.browse_enh.png,516,11208,16,28,0.74,448,1.75,dark,2,0,1,0,False,1.0,1.0,37.73,no,0.5062,1.6248,0.6265,25.4,47.4,CONFIRMED-LEAD,high,small_blob,"Real feature confirmed at the same pixels in the corresponding band variant(s) of one acquisition. Fetch the EDR original, geolocate on Trek, and check for an independent pass at a different lighting before writing a finding.",data/processed\ESP_013236_1410\ESP_013236_1410_IRB.NOMAP.browse_enh.png,,0.426,,,,,,,
ESP_013236_1410_RED.NOMAP.browse_enh.png,2956,2804,12,40,0.69,480,3.33,dark,2,0,0,0,False,1.0,1.0,69.17,no,0.9213,0.6355,0.9115,37.4,47.4,PROMISING,low,,Strong single-image signal but not confirmed across band variants. Compare against the original product and look for the feature in a same-footprint sibling or an independent acquisition.,data/processed\ESP_013236_1410\ESP_013236_1410_RED.NOMAP.browse_enh.png,,0.434,,,,,,,
ESP_013236_1410_RGB.NOMAP.browse_enh.png,348,11688,16,28,0.73,448,1.75,bright,2,0,1,0,False,1.0,0.974,32.84,no,0.7373,1.6403,0.7141,25.4,47.4,CONFIRMED-LEAD,high,small_blob,"Real feature confirmed at the same pixels in the corresponding band variant(s) of one acquisition. Fetch the EDR original, geolocate on Trek, and check for an independent pass at a different lighting before writing a finding.",data/processed\ESP_013236_1410\ESP_013236_1410_RGB.NOMAP.browse_enh.png,,0.429,,,,,,,
ESP_013236_1410_RGB.NOMAP.browse_enh.png,144,18040,24,40,0.12,960,1.67,dark,2,1,1,0,False,1.0,0.853,71.43,no,0.9134,0.9604,0.4458,25.4,47.4,CONFIRMED-LEAD,high,small_blob,"Real feature confirmed at the same pixels in the corresponding band variant(s) of one acquisition. Fetch the EDR original, geolocate on Trek, and check for an independent pass at a different lighting before writing a finding.",data/processed\ESP_013236_1410\ESP_013236_1410_RGB.NOMAP.browse_enh.png,,0.498,,,,,,,
ESP_013948_1410_RED.NOMAP.browse_enh.png,332,3284,16,56,0.7,896,3.5,bright,2,0,0,0,False,1.0,1.0,44.95,no,0.8442,0.9877,0.6238,37.4,47.4,PROMISING,low,,Strong single-image signal but not confirmed across band variants. Compare against the original product and look for the feature in a same-footprint sibling or an independent acquisition.,data/processed\ESP_013948_1410\ESP_013948_1410_RED.NOMAP.browse_enh.png,,0.433,,,,,,,
ESP_013948_1410_RED.NOMAP.browse_enh.png,660,6128,12,36,0.63,432,3.0,bright,2,0,0,0,False,1.0,1.0,51.97,no,0.7494,1.3406,0.8372,37.4,47.4,PROMISING,low,,Strong single-image signal but not confirmed across band variants. Compare against the original product and look for the feature in a same-footprint sibling or an independent acquisition.,data/processed\ESP_013948_1410\ESP_013948_1410_RED.NOMAP.browse_enh.png,,0.445,,,,,,,
DTEEC_013948_1410_013236_1410_A01.sa_enh.png,428,2544,12,24,2.16,288,2.0,dark,2,0,0,0,False,1.0,1.0,34.88,no,0.7116,1.6448,0.8973,37.4,47.4,PROMISING,low,small_blob,Strong single-image signal but not confirmed across band variants. Compare against the original product and look for the feature in a same-footprint sibling or an independent acquisition.,data/processed\ESP_013948_1410_ESP_013236_1410\DTEEC_013948_1410_013236_1410_A01.sa_enh.png,,0.376,,,,,,,
diff_ESP_013236_1410_MRGB.abrowse_vs_ESP_013236_1410_RED.NOMAP.browse.png,884,748,20,40,2.13,800,2.0,bright,2,0,0,0,False,1.0,1.0,41.91,no,0.7886,1.1851,0.7674,37.4,47.4,PROMISING,low,small_blob,Strong single-image signal but not confirmed across band variants. Compare against the original product and look for the feature in a same-footprint sibling or an independent acquisition.,data/processed\extras_compare\ESP_013236_1410\diff_ESP_013236_1410_MRGB.abrowse_vs_ESP_013236_1410_RED.NOMAP.browse.png,,0.376,,,,,,,
diff_ESP_013236_1410_MRGB.thumb_vs_ESP_013236_1410_RED.NOMAP.browse.png,1456,2672,16,52,0.66,832,3.25,dark,2,0,0,0,False,0.981,1.0,82.2,no,0.9304,0.6104,0.9176,37.4,47.4,PROMISING,low,,Strong single-image signal but not confirmed across band variants. Compare against the original product and look for the feature in a same-footprint sibling or an independent acquisition.,data/processed\extras_compare\ESP_013236_1410\diff_ESP_013236_1410_MRGB.thumb_vs_ESP_013236_1410_RED.NOMAP.browse.png,,0.438,,,,,,,
diff_ESP_013236_1410_RED.browse_vs_ESP_013236_1410_RED.NOMAP.browse.png,956,6340,16,64,1.25,1024,4.0,bright,2,0,0,0,False,1.0,0.454,48.42,no,0.8416,1.3913,0.9126,41.4,47.4,PROMISING,low,,Strong single-image signal but not confirmed across band variants. Compare against the original product and look for the feature in a same-footprint sibling or an independent acquisition.,data/processed\extras_compare\ESP_013236_1410\diff_ESP_013236_1410_RED.browse_vs_ESP_013236_1410_RED.NOMAP.browse.png,,0.390,,,,,,,
diff_ESP_013236_1410_RED.thumb_vs_ESP_013236_1410_RED.NOMAP.browse.png,1036,6152,16,40,2.24,640,2.5,dark,2,0,0,0,False,1.0,1.0,30.27,no,0.719,1.2715,0.93,37.4,47.4,PROMISING,low,small_blob,Strong single-image signal but not confirmed across band variants. Compare against the original product and look for the feature in a same-footprint sibling or an independent acquisition.,data/processed\extras_compare\ESP_013236_1410\diff_ESP_013236_1410_RED.thumb_vs_ESP_013236_1410_RED.NOMAP.browse.png,,0.376,,,,,,,
diff_ESP_013236_1410_RED.thumb_vs_ESP_013236_1410_RED.NOMAP.browse.png,876,6656,12,24,2.16,288,2.0,bright,2,0,0,0,False,1.0,1.0,37.08,no,0.8501,0.908,0.9761,37.4,47.4,PROMISING,low,small_blob,Strong single-image signal but not confirmed across band variants. Compare against the original product and look for the feature in a same-footprint sibling or an independent acquisition.,data/processed\extras_compare\ESP_013236_1410\diff_ESP_013236_1410_RED.thumb_vs_ESP_013236_1410_RED.NOMAP.browse.png,,0.376,,,,,,,
diff_ESP_013236_1410_RGB.NOMAP.thumb_vs_ESP_013236_1410_RED.NOMAP.browse.png,1540,784,12,20,2.1,240,1.67,bright,2,0,0,0,False,1.0,1.0,50.28,no,0.7702,0.9532,0.9552,37.4,47.4,PROMISING,low,small_blob,Strong single-image signal but not confirmed across band variants. Compare against the original product and look for the feature in a same-footprint sibling or an independent acquisition.,data/processed\extras_compare\ESP_013236_1410\diff_ESP_013236_1410_RGB.NOMAP.thumb_vs_ESP_013236_1410_RED.NOMAP.browse.png,,0.376,,,,,,,
ESP_013236_1410_IRB.NOMAP.browse_enh.png,824,15148,20,44,0.21,880,2.2,dark,2,1,1,0,False,0.974,1.0,65.77,no,0.8518,0.8979,0.5868,25.3,47.3,CONFIRMED-LEAD,high,small_blob,"Real feature confirmed at the same pixels in the corresponding band variant(s) of one acquisition. Fetch the EDR original, geolocate on Trek, and check for an independent pass at a different lighting before writing a finding.",data/processed\ESP_013236_1410\ESP_013236_1410_IRB.NOMAP.browse_enh.png,,0.498,,,,,,,
ESP_013236_1410_RED.NOMAP.browse_enh.png,288,6588,12,36,1.53,432,3.0,bright,2,0,0,0,False,1.0,0.0,27.82,no,0.7829,0.9508,0.9093,45.3,47.3,PROMISING,low,,Strong single-image signal but not confirmed across band variants. Compare against the original product and look for the feature in a same-footprint sibling or an independent acquisition.,data/processed\ESP_013236_1410\ESP_013236_1410_RED.NOMAP.browse_enh.png,,0.379,,,,,,,
ESP_013236_1410_RED.NOMAP.browse_enh.png,2524,11584,40,44,0.64,1760,1.1,dark,2,0,0,0,False,1.0,0.237,49.63,no,0.7158,1.1514,0.6911,41.3,47.3,PROMISING,low,,Strong single-image signal but not confirmed across band variants. Compare against the original product and look for the feature in a same-footprint sibling or an independent acquisition.,data/processed\ESP_013236_1410\ESP_013236_1410_RED.NOMAP.browse_enh.png,,0.443,,,,,,,
ESP_013236_1410_RED.NOMAP.thumb_enh.png,652,2348,16,36,2.18,576,2.25,dark,2,0,0,0,False,1.0,1.0,26.32,no,0.7775,1.5923,0.8545,37.3,47.3,PROMISING,low,small_blob,Strong single-image signal but not confirmed across band variants. Compare against the original product and look for the feature in a same-footprint sibling or an independent acquisition.,data/processed\ESP_013236_1410\ESP_013236_1410_RED.NOMAP.thumb_enh.png,,0.376,,,,,,,
ESP_013236_1410_RED.browse_enh.png,1644,3160,20,16,1.44,320,1.25,dark,2,1,0,2,False,1.0,1.0,31.44,no,0.7437,0.9457,0.9353,37.3,47.3,PROMISING,low,small_blob,Strong single-image signal but not confirmed across band variants. Compare against the original product and look for the feature in a same-footprint sibling or an independent acquisition.,data/processed\ESP_013236_1410\ESP_013236_1410_RED.browse_enh.png,,0.384,,,,,,,
ESP_013236_1410_RGB.NOMAP.browse_enh.png,908,13928,16,20,0.06,320,1.25,dark,2,1,1,0,False,1.0,1.0,25.94,no,0.7281,1.457,0.5966,25.3,47.3,CONFIRMED-LEAD,high,small_blob,"Real feature confirmed at the same pixels in the corresponding band variant(s) of one acquisition. Fetch the EDR original, geolocate on Trek, and check for an independent pass at a different lighting before writing a finding.",data/processed\ESP_013236_1410\ESP_013236_1410_RGB.NOMAP.browse_enh.png,,0.498,,,,,,,
ESP_013948_1410_RED.NOMAP.browse_enh.png,332,15048,24,72,1.0,1728,3.0,dark,2,0,0,0,False,1.0,0.446,38.81,no,0.8814,1.4847,0.92,41.3,47.3,PROMISING,low,,Strong single-image signal but not confirmed across band variants. Compare against the original product and look for the feature in a same-footprint sibling or an independent acquisition.,data/processed\ESP_013948_1410\ESP_013948_1410_RED.NOMAP.browse_enh.png,,0.402,,,,,,,
ESP_013948_1410_RED.browse_enh.png,1632,3656,16,20,1.44,320,1.25,dark,2,1,0,2,False,1.0,1.0,40.89,no,0.7149,0.9259,0.8859,37.3,47.3,PROMISING,low,small_blob,Strong single-image signal but not confirmed across band variants. Compare against the original product and look for the feature in a same-footprint sibling or an independent acquisition.,data/processed\ESP_013948_1410\ESP_013948_1410_RED.browse_enh.png,,0.384,,,,,,,
diff_ESP_013236_1410_COLOR.abrowse_vs_ESP_013236_1410_RED.NOMAP.browse.png,1304,4696,20,20,1.95,400,1.0,bright,2,0,0,0,False,1.0,0.97,34.78,no,0.748,0.9853,0.9424,37.3,47.3,PROMISING,low,small_blob,Strong single-image signal but not confirmed across band variants. Compare against the original product and look for the feature in a same-footprint sibling or an independent acquisition.,data/processed\extras_compare\ESP_013236_1410\diff_ESP_013236_1410_COLOR.abrowse_vs_ESP_013236_1410_RED.NOMAP.browse.png,,0.376,,,,,,,
diff_ESP_013236_1410_COLOR.thumb_vs_ESP_013236_1410_RED.NOMAP.browse.png,1080,5716,12,40,0.68,480,3.33,dark,2,0,0,0,False,1.0,1.0,60.72,no,0.8634,0.8095,0.8036,37.3,47.3,PROMISING,low,,Strong single-image signal but not confirmed across band variants. Compare against the original product and look for the feature in a same-footprint sibling or an independent acquisition.,data/processed\extras_compare\ESP_013236_1410\diff_ESP_013236_1410_COLOR.thumb_vs_ESP_013236_1410_RED.NOMAP.browse.png,,0.436,,,,,,,
diff_ESP_013236_1410_COLOR.thumb_vs_ESP_013236_1410_RED.NOMAP.browse.png,1904,6656,12,36,0.62,432,3.0,bright,2,0,0,0,False,0.985,1.0,75.88,no,0.8955,0.536,0.8093,37.3,47.3,PROMISING,low,,Strong single-image signal but not confirmed across band variants. Compare against the original product and look for the feature in a same-footprint sibling or an independent acquisition.,data/processed\extras_compare\ESP_013236_1410\diff_ESP_013236_1410_COLOR.thumb_vs_ESP_013236_1410_RED.NOMAP.browse.png,,0.446,,,,,,,
diff_ESP_013236_1410_MIRB.thumb_vs_ESP_013236_1410_RED.NOMAP.browse.png,980,4784,12,32,2.27,384,2.67,bright,2,0,0,0,False,1.0,1.0,39.77,no,0.8236,1.1045,0.916,37.3,47.3,PROMISING,low,small_blob,Strong single-image signal but not confirmed across band variants. Compare against the original product and look for the feature in a same-footprint sibling or an independent acquisition.,data/processed\extras_compare\ESP_013236_1410\diff_ESP_013236_1410_MIRB.thumb_vs_ESP_013236_1410_RED.NOMAP.browse.png,,0.376,,,,,,,
diff_ESP_013236_1410_RED.abrowse_vs_ESP_013236_1410_RED.NOMAP.browse.png,1764,4316,12,40,0.68,480,3.33,bright,2,0,0,0,False,1.0,1.0,84.67,no,0.8953,1.2126,0.7428,37.3,47.3,PROMISING,low,,Strong single-image signal but not confirmed across band variants. Compare against the original product and look for the feature in a same-footprint sibling or an independent acquisition.,data/processed\extras_compare\ESP_013236_1410\diff_ESP_013236_1410_RED.abrowse_vs_ESP_013236_1410_RED.NOMAP.browse.png,,0.436,,,,,,,
ESP_013236_1410_IRB.NOMAP.browse_enh.png,744,10844,24,16,0.1,384,1.5,dark,2,1,1,0,False,1.0,0.883,34.64,no,0.7346,1.6131,0.7411,25.2,47.2,CONFIRMED-LEAD,high,small_blob,"Real feature confirmed at the same pixels in the corresponding band variant(s) of one acquisition. Fetch the EDR original, geolocate on Trek, and check for an independent pass at a different lighting before writing a finding.",data/processed\ESP_013236_1410\ESP_013236_1410_IRB.NOMAP.browse_enh.png,,0.498,,,,,,,
ESP_013236_1410_RED.browse_enh.png,1812,5240,20,20,0.8,400,1.0,dark,3,2,0,2,False,1.0,0.712,36.02,no,0.7302,1.442,0.8901,37.2,47.2,PROMISING,low,small_blob,Strong single-image signal but not confirmed across band variants. Compare against the original product and look for the feature in a same-footprint sibling or an independent acquisition.,data/processed\ESP_013236_1410\ESP_013236_1410_RED.browse_enh.png,,0.416,,,,,,,
ESP_013236_1410_RGB.NOMAP.browse_enh.png,260,1740,24,36,0.53,864,1.5,dark,2,1,1,0,False,1.0,0.579,38.09,no,0.812,1.1557,0.606,29.2,47.2,CONFIRMED-LEAD,high,small_blob,"Real feature confirmed at the same pixels in the corresponding band variant(s) of one acquisition. Fetch the EDR original, geolocate on Trek, and check for an independent pass at a different lighting before writing a finding.",data/processed\ESP_013236_1410\ESP_013236_1410_RGB.NOMAP.browse_enh.png,,0.465,,,,,,,
ESP_013236_1410_RGB.NOMAP.browse_enh.png,620,8168,52,40,0.07,2080,1.3,dark,2,1,0,1,False,1.0,0.228,43.76,no,0.8918,1.0325,0.628,41.2,47.2,PROMISING,low,,Strong single-image signal but not confirmed across band variants. Compare against the original product and look for the feature in a same-footprint sibling or an independent acquisition.,data/processed\ESP_013236_1410\ESP_013236_1410_RGB.NOMAP.browse_enh.png,,0.498,,,,,,,
ESP_013948_1410_RED.browse_enh.png,2348,9896,20,48,1.04,960,2.4,bright,3,2,0,2,False,1.0,0.727,48.5,no,0.8542,0.9487,0.8461,37.2,47.2,PROMISING,low,small_blob,Strong single-image signal but not confirmed across band variants. Compare against the original product and look for the feature in a same-footprint sibling or an independent acquisition.,data/processed\ESP_013948_1410\ESP_013948_1410_RED.browse_enh.png,,0.401,,,,,,,
ESP_013948_1410_IRB_C_01_ORTHO.ab_enh.png,1164,5008,12,44,0.73,528,3.67,bright,2,0,0,1,False,0.953,1.0,46.76,no,0.9353,1.2051,0.7762,37.2,47.2,PROMISING,low,,Strong single-image signal but not confirmed across band variants. Compare against the original product and look for the feature in a same-footprint sibling or an independent acquisition.,data/processed\ESP_013948_1410_ESP_013236_1410\ESP_013948_1410_IRB_C_01_ORTHO.ab_enh.png,,0.429,,,,,,,
diff_ESP_013236_1410_COLOR.abrowse_vs_ESP_013236_1410_RED.NOMAP.browse.png,188,3292,36,60,0.71,2160,1.67,dark,2,0,0,0,False,1.0,0.287,43.74,no,0.6265,1.6503,0.9055,41.2,47.2,PROMISING,low,,Strong single-image signal but not confirmed across band variants. Compare against the original product and look for the feature in a same-footprint sibling or an independent acquisition.,data/processed\extras_compare\ESP_013236_1410\diff_ESP_013236_1410_COLOR.abrowse_vs_ESP_013236_1410_RED.NOMAP.browse.png,,0.432,,,,,,,
diff_ESP_013236_1410_COLOR.browse_vs_ESP_013236_1410_RED.NOMAP.browse.png,1244,1096,40,28,2.44,1120,1.43,bright,2,0,0,0,False,1.0,0.352,32.26,no,0.8381,1.3868,0.8319,41.2,47.2,PROMISING,low,small_blob,Strong single-image signal but not confirmed across band variants. Compare against the original product and look for the feature in a same-footprint sibling or an independent acquisition.,data/processed\extras_compare\ESP_013236_1410\diff_ESP_013236_1410_COLOR.browse_vs_ESP_013236_1410_RED.NOMAP.browse.png,,0.370,,,,,,,
diff_ESP_013236_1410_COLOR.browse_vs_ESP_013236_1410_RED.NOMAP.browse.png,188,3292,36,60,0.71,2160,1.67,dark,2,0,0,0,False,1.0,0.287,40.81,no,0.6263,1.6546,0.9056,41.2,47.2,PROMISING,low,,Strong single-image signal but not confirmed across band variants. Compare against the original product and look for the feature in a same-footprint sibling or an independent acquisition.,data/processed\extras_compare\ESP_013236_1410\diff_ESP_013236_1410_COLOR.browse_vs_ESP_013236_1410_RED.NOMAP.browse.png,,0.432,,,,,,,
diff_ESP_013236_1410_COLOR.thumb_vs_ESP_013236_1410_RED.NOMAP.browse.png,188,3292,36,60,0.71,2160,1.67,dark,2,0,0,0,False,1.0,0.287,43.39,no,0.6265,1.6547,0.9056,41.2,47.2,PROMISING,low,,Strong single-image signal but not confirmed across band variants. Compare against the original product and look for the feature in a same-footprint sibling or an independent acquisition.,data/processed\extras_compare\ESP_013236_1410\diff_ESP_013236_1410_COLOR.thumb_vs_ESP_013236_1410_RED.NOMAP.browse.png,,0.432,,,,,,,
diff_ESP_013236_1410_IRB.NOMAP.thumb_vs_ESP_013236_1410_RED.NOMAP.browse.png,1292,7068,24,20,1.98,480,1.2,bright,2,0,0,0,False,1.0,1.0,40.74,no,0.8398,1.23,0.9694,37.2,47.2,PROMISING,low,small_blob,Strong single-image signal but not confirmed across band variants. Compare against the original product and look for the feature in a same-footprint sibling or an independent acquisition.,data/processed\extras_compare\ESP_013236_1410\diff_ESP_013236_1410_IRB.NOMAP.thumb_vs_ESP_013236_1410_RED.NOMAP.browse.png,,0.376,,,,,,,
diff_ESP_013236_1410_RED.thumb_vs_ESP_013236_1410_RED.NOMAP.browse.png,1136,6952,28,28,1.92,784,1.0,bright,2,0,0,0,False,1.0,1.0,50.34,no,0.9122,0.572,0.9654,37.2,47.2,PROMISING,low,small_blob,Strong single-image signal but not confirmed across band variants. Compare against the original product and look for the feature in a same-footprint sibling or an independent acquisition.,data/processed\extras_compare\ESP_013236_1410\diff_ESP_013236_1410_RED.thumb_vs_ESP_013236_1410_RED.NOMAP.browse.png,,0.376,,,,,,,
ESP_013236_1410_RED.NOMAP.thumb_enh.png,420,3604,32,72,0.8,2304,2.25,dark,2,0,0,0,False,1.0,0.311,25.02,no,0.8246,1.7936,0.8381,41.1,47.1,PROMISING,low,,Strong single-image signal but not confirmed across band variants. Compare against the original product and look for the feature in a same-footprint sibling or an independent acquisition.,data/processed\ESP_013236_1410\ESP_013236_1410_RED.NOMAP.thumb_enh.png,,0.416,,,,,,,
ESP_013948_1410_IRB.NOMAP.browse_enh.png,220,11236,20,16,0.5,320,1.25,dark,2,1,1,0,False,1.0,0.6,32.03,no,0.533,1.8731,0.5318,29.1,47.1,CONFIRMED-LEAD,high,small_blob,"Real feature confirmed at the same pixels in the corresponding band variant(s) of one acquisition. Fetch the EDR original, geolocate on Trek, and check for an independent pass at a different lighting before writing a finding.",data/processed\ESP_013948_1410\ESP_013948_1410_IRB.NOMAP.browse_enh.png,,0.470,,,,,,,
ESP_013948_1410_RED.NOMAP.browse_enh.png,3444,13464,80,148,0.64,11840,1.85,dark,2,0,0,0,False,1.0,0.056,46.68,no,0.7734,1.4118,0.7808,45.1,47.1,PROMISING,low,,Strong single-image signal but not confirmed across band variants. Compare against the original product and look for the feature in a same-footprint sibling or an independent acquisition.,data/processed\ESP_013948_1410\ESP_013948_1410_RED.NOMAP.browse_enh.png,,0.443,,,,,,,
ESP_013948_1410_RED.browse_enh.png,2632,10084,12,28,1.04,336,2.33,dark,3,2,0,2,False,0.984,1.0,56.69,no,0.8585,0.7124,0.8051,37.1,47.1,PROMISING,low,small_blob,Strong single-image signal but not confirmed across band variants. Compare against the original product and look for the feature in a same-footprint sibling or an independent acquisition.,data/processed\ESP_013948_1410\ESP_013948_1410_RED.browse_enh.png,,0.401,,,,,,,
ESP_013948_1410_RGB.NOMAP.browse_enh.png,340,17200,24,48,0.14,1152,2.0,dark,2,1,1,0,False,1.0,1.0,85.81,no,0.8872,0.8687,0.604,25.1,47.1,CONFIRMED-LEAD,high,small_blob,"Real feature confirmed at the same pixels in the corresponding band variant(s) of one acquisition. Fetch the EDR original, geolocate on Trek, and check for an independent pass at a different lighting before writing a finding.",data/processed\ESP_013948_1410\ESP_013948_1410_RGB.NOMAP.browse_enh.png,,0.498,,,,,,,
ESP_013236_1410_RED_C_01_ORTHO.br_enh.png,572,1200,84,16,1.43,1344,5.25,dark,2,0,0,0,False,0.872,0.201,20.01,no,0.7815,3.2422,0.6943,41.1,47.1,PROMISING,low,,Strong single-image signal but not confirmed across band variants. Compare against the original product and look for the feature in a same-footprint sibling or an independent acquisition.,data/processed\ESP_013948_1410_ESP_013236_1410\ESP_013236_1410_RED_C_01_ORTHO.br_enh.png,,0.384,,,,,,,
ESP_013948_1410_RED_C_01_ORTHO.ab_enh.png,556,5340,12,40,0.66,480,3.33,bright,2,0,0,1,False,0.892,1.0,62.0,no,0.8847,1.4072,0.7079,37.1,47.1,PROMISING,low,,Strong single-image signal but not confirmed across band variants. Compare against the original product and look for the feature in a same-footprint sibling or an independent acquisition.,data/processed\ESP_013948_1410_ESP_013236_1410\ESP_013948_1410_RED_C_01_ORTHO.ab_enh.png,,0.438,,,,,,,
diff_ESP_013236_1410_COLOR.abrowse_vs_ESP_013236_1410_RED.NOMAP.browse.png,1244,1096,40,28,2.43,1120,1.43,bright,2,0,0,0,False,1.0,0.352,34.6,no,0.8424,1.3404,0.8318,41.1,47.1,PROMISING,low,small_blob,Strong single-image signal but not confirmed across band variants. Compare against the original product and look for the feature in a same-footprint sibling or an independent acquisition.,data/processed\extras_compare\ESP_013236_1410\diff_ESP_013236_1410_COLOR.abrowse_vs_ESP_013236_1410_RED.NOMAP.browse.png,,0.370,,,,,,,
diff_ESP_013236_1410_COLOR.thumb_vs_ESP_013236_1410_RED.NOMAP.browse.png,1244,1096,40,28,2.43,1120,1.43,bright,2,0,0,0,False,1.0,0.352,34.3,no,0.8416,1.3507,0.8317,41.1,47.1,PROMISING,low,small_blob,Strong single-image signal but not confirmed across band variants. Compare against the original product and look for the feature in a same-footprint sibling or an independent acquisition.,data/processed\extras_compare\ESP_013236_1410\diff_ESP_013236_1410_COLOR.thumb_vs_ESP_013236_1410_RED.NOMAP.browse.png,,0.370,,,,,,,
diff_ESP_013236_1410_IRB.NOMAP.thumb_vs_ESP_013236_1410_RED.NOMAP.browse.png,1612,6176,44,12,0.72,528,3.67,dark,2,0,0,0,False,1.0,1.0,91.15,no,0.9339,0.6922,0.8835,37.1,47.1,PROMISING,low,,Strong single-image signal but not confirmed across band variants. Compare against the original product and look for the feature in a same-footprint sibling or an independent acquisition.,data/processed\extras_compare\ESP_013236_1410\diff_ESP_013236_1410_IRB.NOMAP.thumb_vs_ESP_013236_1410_RED.NOMAP.browse.png,,0.431,,,,,,,
diff_ESP_013236_1410_MRGB.abrowse_vs_ESP_013236_1410_RED.NOMAP.browse.png,540,3460,12,40,0.66,480,3.33,dark,2,0,0,0,False,1.0,1.0,71.1,no,0.7612,1.253,0.7078,37.1,47.1,PROMISING,low,,Strong single-image signal but not confirmed across band variants. Compare against the original product and look for the feature in a same-footprint sibling or an independent acquisition.,data/processed\extras_compare\ESP_013236_1410\diff_ESP_013236_1410_MRGB.abrowse_vs_ESP_013236_1410_RED.NOMAP.browse.png,,0.438,,,,,,,
diff_ESP_013236_1410_RED.browse_vs_ESP_013236_1410_RED.NOMAP.browse.png,476,4704,12,44,0.72,528,3.67,dark,2,0,0,0,False,1.0,1.0,76.11,no,0.8862,1.2068,0.7766,37.1,47.1,PROMISING,low,,Strong single-image signal but not confirmed across band variants. Compare against the original product and look for the feature in a same-footprint sibling or an independent acquisition.,data/processed\extras_compare\ESP_013236_1410\diff_ESP_013236_1410_RED.browse_vs_ESP_013236_1410_RED.NOMAP.browse.png,,0.431,,,,,,,
diff_ESP_013236_1410_RED.thumb_vs_ESP_013236_1410_RED.NOMAP.browse.png,1692,3468,16,96,1.1,1536,6.0,bright,2,0,0,0,False,1.0,0.801,62.04,no,0.9283,0.8823,0.8751,37.1,47.1,PROMISING,low,,Strong single-image signal but not confirmed across band variants. Compare against the original product and look for the feature in a same-footprint sibling or an independent acquisition.,data/processed\extras_compare\ESP_013236_1410\diff_ESP_013236_1410_RED.thumb_vs_ESP_013236_1410_RED.NOMAP.browse.png,,0.397,,,,,,,
diff_ESP_013236_1410_RGB.NOMAP.browse_vs_ESP_013236_1410_RED.NOMAP.browse.png,1168,2756,32,16,2.12,512,2.0,bright,2,0,0,0,False,1.0,1.0,39.19,no,0.8976,0.7448,0.9319,37.1,47.1,PROMISING,low,small_blob,Strong single-image signal but not confirmed across band variants. Compare against the original product and look for the feature in a same-footprint sibling or an independent acquisition.,data/processed\extras_compare\ESP_013236_1410\diff_ESP_013236_1410_RGB.NOMAP.browse_vs_ESP_013236_1410_RED.NOMAP.browse.png,,0.376,,,,,,,
diff_ESP_013236_1410_RGB.NOMAP.thumb_vs_ESP_013236_1410_RED.NOMAP.browse.png,1620,5060,52,16,0.62,832,3.25,dark,2,0,0,0,False,1.0,0.902,75.08,no,0.8713,0.9234,0.8582,37.1,47.1,PROMISING,low,,Strong single-image signal but not confirmed across band variants. Compare against the original product and look for the feature in a same-footprint sibling or an independent acquisition.,data/processed\extras_compare\ESP_013236_1410\diff_ESP_013236_1410_RGB.NOMAP.thumb_vs_ESP_013236_1410_RED.NOMAP.browse.png,,0.446,,,,,,,
ESP_013236_1410_RED.NOMAP.browse_enh.png,1792,9556,28,60,0.81,1680,2.14,dark,2,0,0,0,False,1.0,0.447,47.8,no,0.87,1.22,0.7812,41.0,47.0,PROMISING,low,,Strong single-image signal but not confirmed across band variants. Compare against the original product and look for the feature in a same-footprint sibling or an independent acquisition.,data/processed\ESP_013236_1410\ESP_013236_1410_RED.NOMAP.browse_enh.png,,0.414,,,,,,,
ESP_013948_1410_RED.NOMAP.browse_enh.png,2672,3092,36,16,2.6,576,2.25,bright,2,0,0,0,False,1.0,0.676,21.43,no,0.8536,2.01,0.8595,41.0,47.0,PROMISING,low,small_blob,Strong single-image signal but not confirmed across band variants. Compare against the original product and look for the feature in a same-footprint sibling or an independent acquisition.,data/processed\ESP_013948_1410\ESP_013948_1410_RED.NOMAP.browse_enh.png,,0.289,,,,,,,
ESP_013948_1410_RED.abrowse_enh.png,1500,3476,20,36,0.91,720,1.8,dark,3,2,0,2,False,1.0,1.0,55.56,no,0.8397,0.8928,0.8782,37.0,47.0,PROMISING,low,small_blob,Strong single-image signal but not confirmed across band variants. Compare against the original product and look for the feature in a same-footprint sibling or an independent acquisition.,data/processed\ESP_013948_1410\ESP_013948_1410_RED.abrowse_enh.png,,0.404,,,,,,,
ESP_013948_1410_RGB.NOMAP.thumb_enh.png,144,2772,24,32,0.48,768,1.33,dark,2,1,1,0,False,1.0,0.558,48.0,no,0.7642,1.334,0.445,29.0,47.0,CONFIRMED-LEAD,high,small_blob,"Real feature confirmed at the same pixels in the corresponding band variant(s) of one acquisition. Fetch the EDR original, geolocate on Trek, and check for an independent pass at a different lighting before writing a finding.",data/processed\ESP_013948_1410\ESP_013948_1410_RGB.NOMAP.thumb_enh.png,,0.472,,,,,,,
diff_ESP_013236_1410_MIRB.thumb_vs_ESP_013236_1410_RED.NOMAP.browse.png,740,2268,12,40,0.65,480,3.33,bright,2,0,0,0,False,0.991,0.942,77.58,no,0.917,0.5919,0.8188,37.0,47.0,PROMISING,low,,Strong single-image signal but not confirmed across band variants. Compare against the original product and look for the feature in a same-footprint sibling or an independent acquisition.,data/processed\extras_compare\ESP_013236_1410\diff_ESP_013236_1410_MIRB.thumb_vs_ESP_013236_1410_RED.NOMAP.browse.png,,0.440,,,,,,,
diff_ESP_013236_1410_MRGB.abrowse_vs_ESP_013236_1410_RED.NOMAP.browse.png,1240,5776,12,44,0.71,528,3.67,dark,2,0,0,0,False,1.0,1.0,80.63,no,0.7633,1.2453,0.8675,37.0,47.0,PROMISING,low,,Strong single-image signal but not confirmed across band variants. Compare against the original product and look for the feature in a same-footprint sibling or an independent acquisition.,data/processed\extras_compare\ESP_013236_1410\diff_ESP_013236_1410_MRGB.abrowse_vs_ESP_013236_1410_RED.NOMAP.browse.png,,0.432,,,,,,,
diff_ESP_013236_1410_MRGB.thumb_vs_ESP_013236_1410_RED.NOMAP.browse.png,808,2408,16,24,2.02,384,1.5,dark,2,0,0,0,False,1.0,1.0,35.86,no,0.9125,0.7142,0.8576,37.0,47.0,PROMISING,low,small_blob,Strong single-image signal but not confirmed across band variants. Compare against the original product and look for the feature in a same-footprint sibling or an independent acquisition.,data/processed\extras_compare\ESP_013236_1410\diff_ESP_013236_1410_MRGB.thumb_vs_ESP_013236_1410_RED.NOMAP.browse.png,,0.376,,,,,,,
diff_ESP_013236_1410_MRGB.thumb_vs_ESP_013236_1410_RED.NOMAP.browse.png,656,3192,12,36,0.59,432,3.0,dark,2,0,0,0,False,0.977,1.0,83.66,no,0.8347,0.5479,0.8665,37.0,47.0,PROMISING,low,,Strong single-image signal but not confirmed across band variants. Compare against the original product and look for the feature in a same-footprint sibling or an independent acquisition.,data/processed\extras_compare\ESP_013236_1410\diff_ESP_013236_1410_MRGB.thumb_vs_ESP_013236_1410_RED.NOMAP.browse.png,,0.453,,,,,,,
diff_ESP_013236_1410_MRGB.thumb_vs_ESP_013236_1410_RED.NOMAP.browse.png,1232,5820,28,80,0.46,2240,2.86,bright,2,0,0,0,False,1.0,1.0,81.26,no,0.8429,1.1828,0.6858,37.0,47.0,PROMISING,low,,Strong single-image signal but not confirmed across band variants. Compare against the original product and look for the feature in a same-footprint sibling or an independent acquisition.,data/processed\extras_compare\ESP_013236_1410\diff_ESP_013236_1410_MRGB.thumb_vs_ESP_013236_1410_RED.NOMAP.browse.png,,0.475,,,,,,,
diff_ESP_013236_1410_RED.browse_vs_ESP_013236_1410_RED.NOMAP.browse.png,704,2680,16,24,2.02,384,1.5,dark,2,0,0,0,False,1.0,0.817,43.52,no,0.7687,1.2924,0.8456,37.0,47.0,PROMISING,low,small_blob,Strong single-image signal but not confirmed across band variants. Compare against the original product and look for the feature in a same-footprint sibling or an independent acquisition.,data/processed\extras_compare\ESP_013236_1410\diff_ESP_013236_1410_RED.browse_vs_ESP_013236_1410_RED.NOMAP.browse.png,,0.376,,,,,,,
ESP_013236_1410_RGB.NOMAP.browse_enh.png,668,2392,28,32,1.11,896,1.14,bright,2,1,1,0,False,1.0,1.0,50.03,no,0.9012,0.8127,0.9442,24.9,46.9,CONFIRMED-LEAD,high,small_blob,"Real feature confirmed at the same pixels in the corresponding band variant(s) of one acquisition. Fetch the EDR original, geolocate on Trek, and check for an independent pass at a different lighting before writing a finding.",data/processed\ESP_013236_1410\ESP_013236_1410_RGB.NOMAP.browse_enh.png,,0.397,,,,,,,
ESP_013948_1410_IRB.NOMAP.thumb_enh.png,112,4156,16,40,0.7,640,2.5,dark,2,1,1,0,False,1.0,0.524,29.73,no,0.8064,1.3946,0.8949,28.9,46.9,CONFIRMED-LEAD,high,small_blob,"Real feature confirmed at the same pixels in the corresponding band variant(s) of one acquisition. Fetch the EDR original, geolocate on Trek, and check for an independent pass at a different lighting before writing a finding.",data/processed\ESP_013948_1410\ESP_013948_1410_IRB.NOMAP.thumb_enh.png,,0.433,,,,,,,
ESP_013236_1410_RED_C_01_ORTHO.br_enh.png,1128,5536,12,36,0.57,432,3.0,dark,2,0,0,0,False,0.995,1.0,54.33,no,0.7801,0.8889,0.7514,36.9,46.9,PROMISING,low,,Strong single-image signal but not confirmed across band variants. Compare against the original product and look for the feature in a same-footprint sibling or an independent acquisition.,data/processed\ESP_013948_1410_ESP_013236_1410\ESP_013236_1410_RED_C_01_ORTHO.br_enh.png,,0.457,,,,,,,
ESP_013948_1410_RED_C_01_ORTHO.ab_enh.png,612,5856,16,48,0.55,768,3.0,bright,2,0,0,1,False,0.891,1.0,64.44,no,0.9226,1.4185,0.7408,36.9,46.9,PROMISING,low,,Strong single-image signal but not confirmed across band variants. Compare against the original product and look for the feature in a same-footprint sibling or an independent acquisition.,data/processed\ESP_013948_1410_ESP_013236_1410\ESP_013948_1410_RED_C_01_ORTHO.ab_enh.png,,0.462,,,,,,,
diff_ESP_013236_1410_RGB.NOMAP.thumb_vs_ESP_013236_1410_RED.NOMAP.browse.png,1068,4412,20,24,1.94,480,1.2,bright,2,0,0,0,False,1.0,1.0,55.99,no,0.7501,1.1984,0.9611,36.9,46.9,PROMISING,low,small_blob,Strong single-image signal but not confirmed across band variants. Compare against the original product and look for the feature in a same-footprint sibling or an independent acquisition.,data/processed\extras_compare\ESP_013236_1410\diff_ESP_013236_1410_RGB.NOMAP.thumb_vs_ESP_013236_1410_RED.NOMAP.browse.png,,0.376,,,,,,,
ESP_013236_1410_COLOR.browse_enh.png,928,8140,20,64,0.55,1280,3.2,bright,2,0,0,0,False,0.965,1.0,58.5,no,0.9246,1.147,0.8029,36.8,46.8,PROMISING,low,,Strong single-image signal but not confirmed across band variants. Compare against the original product and look for the feature in a same-footprint sibling or an independent acquisition.,data/processed\ESP_013236_1410\ESP_013236_1410_COLOR.browse_enh.png,,0.462,,,,,,,
ESP_013236_1410_IRB.NOMAP.browse_enh.png,940,13780,24,20,0.44,480,1.2,dark,2,1,1,0,False,1.0,0.63,36.33,no,0.7152,1.5832,0.7409,28.8,46.8,CONFIRMED-LEAD,high,small_blob,"Real feature confirmed at the same pixels in the corresponding band variant(s) of one acquisition. Fetch the EDR original, geolocate on Trek, and check for an independent pass at a different lighting before writing a finding.",data/processed\ESP_013236_1410\ESP_013236_1410_IRB.NOMAP.browse_enh.png,,0.478,,,,,,,
ESP_013236_1410_RED.NOMAP.browse_enh.png,1304,5808,36,60,1.12,2160,1.67,bright,2,0,0,0,False,1.0,0.108,29.06,no,0.8367,1.5162,0.9508,44.8,46.8,PROMISING,low,,Strong single-image signal but not confirmed across band variants. Compare against the original product and look for the feature in a same-footprint sibling or an independent acquisition.,data/processed\ESP_013236_1410\ESP_013236_1410_RED.NOMAP.browse_enh.png,,0.396,,,,,,,
ESP_013236_1410_RED.abrowse_enh.png,2708,9996,12,24,0.95,288,2.0,dark,3,2,0,2,False,0.983,1.0,60.39,no,0.8324,0.6018,0.8282,36.8,46.8,PROMISING,low,small_blob,Strong single-image signal but not confirmed across band variants. Compare against the original product and look for the feature in a same-footprint sibling or an independent acquisition.,data/processed\ESP_013236_1410\ESP_013236_1410_RED.abrowse_enh.png,,0.402,,,,,,,
ESP_013948_1410_MIRB.abrowse_enh.png,2060,8424,16,28,0.1,448,1.75,dark,2,1,1,1,False,1.0,0.801,37.15,no,0.7777,1.5159,0.5452,24.8,46.8,CONFIRMED-LEAD,high,small_blob,"Real feature confirmed at the same pixels in the corresponding band variant(s) of one acquisition. Fetch the EDR original, geolocate on Trek, and check for an independent pass at a different lighting before writing a finding.",data/processed\ESP_013948_1410\ESP_013948_1410_MIRB.abrowse_enh.png,,0.498,,,,,,,
ESP_013948_1410_RED.NOMAP.browse_enh.png,2844,10028,104,196,0.12,20384,1.88,bright,2,0,0,0,False,1.0,0.065,96.14,no,0.9285,0.4415,0.8262,44.8,46.8,PROMISING,low,,Strong single-image signal but not confirmed across band variants. Compare against the original product and look for the feature in a same-footprint sibling or an independent acquisition.,data/processed\ESP_013948_1410\ESP_013948_1410_RED.NOMAP.browse_enh.png,,0.498,,,,,,,
ESP_013948_1410_RED.browse_enh.png,2308,7476,12,40,0.51,480,3.33,bright,2,1,0,2,False,1.0,0.669,29.22,no,0.7473,1.8708,0.8949,40.8,46.8,PROMISING,low,,Strong single-image signal but not confirmed across band variants. Compare against the original product and look for the feature in a same-footprint sibling or an independent acquisition.,data/processed\ESP_013948_1410\ESP_013948_1410_RED.browse_enh.png,,0.469,,,,,,,
diff_ESP_013236_1410_COLOR.browse_vs_ESP_013236_1410_RED.NOMAP.browse.png,660,676,16,16,1.91,256,1.0,bright,2,0,0,0,False,1.0,1.0,26.93,no,0.7671,1.4424,0.9764,36.8,46.8,PROMISING,low,small_blob,Strong single-image signal but not confirmed across band variants. Compare against the original product and look for the feature in a same-footprint sibling or an independent acquisition.,data/processed\extras_compare\ESP_013236_1410\diff_ESP_013236_1410_COLOR.browse_vs_ESP_013236_1410_RED.NOMAP.browse.png,,0.376,,,,,,,
diff_ESP_013236_1410_COLOR.thumb_vs_ESP_013236_1410_RED.NOMAP.browse.png,980,5164,12,36,0.56,432,3.0,bright,2,0,0,0,False,1.0,1.0,66.44,no,0.8831,0.7014,0.9331,36.8,46.8,PROMISING,low,,Strong single-image signal but not confirmed across band variants. Compare against the original product and look for the feature in a same-footprint sibling or an independent acquisition.,data/processed\extras_compare\ESP_013236_1410\diff_ESP_013236_1410_COLOR.thumb_vs_ESP_013236_1410_RED.NOMAP.browse.png,,0.460,,,,,,,
diff_ESP_013236_1410_COLOR.thumb_vs_ESP_013236_1410_RED.NOMAP.browse.png,1248,6768,36,60,0.21,2160,1.67,bright,2,0,0,0,False,1.0,0.884,72.3,no,0.8328,0.9485,0.6057,36.8,46.8,PROMISING,low,,Strong single-image signal but not confirmed across band variants. Compare against the original product and look for the feature in a same-footprint sibling or an independent acquisition.,data/processed\extras_compare\ESP_013236_1410\diff_ESP_013236_1410_COLOR.thumb_vs_ESP_013236_1410_RED.NOMAP.browse.png,,0.498,,,,,,,
diff_ESP_013236_1410_RED.browse_vs_ESP_013236_1410_RED.NOMAP.browse.png,1296,7248,28,28,1.87,784,1.0,bright,2,0,0,0,False,1.0,1.0,48.93,no,0.8334,0.9315,0.9564,36.8,46.8,PROMISING,low,small_blob,Strong single-image signal but not confirmed across band variants. Compare against the original product and look for the feature in a same-footprint sibling or an independent acquisition.,data/processed\extras_compare\ESP_013236_1410\diff_ESP_013236_1410_RED.browse_vs_ESP_013236_1410_RED.NOMAP.browse.png,,0.376,,,,,,,
diff_ESP_013236_1410_RGB.NOMAP.thumb_vs_ESP_013236_1410_RED.NOMAP.browse.png,1076,940,28,20,1.96,560,1.4,bright,2,0,0,0,False,1.0,0.744,56.91,no,0.813,0.9111,0.9622,36.8,46.8,PROMISING,low,small_blob,Strong single-image signal but not confirmed across band variants. Compare against the original product and look for the feature in a same-footprint sibling or an independent acquisition.,data/processed\extras_compare\ESP_013236_1410\diff_ESP_013236_1410_RGB.NOMAP.thumb_vs_ESP_013236_1410_RED.NOMAP.browse.png,,0.376,,,,,,,
ESP_013236_1410_RGB.NOMAP.thumb_enh.png,100,2952,24,32,0.44,768,1.33,dark,2,1,1,0,False,1.0,0.562,39.91,no,0.7528,1.3162,0.6523,28.7,46.7,CONFIRMED-LEAD,high,small_blob,"Real feature confirmed at the same pixels in the corresponding band variant(s) of one acquisition. Fetch the EDR original, geolocate on Trek, and check for an independent pass at a different lighting before writing a finding.",data/processed\ESP_013236_1410\ESP_013236_1410_RGB.NOMAP.thumb_enh.png,,0.478,,,,,,,
ESP_013948_1410_RED.NOMAP.browse_enh.png,2684,8236,12,32,2.2,384,2.67,dark,2,0,0,0,False,1.0,1.0,27.58,no,0.7517,1.4303,0.9014,36.7,46.7,PROMISING,low,small_blob,Strong single-image signal but not confirmed across band variants. Compare against the original product and look for the feature in a same-footprint sibling or an independent acquisition.,data/processed\ESP_013948_1410\ESP_013948_1410_RED.NOMAP.browse_enh.png,,0.376,,,,,,,
ESP_013948_1410_RED.NOMAP.browse_enh.png,3412,9468,48,44,0.09,2112,1.09,bright,2,0,0,0,False,1.0,0.701,78.31,no,0.8478,1.0437,0.436,36.7,46.7,PROMISING,low,,Strong single-image signal but not confirmed across band variants. Compare against the original product and look for the feature in a same-footprint sibling or an independent acquisition.,data/processed\ESP_013948_1410\ESP_013948_1410_RED.NOMAP.browse_enh.png,,0.498,,,,,,,
ESP_013236_1410_RED_C_01_ORTHO.br_enh.png,964,840,12,32,2.2,384,2.67,dark,2,0,0,0,False,1.0,1.0,22.48,no,0.869,0.9613,0.9051,36.7,46.7,PROMISING,low,small_blob,Strong single-image signal but not confirmed across band variants. Compare against the original product and look for the feature in a same-footprint sibling or an independent acquisition.,data/processed\ESP_013948_1410_ESP_013236_1410\ESP_013236_1410_RED_C_01_ORTHO.br_enh.png,,0.376,,,,,,,
ESP_013236_1410_RED.NOMAP.browse_enh.png,884,1208,36,44,1.05,1584,1.22,bright,2,0,0,0,False,1.0,0.158,30.49,no,0.8413,1.5528,0.8559,44.6,46.6,PROMISING,low,,Strong single-image signal but not confirmed across band variants. Compare against the original product and look for the feature in a same-footprint sibling or an independent acquisition.,data/processed\ESP_013236_1410\ESP_013236_1410_RED.NOMAP.browse_enh.png,,0.400,,,,,,,
ESP_013236_1410_RED.NOMAP.browse_enh.png,268,3704,12,28,2.13,336,2.33,dark,2,0,0,0,False,1.0,1.0,24.53,no,0.841,1.5362,0.8581,36.6,46.6,PROMISING,low,small_blob,Strong single-image signal but not confirmed across band variants. Compare against the original product and look for the feature in a same-footprint sibling or an independent acquisition.,data/processed\ESP_013236_1410\ESP_013236_1410_RED.NOMAP.browse_enh.png,,0.376,,,,,,,
ESP_013236_1410_RED.NOMAP.browse_enh.png,3388,10368,24,20,1.91,480,1.2,dark,2,0,0,0,False,1.0,1.0,35.23,no,0.6441,1.1527,0.8795,36.6,46.6,PROMISING,low,small_blob,Strong single-image signal but not confirmed across band variants. Compare against the original product and look for the feature in a same-footprint sibling or an independent acquisition.,data/processed\ESP_013236_1410\ESP_013236_1410_RED.NOMAP.browse_enh.png,,0.376,,,,,,,
ESP_013948_1410_IRB.NOMAP.browse_enh.png,604,10696,24,20,0.42,480,1.2,dark,2,1,1,0,False,1.0,0.593,35.76,no,0.6756,1.6931,0.7729,28.6,46.6,CONFIRMED-LEAD,high,small_blob,"Real feature confirmed at the same pixels in the corresponding band variant(s) of one acquisition. Fetch the EDR original, geolocate on Trek, and check for an independent pass at a different lighting before writing a finding.",data/processed\ESP_013948_1410\ESP_013948_1410_IRB.NOMAP.browse_enh.png,,0.480,,,,,,,
ESP_013948_1410_RED_C_01_ORTHO.br_enh.png,964,844,12,28,2.13,336,2.33,dark,2,0,0,0,False,1.0,1.0,26.5,no,0.8756,0.8925,0.9215,36.6,46.6,PROMISING,low,small_blob,Strong single-image signal but not confirmed across band variants. Compare against the original product and look for the feature in a same-footprint sibling or an independent acquisition.,data/processed\ESP_013948_1410_ESP_013236_1410\ESP_013948_1410_RED_C_01_ORTHO.br_enh.png,,0.376,,,,,,,
diff_ESP_013236_1410_COLOR.abrowse_vs_ESP_013236_1410_RED.NOMAP.browse.png,1584,4396,12,44,0.66,528,3.67,bright,2,0,0,0,False,1.0,1.0,71.42,no,0.875,1.1225,0.7532,36.6,46.6,PROMISING,low,,Strong single-image signal but not confirmed across band variants. Compare against the original product and look for the feature in a same-footprint sibling or an independent acquisition.,data/processed\extras_compare\ESP_013236_1410\diff_ESP_013236_1410_COLOR.abrowse_vs_ESP_013236_1410_RED.NOMAP.browse.png,,0.438,,,,,,,
diff_ESP_013236_1410_COLOR.abrowse_vs_ESP_013236_1410_RED.NOMAP.browse.png,1928,6436,12,44,0.66,528,3.67,dark,2,0,0,0,False,0.999,1.0,77.73,no,0.9407,0.8529,0.9154,36.6,46.6,PROMISING,low,,Strong single-image signal but not confirmed across band variants. Compare against the original product and look for the feature in a same-footprint sibling or an independent acquisition.,data/processed\extras_compare\ESP_013236_1410\diff_ESP_013236_1410_COLOR.abrowse_vs_ESP_013236_1410_RED.NOMAP.browse.png,,0.438,,,,,,,
diff_ESP_013236_1410_MRGB.abrowse_vs_ESP_013236_1410_RED.NOMAP.browse.png,372,1040,12,24,2.07,288,2.0,bright,2,0,0,0,False,1.0,1.0,34.46,no,0.7704,1.4196,0.9598,36.6,46.6,PROMISING,low,small_blob,Strong single-image signal but not confirmed across band variants. Compare against the original product and look for the feature in a same-footprint sibling or an independent acquisition.,data/processed\extras_compare\ESP_013236_1410\diff_ESP_013236_1410_MRGB.abrowse_vs_ESP_013236_1410_RED.NOMAP.browse.png,,0.376,,,,,,,
diff_ESP_013236_1410_MRGB.abrowse_vs_ESP_013236_1410_RED.NOMAP.browse.png,1696,7584,16,20,1.93,320,1.25,bright,2,0,0,0,False,1.0,1.0,37.83,no,0.8234,0.9502,0.9444,36.6,46.6,PROMISING,low,small_blob,Strong single-image signal but not confirmed across band variants. Compare against the original product and look for the feature in a same-footprint sibling or an independent acquisition.,data/processed\extras_compare\ESP_013236_1410\diff_ESP_013236_1410_MRGB.abrowse_vs_ESP_013236_1410_RED.NOMAP.browse.png,,0.376,,,,,,,
diff_ESP_013236_1410_MRGB.thumb_vs_ESP_013236_1410_RED.NOMAP.browse.png,188,3288,36,64,0.66,2304,1.78,dark,2,0,0,0,False,1.0,0.287,47.35,no,0.6339,1.6661,0.8546,40.6,46.6,PROMISING,low,,Strong single-image signal but not confirmed across band variants. Compare against the original product and look for the feature in a same-footprint sibling or an independent acquisition.,data/processed\extras_compare\ESP_013236_1410\diff_ESP_013236_1410_MRGB.thumb_vs_ESP_013236_1410_RED.NOMAP.browse.png,,0.438,,,,,,,
diff_ESP_013236_1410_MRGB.thumb_vs_ESP_013236_1410_RED.NOMAP.browse.png,620,4956,16,64,0.7,1024,4.0,dark,2,0,0,0,False,1.0,1.0,80.99,no,0.89,0.7796,0.8599,36.6,46.6,PROMISING,low,,Strong single-image signal but not confirmed across band variants. Compare against the original product and look for the feature in a same-footprint sibling or an independent acquisition.,data/processed\extras_compare\ESP_013236_1410\diff_ESP_013236_1410_MRGB.thumb_vs_ESP_013236_1410_RED.NOMAP.browse.png,,0.433,,,,,,,
diff_ESP_013236_1410_RED.thumb_vs_ESP_013236_1410_RED.NOMAP.browse.png,620,2688,32,96,0.39,3072,3.0,bright,2,0,0,0,False,1.0,0.869,84.51,no,0.9546,0.4943,0.7537,36.6,46.6,PROMISING,low,,Strong single-image signal but not confirmed across band variants. Compare against the original product and look for the feature in a same-footprint sibling or an independent acquisition.,data/processed\extras_compare\ESP_013236_1410\diff_ESP_013236_1410_RED.thumb_vs_ESP_013236_1410_RED.NOMAP.browse.png,,0.485,,,,,,,
ESP_013236_1410_IRB.NOMAP.browse_enh.png,380,16296,24,28,0.39,672,1.17,dark,2,1,1,0,False,1.0,0.591,40.59,no,0.799,1.3692,0.8722,28.5,46.5,CONFIRMED-LEAD,high,small_blob,"Real feature confirmed at the same pixels in the corresponding band variant(s) of one acquisition. Fetch the EDR original, geolocate on Trek, and check for an independent pass at a different lighting before writing a finding.",data/processed\ESP_013236_1410\ESP_013236_1410_IRB.NOMAP.browse_enh.png,,0.485,,,,,,,
ESP_013236_1410_RED.NOMAP.thumb_enh.png,140,2836,32,16,2.05,512,2.0,bright,2,0,0,0,False,1.0,1.0,26.78,no,0.8063,1.2544,0.7855,36.5,46.5,PROMISING,low,small_blob,Strong single-image signal but not confirmed across band variants. Compare against the original product and look for the feature in a same-footprint sibling or an independent acquisition.,data/processed\ESP_013236_1410\ESP_013236_1410_RED.NOMAP.thumb_enh.png,,0.376,,,,,,,
ESP_013948_1410_COLOR.browse_enh.png,940,9440,20,84,1.14,1680,4.2,bright,2,0,0,0,False,0.993,0.577,49.0,no,0.8943,1.3787,0.8268,40.5,46.5,PROMISING,low,,Strong single-image signal but not confirmed across band variants. Compare against the original product and look for the feature in a same-footprint sibling or an independent acquisition.,data/processed\ESP_013948_1410\ESP_013948_1410_COLOR.browse_enh.png,,0.395,,,,,,,
ESP_013948_1410_RED.NOMAP.browse_enh.png,636,6124,16,52,0.55,832,3.25,bright,2,0,0,0,False,1.0,0.838,63.09,no,0.7546,1.0298,0.699,36.5,46.5,PROMISING,low,,Strong single-image signal but not confirmed across band variants. Compare against the original product and look for the feature in a same-footprint sibling or an independent acquisition.,data/processed\ESP_013948_1410\ESP_013948_1410_RED.NOMAP.browse_enh.png,,0.462,,,,,,,
ESP_013236_1410_RED_C_01_ORTHO.br_enh.png,1212,5580,36,24,2.39,864,1.5,bright,2,0,0,0,False,1.0,0.387,25.26,no,0.7862,1.5445,0.7664,40.5,46.5,PROMISING,low,small_blob,Strong single-image signal but not confirmed across band variants. Compare against the original product and look for the feature in a same-footprint sibling or an independent acquisition.,data/processed\ESP_013948_1410_ESP_013236_1410\ESP_013236_1410_RED_C_01_ORTHO.br_enh.png,,0.376,,,,,,,
ESP_013948_1410_RED_C_01_ORTHO.br_enh.png,628,2432,36,52,0.61,1872,1.44,dark,2,0,0,0,False,1.0,0.26,62.92,no,0.861,0.7861,0.9409,40.5,46.5,PROMISING,low,,Strong single-image signal but not confirmed across band variants. Compare against the original product and look for the feature in a same-footprint sibling or an independent acquisition.,data/processed\ESP_013948_1410_ESP_013236_1410\ESP_013948_1410_RED_C_01_ORTHO.br_enh.png,,0.448,,,,,,,
ESP_013948_1410_RED_C_01_ORTHO.th_enh.png,848,1316,16,76,0.82,1216,4.75,bright,2,0,0,1,False,0.972,1.0,87.63,no,0.9477,1.1519,0.8089,36.5,46.5,PROMISING,low,,Strong single-image signal but not confirmed across band variants. Compare against the original product and look for the feature in a same-footprint sibling or an independent acquisition.,data/processed\ESP_013948_1410_ESP_013236_1410\ESP_013948_1410_RED_C_01_ORTHO.th_enh.png,,0.412,,,,,,,
diff_ESP_013236_1410_COLOR.thumb_vs_ESP_013236_1410_RED.NOMAP.browse.png,948,1160,16,60,0.64,960,3.75,bright,2,0,0,0,False,1.0,1.0,59.67,no,0.9186,0.9961,0.8848,36.5,46.5,PROMISING,low,,Strong single-image signal but not confirmed across band variants. Compare against the original product and look for the feature in a same-footprint sibling or an independent acquisition.,data/processed\extras_compare\ESP_013236_1410\diff_ESP_013236_1410_COLOR.thumb_vs_ESP_013236_1410_RED.NOMAP.browse.png,,0.443,,,,,,,
diff_ESP_013236_1410_MRGB.thumb_vs_ESP_013236_1410_RED.NOMAP.browse.png,1112,924,12,24,2.06,288,2.0,bright,2,0,0,0,False,1.0,1.0,35.96,no,0.72,1.007,0.9567,36.5,46.5,PROMISING,low,small_blob,Strong single-image signal but not confirmed across band variants. Compare against the original product and look for the feature in a same-footprint sibling or an independent acquisition.,data/processed\extras_compare\ESP_013236_1410\diff_ESP_013236_1410_MRGB.thumb_vs_ESP_013236_1410_RED.NOMAP.browse.png,,0.376,,,,,,,
diff_ESP_013236_1410_RGB.NOMAP.thumb_vs_ESP_013236_1410_RED.NOMAP.browse.png,972,2676,24,16,1.96,384,1.5,bright,2,0,0,0,False,1.0,1.0,44.27,no,0.898,0.5696,0.9808,36.5,46.5,PROMISING,low,small_blob,Strong single-image signal but not confirmed across band variants. Compare against the original product and look for the feature in a same-footprint sibling or an independent acquisition.,data/processed\extras_compare\ESP_013236_1410\diff_ESP_013236_1410_RGB.NOMAP.thumb_vs_ESP_013236_1410_RED.NOMAP.browse.png,,0.376,,,,,,,
ESP_013236_1410_RED.NOMAP.browse_enh.png,2136,9352,12,24,2.05,288,2.0,dark,2,0,0,0,False,1.0,1.0,27.47,no,0.693,1.0662,0.9452,36.4,46.4,PROMISING,low,small_blob,Strong single-image signal but not confirmed across band variants. Compare against the original product and look for the feature in a same-footprint sibling or an independent acquisition.,data/processed\ESP_013236_1410\ESP_013236_1410_RED.NOMAP.browse_enh.png,,0.376,,,,,,,
ESP_013236_1410_RED.NOMAP.thumb_enh.png,728,180,12,28,2.11,336,2.33,dark,2,0,0,0,False,1.0,1.0,36.9,no,0.7578,1.707,0.9229,36.4,46.4,PROMISING,low,small_blob,Strong single-image signal but not confirmed across band variants. Compare against the original product and look for the feature in a same-footprint sibling or an independent acquisition.,data/processed\ESP_013236_1410\ESP_013236_1410_RED.NOMAP.thumb_enh.png,,0.376,,,,,,,
ESP_013236_1410_RED.abrowse_enh.png,2396,9868,12,40,1.15,480,3.33,bright,2,1,0,2,False,1.0,1.0,51.17,no,0.8824,0.7197,0.9202,36.4,46.4,PROMISING,low,,Strong single-image signal but not confirmed across band variants. Compare against the original product and look for the feature in a same-footprint sibling or an independent acquisition.,data/processed\ESP_013236_1410\ESP_013236_1410_RED.abrowse_enh.png,,0.394,,,,,,,
DTEEC_013948_1410_013236_1410_A01.sa_enh.png,676,1252,20,20,1.85,400,1.0,dark,2,0,0,0,False,1.0,1.0,35.26,no,0.7053,1.6934,0.9571,36.4,46.4,PROMISING,low,small_blob,Strong single-image signal but not confirmed across band variants. Compare against the original product and look for the feature in a same-footprint sibling or an independent acquisition.,data/processed\ESP_013948_1410_ESP_013236_1410\DTEEC_013948_1410_013236_1410_A01.sa_enh.png,,0.376,,,,,,,
ESP_013236_1410_IRB_C_01_ORTHO.th_enh.png,684,2400,12,32,0.8,384,2.67,bright,2,0,1,0,False,0.965,1.0,70.29,no,0.8685,0.9774,0.8671,24.4,46.4,CONFIRMED-LEAD,high,small_blob,"Real feature confirmed at the same pixels in the corresponding band variant(s) of one acquisition. Fetch the EDR original, geolocate on Trek, and check for an independent pass at a different lighting before writing a finding.",data/processed\ESP_013948_1410_ESP_013236_1410\ESP_013236_1410_IRB_C_01_ORTHO.th_enh.png,,0.416,,,,,,,
ESP_013236_1410_RED_C_01_ORTHO.ab_enh.png,612,5856,16,48,0.5,768,3.0,bright,2,0,0,1,False,0.88,1.0,62.24,no,0.9257,1.3959,0.7304,36.4,46.4,PROMISING,low,,Strong single-image signal but not confirmed across band variants. Compare against the original product and look for the feature in a same-footprint sibling or an independent acquisition.,data/processed\ESP_013948_1410_ESP_013236_1410\ESP_013236_1410_RED_C_01_ORTHO.ab_enh.png,,0.470,,,,,,,
diff_ESP_013236_1410_COLOR.thumb_vs_ESP_013236_1410_RED.NOMAP.browse.png,960,1224,24,112,0.7,2688,4.67,bright,2,0,0,0,False,1.0,1.0,73.72,no,0.9781,0.8224,0.8558,36.4,46.4,PROMISING,low,,Strong single-image signal but not confirmed across band variants. Compare against the original product and look for the feature in a same-footprint sibling or an independent acquisition.,data/processed\extras_compare\ESP_013236_1410\diff_ESP_013236_1410_COLOR.thumb_vs_ESP_013236_1410_RED.NOMAP.browse.png,,0.433,,,,,,,
diff_ESP_013236_1410_COLOR.thumb_vs_ESP_013236_1410_RED.NOMAP.browse.png,1148,6088,12,44,1.1,528,3.67,dark,2,0,0,0,False,1.0,0.463,59.33,no,0.7823,1.6076,0.9041,40.4,46.4,PROMISING,low,,Strong single-image signal but not confirmed across band variants. Compare against the original product and look for the feature in a same-footprint sibling or an independent acquisition.,data/processed\extras_compare\ESP_013236_1410\diff_ESP_013236_1410_COLOR.thumb_vs_ESP_013236_1410_RED.NOMAP.browse.png,,0.397,,,,,,,
diff_ESP_013236_1410_MIRB.thumb_vs_ESP_013236_1410_RED.NOMAP.browse.png,1864,5232,28,92,0.45,2576,3.29,dark,2,0,0,0,False,1.0,0.938,75.57,no,0.9374,0.7221,0.8655,36.4,46.4,PROMISING,low,,Strong single-image signal but not confirmed across band variants. Compare against the original product and look for the feature in a same-footprint sibling or an independent acquisition.,data/processed\extras_compare\ESP_013236_1410\diff_ESP_013236_1410_MIRB.thumb_vs_ESP_013236_1410_RED.NOMAP.browse.png,,0.477,,,,,,,
diff_ESP_013236_1410_RGB.NOMAP.browse_vs_ESP_013236_1410_RED.NOMAP.browse.png,656,676,24,16,1.95,384,1.5,dark,2,0,0,0,False,1.0,0.965,48.02,no,0.7587,1.4322,0.9212,36.4,46.4,PROMISING,low,small_blob,Strong single-image signal but not confirmed across band variants. Compare against the original product and look for the feature in a same-footprint sibling or an independent acquisition.,data/processed\extras_compare\ESP_013236_1410\diff_ESP_013236_1410_RGB.NOMAP.browse_vs_ESP_013236_1410_RED.NOMAP.browse.png,,0.376,,,,,,,
ESP_013236_1410_COLOR.browse_enh.png,932,8216,60,348,0.33,20880,5.8,bright,2,0,0,0,False,0.96,0.591,55.0,no,0.8751,0.7596,0.8415,40.3,46.3,PROMISING,low,,Strong single-image signal but not confirmed across band variants. Compare against the original product and look for the feature in a same-footprint sibling or an independent acquisition.,data/processed\ESP_013236_1410\ESP_013236_1410_COLOR.browse_enh.png,,0.492,,,,,,,
ESP_013236_1410_RED.NOMAP.browse_enh.png,3060,3068,24,28,1.86,672,1.17,bright,2,0,0,0,False,1.0,1.0,31.02,no,0.855,0.9741,0.9409,36.3,46.3,PROMISING,low,small_blob,Strong single-image signal but not confirmed across band variants. Compare against the original product and look for the feature in a same-footprint sibling or an independent acquisition.,data/processed\ESP_013236_1410\ESP_013236_1410_RED.NOMAP.browse_enh.png,,0.376,,,,,,,
ESP_013236_1410_RED.NOMAP.browse_enh.png,2740,10648,108,180,0.08,19440,1.67,bright,2,0,0,0,False,1.0,0.04,89.77,no,0.912,0.488,0.8843,44.3,46.3,PROMISING,low,,Strong single-image signal but not confirmed across band variants. Compare against the original product and look for the feature in a same-footprint sibling or an independent acquisition.,data/processed\ESP_013236_1410\ESP_013236_1410_RED.NOMAP.browse_enh.png,,0.498,,,,,,,
ESP_013236_1410_RED.NOMAP.thumb_enh.png,196,3524,16,36,2.07,576,2.25,bright,2,0,0,0,False,1.0,1.0,33.75,no,0.8754,0.7775,0.9546,36.3,46.3,PROMISING,low,small_blob,Strong single-image signal but not confirmed across band variants. Compare against the original product and look for the feature in a same-footprint sibling or an independent acquisition.,data/processed\ESP_013236_1410\ESP_013236_1410_RED.NOMAP.thumb_enh.png,,0.376,,,,,,,
ESP_013948_1410_RED_C_01_ORTHO.br_enh.png,1128,5536,12,40,0.57,480,3.33,dark,2,0,0,0,False,1.0,1.0,55.14,no,0.7777,0.9782,0.7421,36.3,46.3,PROMISING,low,,Strong single-image signal but not confirmed across band variants. Compare against the original product and look for the feature in a same-footprint sibling or an independent acquisition.,data/processed\ESP_013948_1410_ESP_013236_1410\ESP_013948_1410_RED_C_01_ORTHO.br_enh.png,,0.457,,,,,,,
diff_ESP_013236_1410_COLOR.abrowse_vs_ESP_013236_1410_RED.NOMAP.browse.png,1936,6492,12,44,0.63,528,3.67,dark,2,0,0,0,False,0.997,1.0,78.27,no,0.9131,0.6576,0.9167,36.3,46.3,PROMISING,low,,Strong single-image signal but not confirmed across band variants. Compare against the original product and look for the feature in a same-footprint sibling or an independent acquisition.,data/processed\extras_compare\ESP_013236_1410\diff_ESP_013236_1410_COLOR.abrowse_vs_ESP_013236_1410_RED.NOMAP.browse.png,,0.445,,,,,,,
diff_ESP_013236_1410_COLOR.thumb_vs_ESP_013236_1410_RED.NOMAP.browse.png,320,3288,16,48,0.49,768,3.0,bright,2,0,0,0,False,1.0,0.827,36.77,no,0.7844,1.4582,0.6009,36.3,46.3,PROMISING,low,,Strong single-image signal but not confirmed across band variants. Compare against the original product and look for the feature in a same-footprint sibling or an independent acquisition.,data/processed\extras_compare\ESP_013236_1410\diff_ESP_013236_1410_COLOR.thumb_vs_ESP_013236_1410_RED.NOMAP.browse.png,,0.471,,,,,,,
diff_ESP_013236_1410_IRB.NOMAP.thumb_vs_ESP_013236_1410_RED.NOMAP.browse.png,188,3292,20,64,0.95,1280,3.2,dark,2,0,0,0,False,1.0,0.383,67.21,no,0.6433,1.5096,0.8104,40.3,46.3,PROMISING,low,,Strong single-image signal but not confirmed across band variants. Compare against the original product and look for the feature in a same-footprint sibling or an independent acquisition.,data/processed\extras_compare\ESP_013236_1410\diff_ESP_013236_1410_IRB.NOMAP.thumb_vs_ESP_013236_1410_RED.NOMAP.browse.png,,0.402,,,,,,,
diff_ESP_013236_1410_MRGB.thumb_vs_ESP_013236_1410_RED.NOMAP.browse.png,1336,1732,20,16,2.81,320,1.25,dark,2,0,0,0,False,1.0,0.0,22.37,no,0.7851,1.8171,0.968,44.3,46.3,PROMISING,low,small_blob,Strong single-image signal but not confirmed across band variants. Compare against the original product and look for the feature in a same-footprint sibling or an independent acquisition.,data/processed\extras_compare\ESP_013236_1410\diff_ESP_013236_1410_MRGB.thumb_vs_ESP_013236_1410_RED.NOMAP.browse.png,,0.210,,,,,,,
diff_ESP_013236_1410_RED.browse_vs_ESP_013236_1410_RED.NOMAP.browse.png,320,3288,16,48,0.49,768,3.0,bright,2,0,0,0,False,1.0,0.827,41.18,no,0.7836,1.4542,0.6014,36.3,46.3,PROMISING,low,,Strong single-image signal but not confirmed across band variants. Compare against the original product and look for the feature in a same-footprint sibling or an independent acquisition.,data/processed\extras_compare\ESP_013236_1410\diff_ESP_013236_1410_RED.browse_vs_ESP_013236_1410_RED.NOMAP.browse.png,,0.471,,,,,,,
diff_ESP_013236_1410_RED.browse_vs_ESP_013236_1410_RED.NOMAP.browse.png,1184,6024,16,48,0.48,768,3.0,bright,2,0,0,0,False,1.0,1.0,75.53,no,0.7483,1.1438,0.763,36.3,46.3,PROMISING,low,,Strong single-image signal but not confirmed across band variants. Compare against the original product and look for the feature in a same-footprint sibling or an independent acquisition.,data/processed\extras_compare\ESP_013236_1410\diff_ESP_013236_1410_RED.browse_vs_ESP_013236_1410_RED.NOMAP.browse.png,,0.472,,,,,,,
diff_ESP_013236_1410_RED.thumb_vs_ESP_013236_1410_RED.NOMAP.browse.png,332,4852,20,120,0.96,2400,6.0,bright,2,0,0,0,False,1.0,1.0,78.73,no,0.9507,0.6285,0.8528,36.3,46.3,PROMISING,low,,Strong single-image signal but not confirmed across band variants. Compare against the original product and look for the feature in a same-footprint sibling or an independent acquisition.,data/processed\extras_compare\ESP_013236_1410\diff_ESP_013236_1410_RED.thumb_vs_ESP_013236_1410_RED.NOMAP.browse.png,,0.402,,,,,,,
ESP_013236_1410_RED.NOMAP.browse_enh.png,2456,8328,16,24,1.93,384,1.5,dark,2,0,0,0,False,1.0,0.97,30.74,no,0.7509,1.4672,0.8734,36.2,46.2,PROMISING,low,small_blob,Strong single-image signal but not confirmed across band variants. Compare against the original product and look for the feature in a same-footprint sibling or an independent acquisition.,data/processed\ESP_013236_1410\ESP_013236_1410_RED.NOMAP.browse_enh.png,,0.376,,,,,,,
ESP_013236_1410_RED.NOMAP.browse_enh.png,2684,12780,16,40,2.1,640,2.5,dark,2,0,0,0,False,1.0,1.0,23.25,no,0.7763,1.773,0.849,36.2,46.2,PROMISING,low,small_blob,Strong single-image signal but not confirmed across band variants. Compare against the original product and look for the feature in a same-footprint sibling or an independent acquisition.,data/processed\ESP_013236_1410\ESP_013236_1410_RED.NOMAP.browse_enh.png,,0.376,,,,,,,
ESP_013948_1410_COLOR.browse_enh.png,960,9488,16,60,0.61,960,3.75,dark,2,0,0,0,False,1.0,0.782,51.07,no,0.8265,1.0253,0.534,36.2,46.2,PROMISING,low,,Strong single-image signal but not confirmed across band variants. Compare against the original product and look for the feature in a same-footprint sibling or an independent acquisition.,data/processed\ESP_013948_1410\ESP_013948_1410_COLOR.browse_enh.png,,0.448,,,,,,,
ESP_013948_1410_RED.NOMAP.browse_enh.png,3052,10828,20,24,2.32,480,1.2,dark,2,0,0,0,False,1.0,0.669,35.24,no,0.7062,1.4836,0.833,40.2,46.2,PROMISING,low,small_blob,Strong single-image signal but not confirmed across band variants. Compare against the original product and look for the feature in a same-footprint sibling or an independent acquisition.,data/processed\ESP_013948_1410\ESP_013948_1410_RED.NOMAP.browse_enh.png,,0.376,,,,,,,
ESP_013948_1410_RED.NOMAP.browse_enh.png,2688,10960,16,20,1.88,320,1.25,dark,2,0,0,0,False,1.0,0.72,45.19,no,0.6775,1.0673,0.7981,36.2,46.2,PROMISING,low,small_blob,Strong single-image signal but not confirmed across band variants. Compare against the original product and look for the feature in a same-footprint sibling or an independent acquisition.,data/processed\ESP_013948_1410\ESP_013948_1410_RED.NOMAP.browse_enh.png,,0.376,,,,,,,
diff_ESP_013236_1410_COLOR.browse_vs_ESP_013236_1410_RED.NOMAP.browse.png,1460,5192,36,56,0.59,2016,1.56,dark,2,0,0,0,False,1.0,0.226,59.13,no,0.7309,1.0647,0.778,40.2,46.2,PROMISING,low,,Strong single-image signal but not confirmed across band variants. Compare against the original product and look for the feature in a same-footprint sibling or an independent acquisition.,data/processed\extras_compare\ESP_013236_1410\diff_ESP_013236_1410_COLOR.browse_vs_ESP_013236_1410_RED.NOMAP.browse.png,,0.453,,,,,,,
diff_ESP_013236_1410_COLOR.browse_vs_ESP_013236_1410_RED.NOMAP.browse.png,820,6012,16,56,0.56,896,3.5,dark,2,0,0,0,False,0.997,1.0,63.5,no,0.9196,0.8939,0.7511,36.2,46.2,PROMISING,low,,Strong single-image signal but not confirmed across band variants. Compare against the original product and look for the feature in a same-footprint sibling or an independent acquisition.,data/processed\extras_compare\ESP_013236_1410\diff_ESP_013236_1410_COLOR.browse_vs_ESP_013236_1410_RED.NOMAP.browse.png,,0.460,,,,,,,
diff_ESP_013236_1410_MRGB.abrowse_vs_ESP_013236_1410_RED.NOMAP.browse.png,1220,7072,12,28,2.08,336,2.33,bright,2,0,0,0,False,1.0,1.0,35.65,no,0.7745,0.9671,0.9676,36.2,46.2,PROMISING,low,small_blob,Strong single-image signal but not confirmed across band variants. Compare against the original product and look for the feature in a same-footprint sibling or an independent acquisition.,data/processed\extras_compare\ESP_013236_1410\diff_ESP_013236_1410_MRGB.abrowse_vs_ESP_013236_1410_RED.NOMAP.browse.png,,0.376,,,,,,,
diff_ESP_013236_1410_MRGB.browse_vs_ESP_013236_1410_RED.NOMAP.browse.png,628,6244,16,48,0.47,768,3.0,bright,2,0,0,0,False,1.0,1.0,90.76,no,0.9301,1.0928,0.8122,36.2,46.2,PROMISING,low,,Strong single-image signal but not confirmed across band variants. Compare against the original product and look for the feature in a same-footprint sibling or an independent acquisition.,data/processed\extras_compare\ESP_013236_1410\diff_ESP_013236_1410_MRGB.browse_vs_ESP_013236_1410_RED.NOMAP.browse.png,,0.473,,,,,,,
diff_ESP_013236_1410_RED.abrowse_vs_ESP_013236_1410_RED.NOMAP.browse.png,820,6056,12,44,1.53,528,3.67,bright,2,0,0,0,False,1.0,0.0,53.75,no,0.8523,0.7822,0.9372,44.2,46.2,PROMISING,low,,Strong single-image signal but not confirmed across band variants. Compare against the original product and look for the feature in a same-footprint sibling or an independent acquisition.,data/processed\extras_compare\ESP_013236_1410\diff_ESP_013236_1410_RED.abrowse_vs_ESP_013236_1410_RED.NOMAP.browse.png,,0.379,,,,,,,
diff_ESP_013236_1410_RED.thumb_vs_ESP_013236_1410_RED.NOMAP.browse.png,228,3304,16,64,1.11,1024,4.0,dark,2,0,0,0,False,1.0,0.606,69.29,no,0.7271,0.9654,0.9302,40.2,46.2,PROMISING,low,,Strong single-image signal but not confirmed across band variants. Compare against the original product and look for the feature in a same-footprint sibling or an independent acquisition.,data/processed\extras_compare\ESP_013236_1410\diff_ESP_013236_1410_RED.thumb_vs_ESP_013236_1410_RED.NOMAP.browse.png,,0.397,,,,,,,
ESP_013948_1410_RED.NOMAP.browse_enh.png,2784,12280,12,40,1.0,480,3.33,dark,2,0,0,0,False,1.0,0.649,28.71,no,0.7015,1.6929,0.7778,40.1,46.1,PROMISING,low,,Strong single-image signal but not confirmed across band variants. Compare against the original product and look for the feature in a same-footprint sibling or an independent acquisition.,data/processed\ESP_013948_1410\ESP_013948_1410_RED.NOMAP.browse_enh.png,,0.402,,,,,,,
diff_ESP_013236_1410_COLOR.abrowse_vs_ESP_013236_1410_RED.NOMAP.browse.png,260,3212,36,72,0.62,2592,2.0,dark,2,0,0,0,False,1.0,0.247,49.7,no,0.7413,1.3652,0.8956,40.1,46.1,PROMISING,low,,Strong single-image signal but not confirmed across band variants. Compare against the original product and look for the feature in a same-footprint sibling or an independent acquisition.,data/processed\extras_compare\ESP_013236_1410\diff_ESP_013236_1410_COLOR.abrowse_vs_ESP_013236_1410_RED.NOMAP.browse.png,,0.446,,,,,,,
diff_ESP_013236_1410_COLOR.browse_vs_ESP_013236_1410_RED.NOMAP.browse.png,1500,1656,36,44,0.99,1584,1.22,bright,2,0,0,0,False,1.0,0.18,51.12,no,0.8764,1.1296,0.8197,44.1,46.1,PROMISING,low,,Strong single-image signal but not confirmed across band variants. Compare against the original product and look for the feature in a same-footprint sibling or an independent acquisition.,data/processed\extras_compare\ESP_013236_1410\diff_ESP_013236_1410_COLOR.browse_vs_ESP_013236_1410_RED.NOMAP.browse.png,,0.402,,,,,,,
diff_ESP_013236_1410_COLOR.browse_vs_ESP_013236_1410_RED.NOMAP.browse.png,260,3212,36,72,0.62,2592,2.0,dark,2,0,0,0,False,1.0,0.247,46.12,no,0.7412,1.3666,0.8955,40.1,46.1,PROMISING,low,,Strong single-image signal but not confirmed across band variants. Compare against the original product and look for the feature in a same-footprint sibling or an independent acquisition.,data/processed\extras_compare\ESP_013236_1410\diff_ESP_013236_1410_COLOR.browse_vs_ESP_013236_1410_RED.NOMAP.browse.png,,0.446,,,,,,,
diff_ESP_013236_1410_COLOR.thumb_vs_ESP_013236_1410_RED.NOMAP.browse.png,1196,2600,80,372,0.03,29760,4.65,bright,2,0,0,0,False,1.0,0.038,100.78,no,0.9575,0.4419,0.8132,44.1,46.1,PROMISING,low,,Strong single-image signal but not confirmed across band variants. Compare against the original product and look for the feature in a same-footprint sibling or an independent acquisition.,data/processed\extras_compare\ESP_013236_1410\diff_ESP_013236_1410_COLOR.thumb_vs_ESP_013236_1410_RED.NOMAP.browse.png,,0.498,,,,,,,
diff_ESP_013236_1410_COLOR.thumb_vs_ESP_013236_1410_RED.NOMAP.browse.png,260,3212,36,72,0.62,2592,2.0,dark,2,0,0,0,False,1.0,0.247,49.23,no,0.7413,1.3631,0.8957,40.1,46.1,PROMISING,low,,Strong single-image signal but not confirmed across band variants. Compare against the original product and look for the feature in a same-footprint sibling or an independent acquisition.,data/processed\extras_compare\ESP_013236_1410\diff_ESP_013236_1410_COLOR.thumb_vs_ESP_013236_1410_RED.NOMAP.browse.png,,0.446,,,,,,,
diff_ESP_013236_1410_IRB.NOMAP.browse_vs_ESP_013236_1410_RED.NOMAP.browse.png,1864,5228,36,12,1.62,432,3.0,bright,2,0,0,0,False,1.0,1.0,55.7,no,0.7984,1.126,0.9554,36.1,46.1,PROMISING,low,,Strong single-image signal but not confirmed across band variants. Compare against the original product and look for the feature in a same-footprint sibling or an independent acquisition.,data/processed\extras_compare\ESP_013236_1410\diff_ESP_013236_1410_IRB.NOMAP.browse_vs_ESP_013236_1410_RED.NOMAP.browse.png,,0.376,,,,,,,
diff_ESP_013236_1410_MRGB.browse_vs_ESP_013236_1410_RED.NOMAP.browse.png,1308,2980,20,20,1.82,400,1.0,dark,2,0,0,0,False,1.0,1.0,38.57,no,0.7165,1.228,0.92,36.1,46.1,PROMISING,low,small_blob,Strong single-image signal but not confirmed across band variants. Compare against the original product and look for the feature in a same-footprint sibling or an independent acquisition.,data/processed\extras_compare\ESP_013236_1410\diff_ESP_013236_1410_MRGB.browse_vs_ESP_013236_1410_RED.NOMAP.browse.png,,0.376,,,,,,,
diff_ESP_013236_1410_RED.thumb_vs_ESP_013236_1410_RED.NOMAP.browse.png,1620,2556,16,92,0.95,1472,5.75,bright,2,0,0,0,False,1.0,1.0,74.12,no,0.9497,0.7344,0.8376,36.1,46.1,PROMISING,low,,Strong single-image signal but not confirmed across band variants. Compare against the original product and look for the feature in a same-footprint sibling or an independent acquisition.,data/processed\extras_compare\ESP_013236_1410\diff_ESP_013236_1410_RED.thumb_vs_ESP_013236_1410_RED.NOMAP.browse.png,,0.402,,,,,,,
diff_ESP_013236_1410_RED.thumb_vs_ESP_013236_1410_RED.NOMAP.browse.png,1608,3808,8,28,1.5,224,3.5,dark,2,0,0,0,False,1.0,0.0,43.37,no,0.7383,0.8283,0.9216,44.1,46.1,PROMISING,low,,Strong single-image signal but not confirmed across band variants. Compare against the original product and look for the feature in a same-footprint sibling or an independent acquisition.,data/processed\extras_compare\ESP_013236_1410\diff_ESP_013236_1410_RED.thumb_vs_ESP_013236_1410_RED.NOMAP.browse.png,,0.379,,,,,,,
diff_ESP_013236_1410_RED.thumb_vs_ESP_013236_1410_RED.NOMAP.browse.png,788,6620,16,24,1.91,384,1.5,bright,2,0,0,0,False,1.0,1.0,29.6,no,0.8424,0.8591,0.917,36.1,46.1,PROMISING,low,small_blob,Strong single-image signal but not confirmed across band variants. Compare against the original product and look for the feature in a same-footprint sibling or an independent acquisition.,data/processed\extras_compare\ESP_013236_1410\diff_ESP_013236_1410_RED.thumb_vs_ESP_013236_1410_RED.NOMAP.browse.png,,0.376,,,,,,,
ESP_013236_1410_RED.browse_enh.png,2708,9796,12,28,0.92,336,2.33,dark,3,2,0,2,False,0.983,1.0,61.29,no,0.8566,0.6283,0.8449,36.0,46.0,PROMISING,low,small_blob,Strong single-image signal but not confirmed across band variants. Compare against the original product and look for the feature in a same-footprint sibling or an independent acquisition.,data/processed\ESP_013236_1410\ESP_013236_1410_RED.browse_enh.png,,0.403,,,,,,,
ESP_013948_1410_COLOR.browse_enh.png,1108,9172,16,56,1.0,896,3.5,dark,2,0,0,0,False,1.0,0.577,37.76,no,0.8198,1.2616,0.9332,40.0,46.0,PROMISING,low,,Strong single-image signal but not confirmed across band variants. Compare against the original product and look for the feature in a same-footprint sibling or an independent acquisition.,data/processed\ESP_013948_1410\ESP_013948_1410_COLOR.browse_enh.png,,0.402,,,,,,,
ESP_013948_1410_RED.NOMAP.thumb_enh.png,200,2680,32,12,2.13,384,2.67,bright,2,0,0,0,False,1.0,1.0,34.29,no,0.8142,1.2849,0.8193,36.0,46.0,PROMISING,low,small_blob,Strong single-image signal but not confirmed across band variants. Compare against the original product and look for the feature in a same-footprint sibling or an independent acquisition.,data/processed\ESP_013948_1410\ESP_013948_1410_RED.NOMAP.thumb_enh.png,,0.376,,,,,,,
ESP_013948_1410_RED.abrowse_enh.png,1972,7252,44,20,0.86,880,2.2,bright,3,2,0,2,False,0.992,1.0,60.63,no,0.8773,0.9257,0.804,36.0,46.0,PROMISING,low,small_blob,Strong single-image signal but not confirmed across band variants. Compare against the original product and look for the feature in a same-footprint sibling or an independent acquisition.,data/processed\ESP_013948_1410\ESP_013948_1410_RED.abrowse_enh.png,,0.407,,,,,,,
ESP_013948_1410_RGB.NOMAP.browse_enh.png,136,16852,48,32,0.01,1536,1.5,bright,2,1,0,1,False,0.899,0.314,48.06,no,0.8709,1.1661,0.3097,40.0,46.0,PROMISING,low,,Strong single-image signal but not confirmed across band variants. Compare against the original product and look for the feature in a same-footprint sibling or an independent acquisition.,data/processed\ESP_013948_1410\ESP_013948_1410_RGB.NOMAP.browse_enh.png,,0.498,,,,,,,
ESP_013948_1410_RED_C_01_ORTHO.ab_enh.png,1148,4048,32,40,0.43,1280,1.25,dark,2,0,1,0,False,1.0,1.0,57.77,no,0.8694,1.2736,0.6518,24.0,46.0,CONFIRMED-LEAD,high,small_blob,"Real feature confirmed at the same pixels in the corresponding band variant(s) of one acquisition. Fetch the EDR original, geolocate on Trek, and check for an independent pass at a different lighting before writing a finding.",data/processed\ESP_013948_1410_ESP_013236_1410\ESP_013948_1410_RED_C_01_ORTHO.ab_enh.png,,0.478,,,,,,,
diff_ESP_013236_1410_COLOR.thumb_vs_ESP_013236_1410_RED.NOMAP.browse.png,1500,1656,36,44,0.98,1584,1.22,bright,2,0,0,0,False,1.0,0.176,54.39,no,0.8795,1.0946,0.8187,44.0,46.0,PROMISING,low,,Strong single-image signal but not confirmed across band variants. Compare against the original product and look for the feature in a same-footprint sibling or an independent acquisition.,data/processed\extras_compare\ESP_013236_1410\diff_ESP_013236_1410_COLOR.thumb_vs_ESP_013236_1410_RED.NOMAP.browse.png,,0.402,,,,,,,
diff_ESP_013236_1410_IRB.NOMAP.browse_vs_ESP_013236_1410_RED.NOMAP.browse.png,288,7424,16,24,1.9,384,1.5,bright,2,0,0,0,False,1.0,1.0,45.9,no,0.7971,1.2888,0.8864,36.0,46.0,PROMISING,low,small_blob,Strong single-image signal but not confirmed across band variants. Compare against the original product and look for the feature in a same-footprint sibling or an independent acquisition.,data/processed\extras_compare\ESP_013236_1410\diff_ESP_013236_1410_IRB.NOMAP.browse_vs_ESP_013236_1410_RED.NOMAP.browse.png,,0.376,,,,,,,
diff_ESP_013236_1410_MIRB.thumb_vs_ESP_013236_1410_RED.NOMAP.browse.png,1248,3012,16,16,1.81,256,1.0,bright,2,0,0,0,False,1.0,1.0,41.47,no,0.7424,1.1499,0.9349,36.0,46.0,PROMISING,low,small_blob,Strong single-image signal but not confirmed across band variants. Compare against the original product and look for the feature in a same-footprint sibling or an independent acquisition.,data/processed\extras_compare\ESP_013236_1410\diff_ESP_013236_1410_MIRB.thumb_vs_ESP_013236_1410_RED.NOMAP.browse.png,,0.376,,,,,,,
diff_ESP_013236_1410_MRGB.abrowse_vs_ESP_013236_1410_RED.NOMAP.browse.png,1392,7108,12,36,1.38,432,3.0,bright,2,0,0,0,False,1.0,0.0,52.62,no,0.5809,1.293,0.9194,44.0,46.0,PROMISING,low,,Strong single-image signal but not confirmed across band variants. Compare against the original product and look for the feature in a same-footprint sibling or an independent acquisition.,data/processed\extras_compare\ESP_013236_1410\diff_ESP_013236_1410_MRGB.abrowse_vs_ESP_013236_1410_RED.NOMAP.browse.png,,0.386,,,,,,,
diff_ESP_013236_1410_MRGB.browse_vs_ESP_013236_1410_RED.NOMAP.browse.png,1068,1048,36,44,0.06,1584,1.22,bright,2,0,0,0,False,1.0,0.884,61.84,no,0.8788,0.7885,0.8566,36.0,46.0,PROMISING,low,,Strong single-image signal but not confirmed across band variants. Compare against the original product and look for the feature in a same-footprint sibling or an independent acquisition.,data/processed\extras_compare\ESP_013236_1410\diff_ESP_013236_1410_MRGB.browse_vs_ESP_013236_1410_RED.NOMAP.browse.png,,0.498,,,,,,,
diff_ESP_013236_1410_RED.thumb_vs_ESP_013236_1410_RED.NOMAP.browse.png,544,2388,16,24,1.9,384,1.5,dark,2,0,0,0,False,1.0,1.0,41.54,no,0.8968,0.9389,0.8419,36.0,46.0,PROMISING,low,small_blob,Strong single-image signal but not confirmed across band variants. Compare against the original product and look for the feature in a same-footprint sibling or an independent acquisition.,data/processed\extras_compare\ESP_013236_1410\diff_ESP_013236_1410_RED.thumb_vs_ESP_013236_1410_RED.NOMAP.browse.png,,0.376,,,,,,,
ESP_013236_1410_RED.NOMAP.browse_enh.png,2584,8796,12,32,2.11,384,2.67,dark,2,0,0,0,False,1.0,1.0,26.32,no,0.7551,1.1696,0.8998,35.9,45.9,PROMISING,low,small_blob,Strong single-image signal but not confirmed across band variants. Compare against the original product and look for the feature in a same-footprint sibling or an independent acquisition.,data/processed\ESP_013236_1410\ESP_013236_1410_RED.NOMAP.browse_enh.png,,0.376,,,,,,,
ESP_013236_1410_RED.NOMAP.thumb_enh.png,744,2528,40,64,0.53,2560,1.6,dark,2,0,0,0,False,1.0,0.462,72.53,no,0.8831,0.8379,0.8126,39.9,45.9,PROMISING,low,,Strong single-image signal but not confirmed across band variants. Compare against the original product and look for the feature in a same-footprint sibling or an independent acquisition.,data/processed\ESP_013236_1410\ESP_013236_1410_RED.NOMAP.thumb_enh.png,,0.465,,,,,,,
ESP_013948_1410_MRGB.abrowse_enh.png,2068,7120,32,16,0.04,512,2.0,bright,2,1,1,1,False,1.0,0.829,28.36,no,0.7923,2.4784,0.4746,23.9,45.9,CONFIRMED-LEAD,high,small_blob,"Real feature confirmed at the same pixels in the corresponding band variant(s) of one acquisition. Fetch the EDR original, geolocate on Trek, and check for an independent pass at a different lighting before writing a finding.",data/processed\ESP_013948_1410\ESP_013948_1410_MRGB.abrowse_enh.png,,0.498,,,,,,,
ESP_013948_1410_RED.NOMAP.browse_enh.png,3756,9636,12,24,1.99,288,2.0,dark,2,0,0,0,False,1.0,1.0,32.66,no,0.7653,1.1733,0.8609,35.9,45.9,PROMISING,low,small_blob,Strong single-image signal but not confirmed across band variants. Compare against the original product and look for the feature in a same-footprint sibling or an independent acquisition.,data/processed\ESP_013948_1410\ESP_013948_1410_RED.NOMAP.browse_enh.png,,0.376,,,,,,,
ESP_013948_1410_RED.NOMAP.thumb_enh.png,680,2204,16,36,2.02,576,2.25,dark,2,0,0,0,False,1.0,1.0,26.95,no,0.7774,1.5653,0.92,35.9,45.9,PROMISING,low,small_blob,Strong single-image signal but not confirmed across band variants. Compare against the original product and look for the feature in a same-footprint sibling or an independent acquisition.,data/processed\ESP_013948_1410\ESP_013948_1410_RED.NOMAP.thumb_enh.png,,0.376,,,,,,,
ESP_013236_1410_RED_C_01_ORTHO.br_enh.png,1256,2700,20,16,1.85,320,1.25,bright,2,0,0,0,False,1.0,1.0,33.07,no,0.7495,1.457,0.8658,35.9,45.9,PROMISING,low,small_blob,Strong single-image signal but not confirmed across band variants. Compare against the original product and look for the feature in a same-footprint sibling or an independent acquisition.,data/processed\ESP_013948_1410_ESP_013236_1410\ESP_013236_1410_RED_C_01_ORTHO.br_enh.png,,0.376,,,,,,,
ESP_013948_1410_RED_C_01_ORTHO.br_enh.png,956,5152,20,40,1.96,800,2.0,bright,2,0,0,0,False,1.0,1.0,39.23,no,0.8048,1.2263,0.8153,35.9,45.9,PROMISING,low,small_blob,Strong single-image signal but not confirmed across band variants. Compare against the original product and look for the feature in a same-footprint sibling or an independent acquisition.,data/processed\ESP_013948_1410_ESP_013236_1410\ESP_013948_1410_RED_C_01_ORTHO.br_enh.png,,0.376,,,,,,,
diff_ESP_013236_1410_COLOR.abrowse_vs_ESP_013236_1410_RED.NOMAP.browse.png,1500,1656,36,44,0.97,1584,1.22,bright,2,0,0,0,False,1.0,0.176,54.92,no,0.88,1.0927,0.8187,43.9,45.9,PROMISING,low,,Strong single-image signal but not confirmed across band variants. Compare against the original product and look for the feature in a same-footprint sibling or an independent acquisition.,data/processed\extras_compare\ESP_013236_1410\diff_ESP_013236_1410_COLOR.abrowse_vs_ESP_013236_1410_RED.NOMAP.browse.png,,0.402,,,,,,,
diff_ESP_013236_1410_COLOR.browse_vs_ESP_013236_1410_RED.NOMAP.browse.png,552,3124,12,40,0.52,480,3.33,dark,2,0,0,0,False,0.993,1.0,31.14,no,0.6905,2.2957,0.7283,35.9,45.9,PROMISING,low,,Strong single-image signal but not confirmed across band variants. Compare against the original product and look for the feature in a same-footprint sibling or an independent acquisition.,data/processed\extras_compare\ESP_013236_1410\diff_ESP_013236_1410_COLOR.browse_vs_ESP_013236_1410_RED.NOMAP.browse.png,,0.467,,,,,,,
diff_ESP_013236_1410_MRGB.abrowse_vs_ESP_013236_1410_RED.NOMAP.browse.png,980,4784,16,32,2.43,512,2.0,bright,2,0,0,0,False,1.0,0.62,36.22,no,0.8213,1.131,0.9408,39.9,45.9,PROMISING,low,small_blob,Strong single-image signal but not confirmed across band variants. Compare against the original product and look for the feature in a same-footprint sibling or an independent acquisition.,data/processed\extras_compare\ESP_013236_1410\diff_ESP_013236_1410_MRGB.abrowse_vs_ESP_013236_1410_RED.NOMAP.browse.png,,0.370,,,,,,,
diff_ESP_013236_1410_MRGB.browse_vs_ESP_013236_1410_RED.NOMAP.browse.png,444,3736,16,96,0.97,1536,6.0,dark,2,0,0,0,False,1.0,1.0,60.11,no,0.9204,1.1752,0.8221,35.9,45.9,PROMISING,low,,Strong single-image signal but not confirmed across band variants. Compare against the original product and look for the feature in a same-footprint sibling or an independent acquisition.,data/processed\extras_compare\ESP_013236_1410\diff_ESP_013236_1410_MRGB.browse_vs_ESP_013236_1410_RED.NOMAP.browse.png,,0.402,,,,,,,
diff_ESP_013236_1410_MRGB.thumb_vs_ESP_013236_1410_RED.NOMAP.browse.png,1208,6740,16,64,0.62,1024,4.0,dark,2,0,0,0,False,1.0,1.0,68.92,no,0.8554,0.4864,0.9396,35.9,45.9,PROMISING,low,,Strong single-image signal but not confirmed across band variants. Compare against the original product and look for the feature in a same-footprint sibling or an independent acquisition.,data/processed\extras_compare\ESP_013236_1410\diff_ESP_013236_1410_MRGB.thumb_vs_ESP_013236_1410_RED.NOMAP.browse.png,,0.446,,,,,,,
diff_ESP_013236_1410_RED.thumb_vs_ESP_013236_1410_RED.NOMAP.browse.png,276,1012,12,28,2.05,336,2.33,dark,2,0,0,0,False,1.0,1.0,35.02,no,0.892,0.8228,0.9109,35.9,45.9,PROMISING,low,small_blob,Strong single-image signal but not confirmed across band variants. Compare against the original product and look for the feature in a same-footprint sibling or an independent acquisition.,data/processed\extras_compare\ESP_013236_1410\diff_ESP_013236_1410_RED.thumb_vs_ESP_013236_1410_RED.NOMAP.browse.png,,0.376,,,,,,,
ESP_013236_1410_COLOR.abrowse_enh.png,992,7488,36,44,0.5,1584,1.22,dark,2,0,0,0,False,1.0,0.403,72.07,no,0.8682,1.0081,0.9851,39.8,45.8,PROMISING,low,,Strong single-image signal but not confirmed across band variants. Compare against the original product and look for the feature in a same-footprint sibling or an independent acquisition.,data/processed\ESP_013236_1410\ESP_013236_1410_COLOR.abrowse_enh.png,,0.470,,,,,,,
ESP_013236_1410_RED.NOMAP.browse_enh.png,2968,2800,16,56,0.97,896,3.5,bright,2,0,0,0,False,0.998,0.42,64.59,no,0.9236,0.7046,0.8669,39.8,45.8,PROMISING,low,,Strong single-image signal but not confirmed across band variants. Compare against the original product and look for the feature in a same-footprint sibling or an independent acquisition.,data/processed\ESP_013236_1410\ESP_013236_1410_RED.NOMAP.browse_enh.png,,0.402,,,,,,,
ESP_013236_1410_RED.NOMAP.browse_enh.png,2564,11716,52,44,0.91,2288,1.18,dark,2,0,0,0,False,1.0,0.131,34.08,no,0.7158,1.2633,0.7087,43.8,45.8,PROMISING,low,,Strong single-image signal but not confirmed across band variants. Compare against the original product and look for the feature in a same-footprint sibling or an independent acquisition.,data/processed\ESP_013236_1410\ESP_013236_1410_RED.NOMAP.browse_enh.png,,0.404,,,,,,,
ESP_013236_1410_RGB.NOMAP.browse_enh.png,428,11396,24,24,0.29,576,1.0,dark,2,1,1,0,False,0.995,0.651,30.41,no,0.6517,1.7727,0.8612,27.8,45.8,CONFIRMED-LEAD,high,small_blob,"Real feature confirmed at the same pixels in the corresponding band variant(s) of one acquisition. Fetch the EDR original, geolocate on Trek, and check for an independent pass at a different lighting before writing a finding.",data/processed\ESP_013236_1410\ESP_013236_1410_RGB.NOMAP.browse_enh.png,,0.495,,,,,,,
ESP_013948_1410_RED.NOMAP.browse_enh.png,3636,9464,44,48,0.44,2112,1.09,dark,2,0,0,0,False,1.0,0.202,68.6,no,0.7501,1.1067,0.6077,39.8,45.8,PROMISING,low,,Strong single-image signal but not confirmed across band variants. Compare against the original product and look for the feature in a same-footprint sibling or an independent acquisition.,data/processed\ESP_013948_1410\ESP_013948_1410_RED.NOMAP.browse_enh.png,,0.478,,,,,,,
ESP_013948_1410_RED.NOMAP.browse_enh.png,2504,12172,48,32,0.56,1536,1.5,dark,2,0,0,0,False,1.0,0.296,46.33,no,0.7299,1.4772,0.8917,39.8,45.8,PROMISING,low,,Strong single-image signal but not confirmed across band variants. Compare against the original product and look for the feature in a same-footprint sibling or an independent acquisition.,data/processed\ESP_013948_1410\ESP_013948_1410_RED.NOMAP.browse_enh.png,,0.460,,,,,,,
diff_ESP_013236_1410_IRB.NOMAP.browse_vs_ESP_013236_1410_RED.NOMAP.browse.png,1936,6072,24,12,1.98,288,2.0,bright,2,0,0,0,False,1.0,1.0,48.28,no,0.7126,0.8974,0.9478,35.8,45.8,PROMISING,low,small_blob,Strong single-image signal but not confirmed across band variants. Compare against the original product and look for the feature in a same-footprint sibling or an independent acquisition.,data/processed\extras_compare\ESP_013236_1410\diff_ESP_013236_1410_IRB.NOMAP.browse_vs_ESP_013236_1410_RED.NOMAP.browse.png,,0.376,,,,,,,
diff_ESP_013236_1410_IRB.NOMAP.thumb_vs_ESP_013236_1410_RED.NOMAP.browse.png,1244,1096,40,28,2.28,1120,1.43,bright,2,0,0,0,False,1.0,0.565,44.22,no,0.8543,1.4058,0.7728,39.8,45.8,PROMISING,low,small_blob,Strong single-image signal but not confirmed across band variants. Compare against the original product and look for the feature in a same-footprint sibling or an independent acquisition.,data/processed\extras_compare\ESP_013236_1410\diff_ESP_013236_1410_IRB.NOMAP.thumb_vs_ESP_013236_1410_RED.NOMAP.browse.png,,0.376,,,,,,,
diff_ESP_013236_1410_IRB.NOMAP.thumb_vs_ESP_013236_1410_RED.NOMAP.browse.png,1000,6100,16,16,1.79,256,1.0,bright,2,0,0,0,False,1.0,1.0,49.84,no,0.6672,1.3212,0.9829,35.8,45.8,PROMISING,low,small_blob,Strong single-image signal but not confirmed across band variants. Compare against the original product and look for the feature in a same-footprint sibling or an independent acquisition.,data/processed\extras_compare\ESP_013236_1410\diff_ESP_013236_1410_IRB.NOMAP.thumb_vs_ESP_013236_1410_RED.NOMAP.browse.png,,0.376,,,,,,,
diff_ESP_013236_1410_MIRB.browse_vs_ESP_013236_1410_RED.NOMAP.browse.png,1384,7300,20,24,1.82,480,1.2,bright,2,0,0,0,False,1.0,1.0,40.91,no,0.792,0.965,0.8891,35.8,45.8,PROMISING,low,small_blob,Strong single-image signal but not confirmed across band variants. Compare against the original product and look for the feature in a same-footprint sibling or an independent acquisition.,data/processed\extras_compare\ESP_013236_1410\diff_ESP_013236_1410_MIRB.browse_vs_ESP_013236_1410_RED.NOMAP.browse.png,,0.376,,,,,,,
diff_ESP_013236_1410_MRGB.thumb_vs_ESP_013236_1410_RED.NOMAP.browse.png,980,4784,16,32,1.97,512,2.0,bright,2,0,0,0,False,1.0,0.717,40.64,no,0.8301,1.0391,0.9165,35.8,45.8,PROMISING,low,small_blob,Strong single-image signal but not confirmed across band variants. Compare against the original product and look for the feature in a same-footprint sibling or an independent acquisition.,data/processed\extras_compare\ESP_013236_1410\diff_ESP_013236_1410_MRGB.thumb_vs_ESP_013236_1410_RED.NOMAP.browse.png,,0.376,,,,,,,
diff_ESP_013236_1410_RED.browse_vs_ESP_013236_1410_RED.NOMAP.browse.png,992,1368,16,40,2.06,640,2.5,dark,2,0,0,0,False,1.0,1.0,31.09,no,0.8552,0.8347,0.9118,35.8,45.8,PROMISING,low,small_blob,Strong single-image signal but not confirmed across band variants. Compare against the original product and look for the feature in a same-footprint sibling or an independent acquisition.,data/processed\extras_compare\ESP_013236_1410\diff_ESP_013236_1410_RED.browse_vs_ESP_013236_1410_RED.NOMAP.browse.png,,0.376,,,,,,,
diff_ESP_013236_1410_RED.thumb_vs_ESP_013236_1410_RED.NOMAP.browse.png,624,1044,12,32,2.1,384,2.67,dark,2,0,0,0,False,1.0,1.0,32.32,no,0.8167,0.9828,0.9722,35.8,45.8,PROMISING,low,small_blob,Strong single-image signal but not confirmed across band variants. Compare against the original product and look for the feature in a same-footprint sibling or an independent acquisition.,data/processed\extras_compare\ESP_013236_1410\diff_ESP_013236_1410_RED.thumb_vs_ESP_013236_1410_RED.NOMAP.browse.png,,0.376,,,,,,,
ESP_013236_1410_RED.NOMAP.browse_enh.png,3040,11244,16,16,1.78,256,1.0,dark,2,0,0,0,False,1.0,1.0,31.75,no,0.6724,1.3752,0.975,35.7,45.7,PROMISING,low,small_blob,Strong single-image signal but not confirmed across band variants. Compare against the original product and look for the feature in a same-footprint sibling or an independent acquisition.,data/processed\ESP_013236_1410\ESP_013236_1410_RED.NOMAP.browse_enh.png,,0.376,,,,,,,
ESP_013948_1410_COLOR.abrowse_enh.png,940,9536,20,88,1.08,1760,4.4,bright,2,0,0,0,False,0.996,0.529,49.07,no,0.899,1.377,0.8368,39.7,45.7,PROMISING,low,,Strong single-image signal but not confirmed across band variants. Compare against the original product and look for the feature in a same-footprint sibling or an independent acquisition.,data/processed\ESP_013948_1410\ESP_013948_1410_COLOR.abrowse_enh.png,,0.398,,,,,,,
ESP_013948_1410_RED.NOMAP.browse_enh.png,1948,8976,32,60,0.59,1920,1.88,dark,2,0,0,0,False,1.0,0.339,51.21,no,0.8864,1.3085,0.7455,39.7,45.7,PROMISING,low,,Strong single-image signal but not confirmed across band variants. Compare against the original product and look for the feature in a same-footprint sibling or an independent acquisition.,data/processed\ESP_013948_1410\ESP_013948_1410_RED.NOMAP.browse_enh.png,,0.453,,,,,,,
ESP_013948_1410_RGB.NOMAP.browse_enh.png,88,7776,20,20,0.4,400,1.0,bright,2,0,1,0,False,1.0,0.814,45.37,no,0.5603,1.18,0.7807,23.7,45.7,CONFIRMED-LEAD,high,small_blob,"Real feature confirmed at the same pixels in the corresponding band variant(s) of one acquisition. Fetch the EDR original, geolocate on Trek, and check for an independent pass at a different lighting before writing a finding.",data/processed\ESP_013948_1410\ESP_013948_1410_RGB.NOMAP.browse_enh.png,,0.484,,,,,,,
ESP_013948_1410_IRB_C_01_ORTHO.th_enh.png,628,1940,64,456,0.49,29184,7.12,bright,2,0,0,1,False,0.988,0.04,65.69,no,0.9248,0.8602,0.8389,43.7,45.7,PROMISING,low,,Strong single-image signal but not confirmed across band variants. Compare against the original product and look for the feature in a same-footprint sibling or an independent acquisition.,data/processed\ESP_013948_1410_ESP_013236_1410\ESP_013948_1410_IRB_C_01_ORTHO.th_enh.png,,0.471,,,,,,,
diff_ESP_013236_1410_IRB.NOMAP.thumb_vs_ESP_013236_1410_RED.NOMAP.browse.png,184,736,52,16,1.6,832,3.25,bright,2,0,0,0,False,1.0,1.0,75.01,no,0.9523,0.6172,0.9634,35.7,45.7,PROMISING,low,,Strong single-image signal but not confirmed across band variants. Compare against the original product and look for the feature in a same-footprint sibling or an independent acquisition.,data/processed\extras_compare\ESP_013236_1410\diff_ESP_013236_1410_IRB.NOMAP.thumb_vs_ESP_013236_1410_RED.NOMAP.browse.png,,0.376,,,,,,,
diff_ESP_013236_1410_IRB.NOMAP.thumb_vs_ESP_013236_1410_RED.NOMAP.browse.png,284,772,64,20,0.43,1280,3.2,dark,2,0,0,0,False,0.985,1.0,99.48,no,0.9625,0.6109,0.7806,35.7,45.7,PROMISING,low,,Strong single-image signal but not confirmed across band variants. Compare against the original product and look for the feature in a same-footprint sibling or an independent acquisition.,data/processed\extras_compare\ESP_013236_1410\diff_ESP_013236_1410_IRB.NOMAP.thumb_vs_ESP_013236_1410_RED.NOMAP.browse.png,,0.478,,,,,,,
diff_ESP_013236_1410_IRB.NOMAP.thumb_vs_ESP_013236_1410_RED.NOMAP.browse.png,1820,3064,28,12,2.03,336,2.33,bright,2,0,0,0,False,1.0,1.0,44.77,no,0.8163,0.8489,0.9618,35.7,45.7,PROMISING,low,small_blob,Strong single-image signal but not confirmed across band variants. Compare against the original product and look for the feature in a same-footprint sibling or an independent acquisition.,data/processed\extras_compare\ESP_013236_1410\diff_ESP_013236_1410_IRB.NOMAP.thumb_vs_ESP_013236_1410_RED.NOMAP.browse.png,,0.376,,,,,,,
diff_ESP_013236_1410_MRGB.browse_vs_ESP_013236_1410_RED.NOMAP.browse.png,1068,1248,20,24,1.8,480,1.2,dark,2,0,0,0,False,1.0,1.0,27.18,no,0.7908,1.5921,0.8943,35.7,45.7,PROMISING,low,small_blob,Strong single-image signal but not confirmed across band variants. Compare against the original product and look for the feature in a same-footprint sibling or an independent acquisition.,data/processed\extras_compare\ESP_013236_1410\diff_ESP_013236_1410_MRGB.browse_vs_ESP_013236_1410_RED.NOMAP.browse.png,,0.376,,,,,,,
ESP_013236_1410_RED.NOMAP.browse_enh.png,2752,11032,28,20,1.83,560,1.4,dark,2,0,0,0,False,1.0,0.764,39.71,no,0.6981,1.2254,0.8688,35.6,45.6,PROMISING,low,small_blob,Strong single-image signal but not confirmed across band variants. Compare against the original product and look for the feature in a same-footprint sibling or an independent acquisition.,data/processed\ESP_013236_1410\ESP_013236_1410_RED.NOMAP.browse_enh.png,,0.376,,,,,,,
ESP_013236_1410_RGB.NOMAP.browse_enh.png,960,13544,16,24,0.37,384,1.5,bright,2,1,1,0,False,1.0,0.572,25.45,no,0.5626,1.7045,0.8234,27.6,45.6,CONFIRMED-LEAD,high,small_blob,"Real feature confirmed at the same pixels in the corresponding band variant(s) of one acquisition. Fetch the EDR original, geolocate on Trek, and check for an independent pass at a different lighting before writing a finding.",data/processed\ESP_013236_1410\ESP_013236_1410_RGB.NOMAP.browse_enh.png,,0.488,,,,,,,
ESP_013948_1410_RED.NOMAP.browse_enh.png,1872,9244,16,24,1.86,384,1.5,dark,2,0,0,0,False,1.0,1.0,32.26,no,0.7736,1.3797,0.8203,35.6,45.6,PROMISING,low,small_blob,Strong single-image signal but not confirmed across band variants. Compare against the original product and look for the feature in a same-footprint sibling or an independent acquisition.,data/processed\ESP_013948_1410\ESP_013948_1410_RED.NOMAP.browse_enh.png,,0.376,,,,,,,
ESP_013948_1410_RED.browse_enh.png,1880,7184,20,40,0.79,800,2.0,dark,3,2,0,2,False,1.0,0.837,31.0,no,0.7587,1.8559,0.6906,35.6,45.6,PROMISING,low,small_blob,Strong single-image signal but not confirmed across band variants. Compare against the original product and look for the feature in a same-footprint sibling or an independent acquisition.,data/processed\ESP_013948_1410\ESP_013948_1410_RED.browse_enh.png,,0.417,,,,,,,
ESP_013236_1410_RED_C_01_ORTHO.ab_enh.png,1184,2772,24,40,0.48,960,1.67,dark,2,0,1,0,False,1.0,0.741,31.18,no,0.8332,1.4375,0.6712,23.6,45.6,CONFIRMED-LEAD,high,small_blob,"Real feature confirmed at the same pixels in the corresponding band variant(s) of one acquisition. Fetch the EDR original, geolocate on Trek, and check for an independent pass at a different lighting before writing a finding.",data/processed\ESP_013948_1410_ESP_013236_1410\ESP_013236_1410_RED_C_01_ORTHO.ab_enh.png,,0.472,,,,,,,
ESP_013236_1410_RED_C_01_ORTHO.br_enh.png,440,4236,72,552,0.08,39744,7.67,bright,2,0,0,0,False,0.857,0.417,68.37,no,0.9347,0.7678,0.52,39.6,45.6,PROMISING,low,,Strong single-image signal but not confirmed across band variants. Compare against the original product and look for the feature in a same-footprint sibling or an independent acquisition.,data/processed\ESP_013948_1410_ESP_013236_1410\ESP_013236_1410_RED_C_01_ORTHO.br_enh.png,,0.498,,,,,,,
diff_ESP_013236_1410_COLOR.browse_vs_ESP_013236_1410_RED.NOMAP.browse.png,320,3288,16,48,0.41,768,3.0,bright,2,0,0,0,False,1.0,0.827,38.02,no,0.7476,1.3568,0.5547,35.6,45.6,PROMISING,low,,Strong single-image signal but not confirmed across band variants. Compare against the original product and look for the feature in a same-footprint sibling or an independent acquisition.,data/processed\extras_compare\ESP_013236_1410\diff_ESP_013236_1410_COLOR.browse_vs_ESP_013236_1410_RED.NOMAP.browse.png,,0.482,,,,,,,
diff_ESP_013236_1410_IRB.NOMAP.browse_vs_ESP_013236_1410_RED.NOMAP.browse.png,1608,5080,48,16,0.86,768,3.0,bright,2,0,0,0,False,1.0,0.479,70.01,no,0.7571,1.1061,0.7839,39.6,45.6,PROMISING,low,,Strong single-image signal but not confirmed across band variants. Compare against the original product and look for the feature in a same-footprint sibling or an independent acquisition.,data/processed\extras_compare\ESP_013236_1410\diff_ESP_013236_1410_IRB.NOMAP.browse_vs_ESP_013236_1410_RED.NOMAP.browse.png,,0.407,,,,,,,
diff_ESP_013236_1410_MIRB.browse_vs_ESP_013236_1410_RED.NOMAP.browse.png,260,556,12,44,1.0,528,3.67,bright,2,0,0,0,False,1.0,0.693,54.3,no,0.8408,1.0814,0.9186,39.6,45.6,PROMISING,low,,Strong single-image signal but not confirmed across band variants. Compare against the original product and look for the feature in a same-footprint sibling or an independent acquisition.,data/processed\extras_compare\ESP_013236_1410\diff_ESP_013236_1410_MIRB.browse_vs_ESP_013236_1410_RED.NOMAP.browse.png,,0.402,,,,,,,
ESP_013948_1410_IRB.NOMAP.browse_enh.png,108,18580,36,20,0.4,720,1.8,dark,2,1,1,0,False,1.0,0.505,42.28,no,0.7717,1.5637,0.4045,27.5,45.5,CONFIRMED-LEAD,high,small_blob,"Real feature confirmed at the same pixels in the corresponding band variant(s) of one acquisition. Fetch the EDR original, geolocate on Trek, and check for an independent pass at a different lighting before writing a finding.",data/processed\ESP_013948_1410\ESP_013948_1410_IRB.NOMAP.browse_enh.png,,0.484,,,,,,,
ESP_013236_1410_RED_C_01_ORTHO.br_enh.png,608,1988,16,20,1.8,320,1.25,dark,2,0,0,0,False,1.0,0.753,44.73,no,0.7647,1.215,0.8118,35.5,45.5,PROMISING,low,small_blob,Strong single-image signal but not confirmed across band variants. Compare against the original product and look for the feature in a same-footprint sibling or an independent acquisition.,data/processed\ESP_013948_1410_ESP_013236_1410\ESP_013236_1410_RED_C_01_ORTHO.br_enh.png,,0.376,,,,,,,
diff_ESP_013236_1410_MRGB.abrowse_vs_ESP_013236_1410_RED.NOMAP.browse.png,560,3444,36,48,0.48,1728,1.33,bright,2,0,0,0,False,1.0,0.333,76.26,no,0.7717,1.1248,0.7359,39.5,45.5,PROMISING,low,,Strong single-image signal but not confirmed across band variants. Compare against the original product and look for the feature in a same-footprint sibling or an independent acquisition.,data/processed\extras_compare\ESP_013236_1410\diff_ESP_013236_1410_MRGB.abrowse_vs_ESP_013236_1410_RED.NOMAP.browse.png,,0.472,,,,,,,
diff_ESP_013236_1410_MRGB.browse_vs_ESP_013236_1410_RED.NOMAP.browse.png,732,2408,8,28,1.44,224,3.5,dark,2,0,0,0,False,0.992,0.0,55.46,no,0.7072,1.3127,0.8815,43.5,45.5,PROMISING,low,,Strong single-image signal but not confirmed across band variants. Compare against the original product and look for the feature in a same-footprint sibling or an independent acquisition.,data/processed\extras_compare\ESP_013236_1410\diff_ESP_013236_1410_MRGB.browse_vs_ESP_013236_1410_RED.NOMAP.browse.png,,0.384,,,,,,,
ESP_013236_1410_RED.NOMAP.browse_enh.png,2400,11992,32,12,2.06,384,2.67,dark,2,0,0,0,False,1.0,1.0,29.8,no,0.6795,1.8926,0.7342,35.4,45.4,PROMISING,low,small_blob,Strong single-image signal but not confirmed across band variants. Compare against the original product and look for the feature in a same-footprint sibling or an independent acquisition.,data/processed\ESP_013236_1410\ESP_013236_1410_RED.NOMAP.browse_enh.png,,0.376,,,,,,,
ESP_013236_1410_RED.browse_enh.png,1936,6820,16,36,0.82,576,2.25,dark,3,2,0,2,False,1.0,1.0,28.81,no,0.6994,1.8696,0.7454,35.4,45.4,PROMISING,low,small_blob,Strong single-image signal but not confirmed across band variants. Compare against the original product and look for the feature in a same-footprint sibling or an independent acquisition.,data/processed\ESP_013236_1410\ESP_013236_1410_RED.browse_enh.png,,0.412,,,,,,,
ESP_013948_1410_RED.NOMAP.browse_enh.png,1880,7668,20,16,1.79,320,1.25,bright,2,0,0,0,False,1.0,1.0,42.68,no,0.8184,0.8169,0.8947,35.4,45.4,PROMISING,low,small_blob,Strong single-image signal but not confirmed across band variants. Compare against the original product and look for the feature in a same-footprint sibling or an independent acquisition.,data/processed\ESP_013948_1410\ESP_013948_1410_RED.NOMAP.browse_enh.png,,0.376,,,,,,,
ESP_013948_1410_RED.NOMAP.browse_enh.png,3000,10764,36,108,1.12,3888,3.0,dark,2,0,0,0,False,1.0,0.146,50.1,no,0.806,1.191,0.8386,43.4,45.4,PROMISING,low,,Strong single-image signal but not confirmed across band variants. Compare against the original product and look for the feature in a same-footprint sibling or an independent acquisition.,data/processed\ESP_013948_1410\ESP_013948_1410_RED.NOMAP.browse_enh.png,,0.396,,,,,,,
ESP_013236_1410_RED_C_01_ORTHO.ab_enh.png,484,2656,36,44,0.45,1584,1.22,bright,2,0,0,1,False,1.0,0.313,57.09,no,0.802,1.1417,0.7177,39.4,45.4,PROMISING,low,,Strong single-image signal but not confirmed across band variants. Compare against the original product and look for the feature in a same-footprint sibling or an independent acquisition.,data/processed\ESP_013948_1410_ESP_013236_1410\ESP_013236_1410_RED_C_01_ORTHO.ab_enh.png,,0.477,,,,,,,
ESP_013236_1410_RED_C_01_ORTHO.br_enh.png,1912,3764,16,68,0.6,1088,4.25,bright,2,0,0,0,False,1.0,0.793,41.2,no,0.782,1.2927,0.6402,35.4,45.4,PROMISING,low,,Strong single-image signal but not confirmed across band variants. Compare against the original product and look for the feature in a same-footprint sibling or an independent acquisition.,data/processed\ESP_013948_1410_ESP_013236_1410\ESP_013236_1410_RED_C_01_ORTHO.br_enh.png,,0.451,,,,,,,
ESP_013948_1410_RED_C_01_ORTHO.ab_enh.png,544,5268,20,68,0.42,1360,3.4,bright,2,0,0,1,False,0.886,1.0,61.71,no,0.9494,1.3454,0.879,35.4,45.4,PROMISING,low,,Strong single-image signal but not confirmed across band variants. Compare against the original product and look for the feature in a same-footprint sibling or an independent acquisition.,data/processed\ESP_013948_1410_ESP_013236_1410\ESP_013948_1410_RED_C_01_ORTHO.ab_enh.png,,0.480,,,,,,,
diff_ESP_013236_1410_IRB.NOMAP.browse_vs_ESP_013236_1410_RED.NOMAP.browse.png,1196,5000,20,24,1.77,480,1.2,bright,2,0,0,0,False,1.0,1.0,58.04,no,0.7635,1.0355,0.8787,35.4,45.4,PROMISING,low,small_blob,Strong single-image signal but not confirmed across band variants. Compare against the original product and look for the feature in a same-footprint sibling or an independent acquisition.,data/processed\extras_compare\ESP_013236_1410\diff_ESP_013236_1410_IRB.NOMAP.browse_vs_ESP_013236_1410_RED.NOMAP.browse.png,,0.376,,,,,,,
diff_ESP_013236_1410_MRGB.abrowse_vs_ESP_013236_1410_RED.NOMAP.browse.png,1148,6076,44,52,0.41,2288,1.18,bright,2,0,0,0,False,1.0,0.254,83.91,no,0.8463,1.0942,0.7369,39.4,45.4,PROMISING,low,,Strong single-image signal but not confirmed across band variants. Compare against the original product and look for the feature in a same-footprint sibling or an independent acquisition.,data/processed\extras_compare\ESP_013236_1410\diff_ESP_013236_1410_MRGB.abrowse_vs_ESP_013236_1410_RED.NOMAP.browse.png,,0.482,,,,,,,
ESP_013236_1410_COLOR.abrowse_enh.png,1188,8116,12,32,2.05,384,2.67,bright,2,0,0,0,False,1.0,1.0,21.05,no,0.7537,1.3512,0.8695,35.3,45.3,PROMISING,low,small_blob,Strong single-image signal but not confirmed across band variants. Compare against the original product and look for the feature in a same-footprint sibling or an independent acquisition.,data/processed\ESP_013236_1410\ESP_013236_1410_COLOR.abrowse_enh.png,,0.376,,,,,,,
ESP_013948_1410_RED.NOMAP.browse_enh.png,3568,9372,40,52,0.43,2080,1.3,dark,2,0,0,0,False,0.993,0.2,70.0,no,0.8454,1.0167,0.6395,39.3,45.3,PROMISING,low,,Strong single-image signal but not confirmed across band variants. Compare against the original product and look for the feature in a same-footprint sibling or an independent acquisition.,data/processed\ESP_013948_1410\ESP_013948_1410_RED.NOMAP.browse_enh.png,,0.478,,,,,,,
ESP_013948_1410_RED.NOMAP.browse_enh.png,3572,9408,64,132,0.67,8448,2.06,dark,2,0,0,0,False,1.0,0.035,66.32,no,0.7602,0.969,0.6534,43.3,45.3,PROMISING,low,,Strong single-image signal but not confirmed across band variants. Compare against the original product and look for the feature in a same-footprint sibling or an independent acquisition.,data/processed\ESP_013948_1410\ESP_013948_1410_RED.NOMAP.browse_enh.png,,0.438,,,,,,,
ESP_013236_1410_RED_C_01_ORTHO.br_enh.png,484,2544,36,44,0.44,1584,1.22,bright,2,0,0,0,False,1.0,0.281,57.74,no,0.8028,1.1386,0.7161,39.3,45.3,PROMISING,low,,Strong single-image signal but not confirmed across band variants. Compare against the original product and look for the feature in a same-footprint sibling or an independent acquisition.,data/processed\ESP_013948_1410_ESP_013236_1410\ESP_013236_1410_RED_C_01_ORTHO.br_enh.png,,0.478,,,,,,,
diff_ESP_013236_1410_COLOR.abrowse_vs_ESP_013236_1410_RED.NOMAP.browse.png,1928,6396,12,40,0.45,480,3.33,bright,2,0,0,0,False,1.0,1.0,73.71,no,0.9168,0.7878,0.7492,35.3,45.3,PROMISING,low,,Strong single-image signal but not confirmed across band variants. Compare against the original product and look for the feature in a same-footprint sibling or an independent acquisition.,data/processed\extras_compare\ESP_013236_1410\diff_ESP_013236_1410_COLOR.abrowse_vs_ESP_013236_1410_RED.NOMAP.browse.png,,0.477,,,,,,,
diff_ESP_013236_1410_COLOR.browse_vs_ESP_013236_1410_RED.NOMAP.browse.png,896,4748,28,56,0.13,1568,2.0,bright,2,0,0,0,False,0.995,0.701,43.02,no,0.8547,1.3324,0.367,35.3,45.3,PROMISING,low,,Strong single-image signal but not confirmed across band variants. Compare against the original product and look for the feature in a same-footprint sibling or an independent acquisition.,data/processed\extras_compare\ESP_013236_1410\diff_ESP_013236_1410_COLOR.browse_vs_ESP_013236_1410_RED.NOMAP.browse.png,,0.498,,,,,,,
diff_ESP_013236_1410_COLOR.thumb_vs_ESP_013236_1410_RED.NOMAP.browse.png,976,3040,20,24,1.76,480,1.2,dark,2,0,0,0,False,1.0,1.0,34.59,no,0.7543,1.123,0.896,35.3,45.3,PROMISING,low,small_blob,Strong single-image signal but not confirmed across band variants. Compare against the original product and look for the feature in a same-footprint sibling or an independent acquisition.,data/processed\extras_compare\ESP_013236_1410\diff_ESP_013236_1410_COLOR.thumb_vs_ESP_013236_1410_RED.NOMAP.browse.png,,0.376,,,,,,,
diff_ESP_013236_1410_IRB.NOMAP.browse_vs_ESP_013236_1410_RED.NOMAP.browse.png,1740,5032,20,16,1.78,320,1.25,bright,2,0,0,0,False,1.0,1.0,55.69,no,0.6083,1.6946,0.8993,35.3,45.3,PROMISING,low,small_blob,Strong single-image signal but not confirmed across band variants. Compare against the original product and look for the feature in a same-footprint sibling or an independent acquisition.,data/processed\extras_compare\ESP_013236_1410\diff_ESP_013236_1410_IRB.NOMAP.browse_vs_ESP_013236_1410_RED.NOMAP.browse.png,,0.376,,,,,,,
diff_ESP_013236_1410_MIRB.browse_vs_ESP_013236_1410_RED.NOMAP.browse.png,468,3076,12,36,1.31,432,3.0,dark,2,0,0,0,False,1.0,0.0,53.83,no,0.6173,1.5305,0.8656,43.3,45.3,PROMISING,low,,Strong single-image signal but not confirmed across band variants. Compare against the original product and look for the feature in a same-footprint sibling or an independent acquisition.,data/processed\extras_compare\ESP_013236_1410\diff_ESP_013236_1410_MIRB.browse_vs_ESP_013236_1410_RED.NOMAP.browse.png,,0.390,,,,,,,
diff_ESP_013236_1410_MIRB.thumb_vs_ESP_013236_1410_RED.NOMAP.browse.png,652,5528,20,20,1.73,400,1.0,bright,2,0,0,0,False,1.0,1.0,32.45,no,0.7252,0.8402,0.9635,35.3,45.3,PROMISING,low,small_blob,Strong single-image signal but not confirmed across band variants. Compare against the original product and look for the feature in a same-footprint sibling or an independent acquisition.,data/processed\extras_compare\ESP_013236_1410\diff_ESP_013236_1410_MIRB.thumb_vs_ESP_013236_1410_RED.NOMAP.browse.png,,0.376,,,,,,,
diff_ESP_013236_1410_MRGB.abrowse_vs_ESP_013236_1410_RED.NOMAP.browse.png,1568,652,12,36,1.3,432,3.0,bright,2,0,0,0,False,1.0,0.0,51.01,no,0.849,1.5735,0.822,43.3,45.3,PROMISING,low,,Strong single-image signal but not confirmed across band variants. Compare against the original product and look for the feature in a same-footprint sibling or an independent acquisition.,data/processed\extras_compare\ESP_013236_1410\diff_ESP_013236_1410_MRGB.abrowse_vs_ESP_013236_1410_RED.NOMAP.browse.png,,0.390,,,,,,,
diff_ESP_013236_1410_RED.thumb_vs_ESP_013236_1410_RED.NOMAP.browse.png,1936,6620,16,92,0.85,1472,5.75,bright,2,0,0,0,False,1.0,1.0,93.07,no,0.9648,0.5697,0.8243,35.3,45.3,PROMISING,low,,Strong single-image signal but not confirmed across band variants. Compare against the original product and look for the feature in a same-footprint sibling or an independent acquisition.,data/processed\extras_compare\ESP_013236_1410\diff_ESP_013236_1410_RED.thumb_vs_ESP_013236_1410_RED.NOMAP.browse.png,,0.407,,,,,,,
ESP_013236_1410_RED.NOMAP.browse_enh.png,372,6644,40,72,0.92,2880,1.8,dark,2,0,0,0,False,1.0,0.106,45.21,no,0.8059,1.0295,0.8031,43.2,45.2,PROMISING,low,,Strong single-image signal but not confirmed across band variants. Compare against the original product and look for the feature in a same-footprint sibling or an independent acquisition.,data/processed\ESP_013236_1410\ESP_013236_1410_RED.NOMAP.browse_enh.png,,0.403,,,,,,,
ESP_013948_1410_RED.NOMAP.browse_enh.png,2264,1072,12,36,1.29,432,3.0,bright,2,0,0,0,False,1.0,0.0,37.35,no,0.7245,1.1964,0.8281,43.2,45.2,PROMISING,low,,Strong single-image signal but not confirmed across band variants. Compare against the original product and look for the feature in a same-footprint sibling or an independent acquisition.,data/processed\ESP_013948_1410\ESP_013948_1410_RED.NOMAP.browse_enh.png,,0.390,,,,,,,
ESP_013948_1410_RGB.NOMAP.browse_enh.png,880,10336,20,24,0.26,480,1.2,dark,2,1,1,0,False,1.0,0.656,35.24,no,0.6285,1.4919,0.483,27.2,45.2,CONFIRMED-LEAD,high,small_blob,"Real feature confirmed at the same pixels in the corresponding band variant(s) of one acquisition. Fetch the EDR original, geolocate on Trek, and check for an independent pass at a different lighting before writing a finding.",data/processed\ESP_013948_1410\ESP_013948_1410_RGB.NOMAP.browse_enh.png,,0.496,,,,,,,
ESP_013948_1410_RED_C_01_ORTHO.br_enh.png,1144,3936,36,48,0.44,1728,1.33,dark,2,0,0,0,False,1.0,0.488,56.28,no,0.8791,1.0536,0.7202,39.2,45.2,PROMISING,low,,Strong single-image signal but not confirmed across band variants. Compare against the original product and look for the feature in a same-footprint sibling or an independent acquisition.,data/processed\ESP_013948_1410_ESP_013236_1410\ESP_013948_1410_RED_C_01_ORTHO.br_enh.png,,0.478,,,,,,,
diff_ESP_013236_1410_COLOR.thumb_vs_ESP_013236_1410_RED.NOMAP.browse.png,936,3120,16,28,1.86,448,1.75,dark,2,0,0,0,False,1.0,1.0,43.86,no,0.819,0.8548,0.875,35.2,45.2,PROMISING,low,small_blob,Strong single-image signal but not confirmed across band variants. Compare against the original product and look for the feature in a same-footprint sibling or an independent acquisition.,data/processed\extras_compare\ESP_013236_1410\diff_ESP_013236_1410_COLOR.thumb_vs_ESP_013236_1410_RED.NOMAP.browse.png,,0.376,,,,,,,
diff_ESP_013236_1410_COLOR.thumb_vs_ESP_013236_1410_RED.NOMAP.browse.png,1584,4796,16,64,0.54,1024,4.0,bright,2,0,0,0,False,1.0,0.971,60.3,no,0.9414,0.7198,0.7511,35.2,45.2,PROMISING,low,,Strong single-image signal but not confirmed across band variants. Compare against the original product and look for the feature in a same-footprint sibling or an independent acquisition.,data/processed\extras_compare\ESP_013236_1410\diff_ESP_013236_1410_COLOR.thumb_vs_ESP_013236_1410_RED.NOMAP.browse.png,,0.463,,,,,,,
diff_ESP_013236_1410_COLOR.thumb_vs_ESP_013236_1410_RED.NOMAP.browse.png,1372,7056,16,24,1.81,384,1.5,bright,2,0,0,0,False,1.0,1.0,43.8,no,0.6317,1.681,0.8425,35.2,45.2,PROMISING,low,small_blob,Strong single-image signal but not confirmed across band variants. Compare against the original product and look for the feature in a same-footprint sibling or an independent acquisition.,data/processed\extras_compare\ESP_013236_1410\diff_ESP_013236_1410_COLOR.thumb_vs_ESP_013236_1410_RED.NOMAP.browse.png,,0.376,,,,,,,
diff_ESP_013236_1410_MIRB.browse_vs_ESP_013236_1410_RED.NOMAP.browse.png,1888,5212,16,64,0.54,1024,4.0,dark,2,0,0,0,False,0.982,1.0,80.4,no,0.9015,1.137,0.8345,35.2,45.2,PROMISING,low,,Strong single-image signal but not confirmed across band variants. Compare against the original product and look for the feature in a same-footprint sibling or an independent acquisition.,data/processed\extras_compare\ESP_013236_1410\diff_ESP_013236_1410_MIRB.browse_vs_ESP_013236_1410_RED.NOMAP.browse.png,,0.463,,,,,,,
diff_ESP_013236_1410_MIRB.thumb_vs_ESP_013236_1410_RED.NOMAP.browse.png,1220,7072,20,32,1.81,640,1.6,bright,2,0,0,0,False,1.0,1.0,46.62,no,0.8862,0.8587,0.9542,35.2,45.2,PROMISING,low,small_blob,Strong single-image signal but not confirmed across band variants. Compare against the original product and look for the feature in a same-footprint sibling or an independent acquisition.,data/processed\extras_compare\ESP_013236_1410\diff_ESP_013236_1410_MIRB.thumb_vs_ESP_013236_1410_RED.NOMAP.browse.png,,0.376,,,,,,,
diff_ESP_013236_1410_RED.browse_vs_ESP_013236_1410_RED.NOMAP.browse.png,1004,2244,20,32,1.81,640,1.6,dark,2,0,0,0,False,1.0,0.931,27.3,no,0.7747,1.2654,0.946,35.2,45.2,PROMISING,low,small_blob,Strong single-image signal but not confirmed across band variants. Compare against the original product and look for the feature in a same-footprint sibling or an independent acquisition.,data/processed\extras_compare\ESP_013236_1410\diff_ESP_013236_1410_RED.browse_vs_ESP_013236_1410_RED.NOMAP.browse.png,,0.376,,,,,,,
diff_ESP_013236_1410_RED.browse_vs_ESP_013236_1410_RED.NOMAP.browse.png,888,2320,16,60,0.49,960,3.75,bright,2,0,0,0,False,0.999,0.979,62.1,no,0.8411,1.0354,0.8076,35.2,45.2,PROMISING,low,,Strong single-image signal but not confirmed across band variants. Compare against the original product and look for the feature in a same-footprint sibling or an independent acquisition.,data/processed\extras_compare\ESP_013236_1410\diff_ESP_013236_1410_RED.browse_vs_ESP_013236_1410_RED.NOMAP.browse.png,,0.471,,,,,,,
diff_ESP_013236_1410_RGB.NOMAP.browse_vs_ESP_013236_1410_RED.NOMAP.browse.png,1360,988,28,16,1.85,448,1.75,dark,2,0,0,0,False,1.0,1.0,59.03,no,0.8479,0.9356,0.9817,35.2,45.2,PROMISING,low,small_blob,Strong single-image signal but not confirmed across band variants. Compare against the original product and look for the feature in a same-footprint sibling or an independent acquisition.,data/processed\extras_compare\ESP_013236_1410\diff_ESP_013236_1410_RGB.NOMAP.browse_vs_ESP_013236_1410_RED.NOMAP.browse.png,,0.376,,,,,,,
ESP_013236_1410_IRB.NOMAP.browse_enh.png,620,8184,24,24,0.21,576,1.0,dark,2,1,1,0,False,1.0,0.52,55.92,no,0.8384,1.1451,0.8332,27.1,45.1,CONFIRMED-LEAD,high,small_blob,"Real feature confirmed at the same pixels in the corresponding band variant(s) of one acquisition. Fetch the EDR original, geolocate on Trek, and check for an independent pass at a different lighting before writing a finding.",data/processed\ESP_013236_1410\ESP_013236_1410_IRB.NOMAP.browse_enh.png,,0.498,,,,,,,
ESP_013236_1410_RED.NOMAP.browse_enh.png,360,6564,16,52,0.85,832,3.25,bright,2,0,0,0,False,1.0,0.615,50.44,no,0.8004,1.2816,0.8841,39.1,45.1,PROMISING,low,,Strong single-image signal but not confirmed across band variants. Compare against the original product and look for the feature in a same-footprint sibling or an independent acquisition.,data/processed\ESP_013236_1410\ESP_013236_1410_RED.NOMAP.browse_enh.png,,0.407,,,,,,,
ESP_013236_1410_RGB.NOMAP.browse_enh.png,696,7932,36,20,0.47,720,1.8,dark,2,0,1,0,False,1.0,1.0,71.28,no,0.8372,0.8279,0.7921,23.1,45.1,CONFIRMED-LEAD,high,small_blob,"Real feature confirmed at the same pixels in the corresponding band variant(s) of one acquisition. Fetch the EDR original, geolocate on Trek, and check for an independent pass at a different lighting before writing a finding.",data/processed\ESP_013236_1410\ESP_013236_1410_RGB.NOMAP.browse_enh.png,,0.473,,,,,,,
ESP_013948_1410_COLOR.abrowse_enh.png,1340,11608,56,76,0.29,4256,1.36,bright,2,0,0,0,False,1.0,0.261,55.5,no,0.9197,0.7648,0.6079,39.1,45.1,PROMISING,low,,Strong single-image signal but not confirmed across band variants. Compare against the original product and look for the feature in a same-footprint sibling or an independent acquisition.,data/processed\ESP_013948_1410\ESP_013948_1410_COLOR.abrowse_enh.png,,0.495,,,,,,,
ESP_013948_1410_RED.NOMAP.browse_enh.png,3152,13924,12,20,1.84,240,1.67,bright,2,0,0,0,False,1.0,1.0,38.29,no,0.7415,1.0534,0.8936,35.1,45.1,PROMISING,low,small_blob,Strong single-image signal but not confirmed across band variants. Compare against the original product and look for the feature in a same-footprint sibling or an independent acquisition.,data/processed\ESP_013948_1410\ESP_013948_1410_RED.NOMAP.browse_enh.png,,0.376,,,,,,,
ESP_013948_1410_RED_C_01_ORTHO.ab_enh.png,1680,780,24,96,0.45,2304,4.0,bright,2,0,0,1,False,0.941,0.81,79.5,no,0.9617,1.2347,0.6614,35.1,45.1,PROMISING,low,,Strong single-image signal but not confirmed across band variants. Compare against the original product and look for the feature in a same-footprint sibling or an independent acquisition.,data/processed\ESP_013948_1410_ESP_013236_1410\ESP_013948_1410_RED_C_01_ORTHO.ab_enh.png,,0.477,,,,,,,
diff_ESP_013236_1410_IRB.NOMAP.browse_vs_ESP_013236_1410_RED.NOMAP.browse.png,116,3644,20,16,1.76,320,1.25,bright,2,0,0,0,False,1.0,1.0,49.01,no,0.8239,1.5196,0.9394,35.1,45.1,PROMISING,low,small_blob,Strong single-image signal but not confirmed across band variants. Compare against the original product and look for the feature in a same-footprint sibling or an independent acquisition.,data/processed\extras_compare\ESP_013236_1410\diff_ESP_013236_1410_IRB.NOMAP.browse_vs_ESP_013236_1410_RED.NOMAP.browse.png,,0.376,,,,,,,
diff_ESP_013236_1410_IRB.NOMAP.thumb_vs_ESP_013236_1410_RED.NOMAP.browse.png,1216,924,12,32,2.02,384,2.67,bright,2,0,0,0,False,1.0,1.0,53.37,no,0.8098,1.7256,0.7628,35.1,45.1,PROMISING,low,small_blob,Strong single-image signal but not confirmed across band variants. Compare against the original product and look for the feature in a same-footprint sibling or an independent acquisition.,data/processed\extras_compare\ESP_013236_1410\diff_ESP_013236_1410_IRB.NOMAP.thumb_vs_ESP_013236_1410_RED.NOMAP.browse.png,,0.376,,,,,,,
diff_ESP_013236_1410_MIRB.thumb_vs_ESP_013236_1410_RED.NOMAP.browse.png,900,704,24,16,1.8,384,1.5,bright,2,0,0,0,False,1.0,1.0,35.42,no,0.5933,1.3535,0.8878,35.1,45.1,PROMISING,low,small_blob,Strong single-image signal but not confirmed across band variants. Compare against the original product and look for the feature in a same-footprint sibling or an independent acquisition.,data/processed\extras_compare\ESP_013236_1410\diff_ESP_013236_1410_MIRB.thumb_vs_ESP_013236_1410_RED.NOMAP.browse.png,,0.376,,,,,,,
diff_ESP_013236_1410_RGB.NOMAP.thumb_vs_ESP_013236_1410_RED.NOMAP.browse.png,1544,2240,20,36,1.84,720,1.8,bright,2,0,0,0,False,1.0,1.0,49.4,no,0.8362,1.0344,0.8515,35.1,45.1,PROMISING,low,small_blob,Strong single-image signal but not confirmed across band variants. Compare against the original product and look for the feature in a same-footprint sibling or an independent acquisition.,data/processed\extras_compare\ESP_013236_1410\diff_ESP_013236_1410_RGB.NOMAP.thumb_vs_ESP_013236_1410_RED.NOMAP.browse.png,,0.376,,,,,,,
ESP_013236_1410_RED.NOMAP.browse_enh.png,3032,2928,16,32,1.87,512,2.0,bright,2,0,0,0,False,1.0,1.0,39.68,no,0.8378,0.8094,0.9299,35.0,45.0,PROMISING,low,small_blob,Strong single-image signal but not confirmed across band variants. Compare against the original product and look for the feature in a same-footprint sibling or an independent acquisition.,data/processed\ESP_013236_1410\ESP_013236_1410_RED.NOMAP.browse_enh.png,,0.376,,,,,,,
ESP_013236_1410_RED.NOMAP.browse_enh.png,648,6604,16,64,0.97,1024,4.0,bright,2,0,0,0,False,1.0,0.652,35.93,no,0.8665,1.4797,0.8878,39.0,45.0,PROMISING,low,,Strong single-image signal but not confirmed across band variants. Compare against the original product and look for the feature in a same-footprint sibling or an independent acquisition.,data/processed\ESP_013236_1410\ESP_013236_1410_RED.NOMAP.browse_enh.png,,0.402,,,,,,,
ESP_013236_1410_RED.NOMAP.browse_enh.png,2952,11492,36,68,0.49,2448,1.89,dark,2,0,0,0,False,1.0,0.304,57.0,no,0.8091,1.1057,0.7434,39.0,45.0,PROMISING,low,,Strong single-image signal but not confirmed across band variants. Compare against the original product and look for the feature in a same-footprint sibling or an independent acquisition.,data/processed\ESP_013236_1410\ESP_013236_1410_RED.NOMAP.browse_enh.png,,0.471,,,,,,,
ESP_013948_1410_RED.NOMAP.browse_enh.png,476,2612,16,60,0.47,960,3.75,bright,2,0,0,0,False,1.0,1.0,46.14,no,0.8794,0.8867,0.247,35.0,45.0,PROMISING,low,,Strong single-image signal but not confirmed across band variants. Compare against the original product and look for the feature in a same-footprint sibling or an independent acquisition.,data/processed\ESP_013948_1410\ESP_013948_1410_RED.NOMAP.browse_enh.png,,0.473,,,,,,,
ESP_013948_1410_RED.NOMAP.browse_enh.png,3820,11912,16,16,2.84,256,1.0,bright,2,0,0,0,False,1.0,1.0,22.89,no,0.8008,1.2957,0.929,35.0,45.0,PROMISING,low,small_blob,Strong single-image signal but not confirmed across band variants. Compare against the original product and look for the feature in a same-footprint sibling or an independent acquisition.,data/processed\ESP_013948_1410\ESP_013948_1410_RED.NOMAP.browse_enh.png,,0.198,,,,,,,
ESP_013948_1410_RGB.NOMAP.browse_enh.png,232,11300,28,36,0.23,1008,1.29,dark,2,1,1,0,False,0.951,0.698,49.62,no,0.8702,1.1369,0.6017,27.0,45.0,CONFIRMED-LEAD,high,small_blob,"Real feature confirmed at the same pixels in the corresponding band variant(s) of one acquisition. Fetch the EDR original, geolocate on Trek, and check for an independent pass at a different lighting before writing a finding.",data/processed\ESP_013948_1410\ESP_013948_1410_RGB.NOMAP.browse_enh.png,,0.498,,,,,,,
ESP_013236_1410_IRB_C_01_ORTHO.th_enh.png,596,2484,20,20,0.89,400,1.0,bright,2,1,1,0,False,1.0,1.0,54.33,no,0.8118,0.7414,0.913,23.0,45.0,CONFIRMED-LEAD,high,small_blob,"Real feature confirmed at the same pixels in the corresponding band variant(s) of one acquisition. Fetch the EDR original, geolocate on Trek, and check for an independent pass at a different lighting before writing a finding.",data/processed\ESP_013948_1410_ESP_013236_1410\ESP_013236_1410_IRB_C_01_ORTHO.th_enh.png,,0.405,,,,,,,
diff_ESP_013236_1410_COLOR.abrowse_vs_ESP_013236_1410_RED.NOMAP.browse.png,660,676,16,16,1.7,256,1.0,dark,2,0,0,0,False,1.0,1.0,32.23,no,0.7423,1.4127,0.9903,35.0,45.0,PROMISING,low,small_blob,Strong single-image signal but not confirmed across band variants. Compare against the original product and look for the feature in a same-footprint sibling or an independent acquisition.,data/processed\extras_compare\ESP_013236_1410\diff_ESP_013236_1410_COLOR.abrowse_vs_ESP_013236_1410_RED.NOMAP.browse.png,,0.376,,,,,,,
diff_ESP_013236_1410_RED.thumb_vs_ESP_013236_1410_RED.NOMAP.browse.png,360,2996,16,20,1.74,320,1.25,dark,2,0,0,0,False,1.0,1.0,29.74,no,0.845,0.8732,0.9004,35.0,45.0,PROMISING,low,small_blob,Strong single-image signal but not confirmed across band variants. Compare against the original product and look for the feature in a same-footprint sibling or an independent acquisition.,data/processed\extras_compare\ESP_013236_1410\diff_ESP_013236_1410_RED.thumb_vs_ESP_013236_1410_RED.NOMAP.browse.png,,0.376,,,,,,,
diff_ESP_013236_1410_RED.thumb_vs_ESP_013236_1410_RED.NOMAP.browse.png,1656,3020,16,88,0.78,1408,5.5,bright,2,0,0,0,False,0.998,1.0,87.14,no,0.9482,0.7725,0.7844,35.0,45.0,PROMISING,low,,Strong single-image signal but not confirmed across band variants. Compare against the original product and look for the feature in a same-footprint sibling or an independent acquisition.,data/processed\extras_compare\ESP_013236_1410\diff_ESP_013236_1410_RED.thumb_vs_ESP_013236_1410_RED.NOMAP.browse.png,,0.419,,,,,,,
ESP_013236_1410_IRB.NOMAP.browse_enh.png,724,11032,20,24,0.22,480,1.2,dark,2,1,1,0,False,1.0,0.676,29.35,no,0.6361,1.5183,0.319,26.8,44.8,CONFIRMED-LEAD,high,small_blob,"Real feature confirmed at the same pixels in the corresponding band variant(s) of one acquisition. Fetch the EDR original, geolocate on Trek, and check for an independent pass at a different lighting before writing a finding.",data/processed\ESP_013236_1410\ESP_013236_1410_IRB.NOMAP.browse_enh.png,,0.498,,,,,,,
ESP_013236_1410_RGB.NOMAP.browse_enh.png,944,12428,28,48,0.26,1344,1.71,dark,2,1,1,0,False,1.0,0.63,38.21,no,0.8677,0.9578,0.8553,26.8,44.8,CONFIRMED-LEAD,high,small_blob,"Real feature confirmed at the same pixels in the corresponding band variant(s) of one acquisition. Fetch the EDR original, geolocate on Trek, and check for an independent pass at a different lighting before writing a finding.",data/processed\ESP_013236_1410\ESP_013236_1410_RGB.NOMAP.browse_enh.png,,0.496,,,,,,,
ESP_013948_1410_RGB.NOMAP.browse_enh.png,404,11096,32,20,0.28,640,1.6,bright,2,1,1,0,False,0.956,0.539,75.0,no,0.8528,0.8745,0.795,26.8,44.8,CONFIRMED-LEAD,high,small_blob,"Real feature confirmed at the same pixels in the corresponding band variant(s) of one acquisition. Fetch the EDR original, geolocate on Trek, and check for an independent pass at a different lighting before writing a finding.",data/processed\ESP_013948_1410\ESP_013948_1410_RGB.NOMAP.browse_enh.png,,0.495,,,,,,,
ESP_013948_1410_RED_C_01_ORTHO.ab_enh.png,1184,2772,24,24,0.28,576,1.0,dark,2,0,1,0,False,0.991,1.0,41.71,no,0.7704,1.4786,0.9311,22.7,44.7,CONFIRMED-LEAD,high,small_blob,"Real feature confirmed at the same pixels in the corresponding band variant(s) of one acquisition. Fetch the EDR original, geolocate on Trek, and check for an independent pass at a different lighting before writing a finding.",data/processed\ESP_013948_1410_ESP_013236_1410\ESP_013948_1410_RED_C_01_ORTHO.ab_enh.png,,0.495,,,,,,,
ESP_013236_1410_IRB.NOMAP.browse_enh.png,608,14512,28,40,0.2,1120,1.43,dark,2,1,1,0,False,1.0,0.515,42.6,no,0.7447,1.2324,0.7682,26.6,44.6,CONFIRMED-LEAD,high,small_blob,"Real feature confirmed at the same pixels in the corresponding band variant(s) of one acquisition. Fetch the EDR original, geolocate on Trek, and check for an independent pass at a different lighting before writing a finding.",data/processed\ESP_013236_1410\ESP_013236_1410_IRB.NOMAP.browse_enh.png,,0.498,,,,,,,
ESP_013236_1410_RGB.NOMAP.browse_enh.png,516,9084,12,28,0.53,336,2.33,dark,2,0,1,0,False,1.0,1.0,29.64,no,0.6462,2.1055,0.84,22.6,44.6,CONFIRMED-LEAD,high,small_blob,"Real feature confirmed at the same pixels in the corresponding band variant(s) of one acquisition. Fetch the EDR original, geolocate on Trek, and check for an independent pass at a different lighting before writing a finding.",data/processed\ESP_013236_1410\ESP_013236_1410_RGB.NOMAP.browse_enh.png,,0.465,,,,,,,
ESP_013948_1410_IRB.NOMAP.browse_enh.png,600,13148,24,32,0.18,768,1.33,dark,2,1,1,0,False,1.0,0.569,37.64,no,0.6013,1.5139,0.8662,26.4,44.4,CONFIRMED-LEAD,high,small_blob,"Real feature confirmed at the same pixels in the corresponding band variant(s) of one acquisition. Fetch the EDR original, geolocate on Trek, and check for an independent pass at a different lighting before writing a finding.",data/processed\ESP_013948_1410\ESP_013948_1410_IRB.NOMAP.browse_enh.png,,0.498,,,,,,,
ESP_013236_1410_RGB.NOMAP.browse_enh.png,424,13900,24,24,0.22,576,1.0,dark,2,0,1,0,False,0.984,1.0,36.43,no,0.639,1.2939,0.5208,22.2,44.2,CONFIRMED-LEAD,high,small_blob,"Real feature confirmed at the same pixels in the corresponding band variant(s) of one acquisition. Fetch the EDR original, geolocate on Trek, and check for an independent pass at a different lighting before writing a finding.",data/processed\ESP_013236_1410\ESP_013236_1410_RGB.NOMAP.browse_enh.png,,0.498,,,,,,,
ESP_013236_1410_IRB.NOMAP.browse_enh.png,860,2980,24,20,0.13,480,1.2,bright,2,1,1,0,False,0.66,0.625,41.97,no,0.7727,1.4351,0.7857,26.0,44.0,CONFIRMED-LEAD,high,small_blob,"Real feature confirmed at the same pixels in the corresponding band variant(s) of one acquisition. Fetch the EDR original, geolocate on Trek, and check for an independent pass at a different lighting before writing a finding.",data/processed\ESP_013236_1410\ESP_013236_1410_IRB.NOMAP.browse_enh.png,,0.498,,,,,,,
ESP_013948_1410_IRB.NOMAP.browse_enh.png,908,7272,20,20,0.2,400,1.0,bright,2,0,1,0,False,0.993,0.705,68.29,no,0.7535,1.2557,0.8087,22.0,44.0,CONFIRMED-LEAD,high,small_blob,"Real feature confirmed at the same pixels in the corresponding band variant(s) of one acquisition. Fetch the EDR original, geolocate on Trek, and check for an independent pass at a different lighting before writing a finding.",data/processed\ESP_013948_1410\ESP_013948_1410_IRB.NOMAP.browse_enh.png,,0.498,,,,,,,
ESP_013948_1410_IRB.NOMAP.browse_enh.png,880,10336,20,28,0.16,560,1.4,dark,2,1,1,0,False,1.0,0.577,35.3,no,0.6466,1.5197,0.1625,26.0,44.0,CONFIRMED-LEAD,high,small_blob,"Real feature confirmed at the same pixels in the corresponding band variant(s) of one acquisition. Fetch the EDR original, geolocate on Trek, and check for an independent pass at a different lighting before writing a finding.",data/processed\ESP_013948_1410\ESP_013948_1410_IRB.NOMAP.browse_enh.png,,0.498,,,,,,,
ESP_013948_1410_IRB.NOMAP.browse_enh.png,556,13132,24,20,0.13,480,1.2,bright,2,1,1,0,False,1.0,0.569,49.14,no,0.5948,1.5258,0.7559,26.0,44.0,CONFIRMED-LEAD,high,small_blob,"Real feature confirmed at the same pixels in the corresponding band variant(s) of one acquisition. Fetch the EDR original, geolocate on Trek, and check for an independent pass at a different lighting before writing a finding.",data/processed\ESP_013948_1410\ESP_013948_1410_IRB.NOMAP.browse_enh.png,,0.498,,,,,,,
ESP_013948_1410_RED.abrowse_enh.png,2128,5104,24,20,0.24,480,1.2,dark,2,0,1,1,False,1.0,0.807,30.41,no,0.8273,1.4132,0.9554,22.0,44.0,CONFIRMED-LEAD,high,small_blob,"Real feature confirmed at the same pixels in the corresponding band variant(s) of one acquisition. Fetch the EDR original, geolocate on Trek, and check for an independent pass at a different lighting before writing a finding.",data/processed\ESP_013948_1410\ESP_013948_1410_RED.abrowse_enh.png,,0.498,,,,,,,
ESP_013236_1410_IRB.NOMAP.browse_enh.png,144,13936,28,16,0.33,448,1.75,bright,2,0,1,0,False,1.0,1.0,41.56,no,0.5753,1.3949,0.6487,21.9,43.9,CONFIRMED-LEAD,high,small_blob,"Real feature confirmed at the same pixels in the corresponding band variant(s) of one acquisition. Fetch the EDR original, geolocate on Trek, and check for an independent pass at a different lighting before writing a finding.",data/processed\ESP_013236_1410\ESP_013236_1410_IRB.NOMAP.browse_enh.png,,0.492,,,,,,,
ESP_013948_1410_IRB.NOMAP.browse_enh.png,492,12952,24,44,0.15,1056,1.83,bright,2,1,1,0,False,1.0,0.68,50.41,no,0.7896,0.9775,0.3634,25.5,43.5,CONFIRMED-LEAD,high,small_blob,"Real feature confirmed at the same pixels in the corresponding band variant(s) of one acquisition. Fetch the EDR original, geolocate on Trek, and check for an independent pass at a different lighting before writing a finding.",data/processed\ESP_013948_1410\ESP_013948_1410_IRB.NOMAP.browse_enh.png,,0.498,,,,,,,
ESP_013236_1410_IRB.NOMAP.browse_enh.png,828,15184,16,28,0.15,448,1.75,dark,2,1,1,0,False,0.927,0.504,55.49,no,0.794,1.2005,0.5826,25.3,43.3,CONFIRMED-LEAD,high,small_blob,"Real feature confirmed at the same pixels in the corresponding band variant(s) of one acquisition. Fetch the EDR original, geolocate on Trek, and check for an independent pass at a different lighting before writing a finding.",data/processed\ESP_013236_1410\ESP_013236_1410_IRB.NOMAP.browse_enh.png,,0.498,,,,,,,
ESP_013948_1410_RGB.NOMAP.browse_enh.png,160,2308,24,16,0.22,384,1.5,bright,2,0,1,0,False,1.0,1.0,48.13,no,0.6799,1.2164,0.5334,21.3,43.3,CONFIRMED-LEAD,high,small_blob,"Real feature confirmed at the same pixels in the corresponding band variant(s) of one acquisition. Fetch the EDR original, geolocate on Trek, and check for an independent pass at a different lighting before writing a finding.",data/processed\ESP_013948_1410\ESP_013948_1410_RGB.NOMAP.browse_enh.png,,0.498,,,,,,,
ESP_013236_1410_IRB_C_01_ORTHO.th_enh.png,700,2552,16,20,0.75,320,1.25,bright,2,1,1,0,False,1.0,1.0,105.96,no,0.8601,0.8073,0.8822,21.3,43.3,CONFIRMED-LEAD,high,small_blob,"Real feature confirmed at the same pixels in the corresponding band variant(s) of one acquisition. Fetch the EDR original, geolocate on Trek, and check for an independent pass at a different lighting before writing a finding.",data/processed\ESP_013948_1410_ESP_013236_1410\ESP_013236_1410_IRB_C_01_ORTHO.th_enh.png,,0.425,,,,,,,
ESP_013236_1410_RED_C_01_ORTHO.ab_enh.png,1064,2760,20,24,0.6,480,1.2,dark,2,0,1,0,False,1.0,0.553,27.82,no,0.7629,1.3343,0.8708,25.2,43.2,CONFIRMED-LEAD,high,small_blob,"Real feature confirmed at the same pixels in the corresponding band variant(s) of one acquisition. Fetch the EDR original, geolocate on Trek, and check for an independent pass at a different lighting before writing a finding.",data/processed\ESP_013948_1410_ESP_013236_1410\ESP_013236_1410_RED_C_01_ORTHO.ab_enh.png,,0.451,,,,,,,
ESP_013948_1410_IRB.NOMAP.browse_enh.png,512,13720,20,24,0.58,480,1.2,dark,2,0,1,0,False,0.939,0.586,31.77,no,0.7573,1.5004,0.8313,25.0,43.0,CONFIRMED-LEAD,high,small_blob,"Real feature confirmed at the same pixels in the corresponding band variant(s) of one acquisition. Fetch the EDR original, geolocate on Trek, and check for an independent pass at a different lighting before writing a finding.",data/processed\ESP_013948_1410\ESP_013948_1410_IRB.NOMAP.browse_enh.png,,0.456,,,,,,,
ESP_013948_1410_RGB.NOMAP.browse_enh.png,72,7968,16,28,0.23,448,1.75,bright,2,0,1,0,False,1.0,1.0,44.11,no,0.7151,1.6187,0.3347,21.0,43.0,CONFIRMED-LEAD,high,small_blob,"Real feature confirmed at the same pixels in the corresponding band variant(s) of one acquisition. Fetch the EDR original, geolocate on Trek, and check for an independent pass at a different lighting before writing a finding.",data/processed\ESP_013948_1410\ESP_013948_1410_RGB.NOMAP.browse_enh.png,,0.498,,,,,,,
ESP_013948_1410_IRB.NOMAP.browse_enh.png,800,10504,16,24,0.13,384,1.5,bright,2,1,1,0,False,0.451,1.0,42.45,no,0.7068,1.8257,0.1494,25.5,41.5,CONFIRMED-LEAD,low,small_blob,"Real feature confirmed at the same pixels in the corresponding band variant(s) of one acquisition. Fetch the EDR original, geolocate on Trek, and check for an independent pass at a different lighting before writing a finding.",data/processed\ESP_013948_1410\ESP_013948_1410_IRB.NOMAP.browse_enh.png,,0.498,,,,,,,
ESP_013236_1410_MIRB.browse_enh.png,1380,2316,20,20,0.02,400,1.0,dark,3,2,1,1,False,0.009,0.707,50.34,no,0.7664,1.0105,0.5819,30.4,40.4,CONFIRMED-LEAD,low,small_blob,"Real feature confirmed at the same pixels in the corresponding band variant(s) of one acquisition. Fetch the EDR original, geolocate on Trek, and check for an independent pass at a different lighting before writing a finding.",data/processed\ESP_013236_1410\ESP_013236_1410_MIRB.browse_enh.png,,0.498,,,,,,,
ESP_013236_1410_RED_C_01_ORTHO.ab_enh.png,1564,5916,16,36,1.17,576,2.25,bright,2,0,1,0,False,1.0,1.0,55.65,no,0.8328,0.7402,0.8682,18.4,40.4,CONFIRMED-LEAD,high,small_blob,"Real feature confirmed at the same pixels in the corresponding band variant(s) of one acquisition. Fetch the EDR original, geolocate on Trek, and check for an independent pass at a different lighting before writing a finding.",data/processed\ESP_013948_1410_ESP_013236_1410\ESP_013236_1410_RED_C_01_ORTHO.ab_enh.png,,0.393,,,,,,,
ESP_013948_1410_RED_C_01_ORTHO.ab_enh.png,1540,5860,16,40,0.96,640,2.5,bright,2,0,1,0,False,1.0,1.0,60.2,no,0.8646,0.8277,0.915,16.2,38.2,CONFIRMED-LEAD,high,small_blob,"Real feature confirmed at the same pixels in the corresponding band variant(s) of one acquisition. Fetch the EDR original, geolocate on Trek, and check for an independent pass at a different lighting before writing a finding.",data/processed\ESP_013948_1410_ESP_013236_1410\ESP_013948_1410_RED_C_01_ORTHO.ab_enh.png,,0.402,,,,,,,
ESP_013948_1410_IRB.NOMAP.browse_enh.png,948,1860,28,24,0.44,672,1.17,bright,2,0,1,0,False,1.0,1.0,49.61,no,0.7649,1.1397,0.7307,13.9,35.9,CONFIRMED-LEAD,high,small_blob,"Real feature confirmed at the same pixels in the corresponding band variant(s) of one acquisition. Fetch the EDR original, geolocate on Trek, and check for an independent pass at a different lighting before writing a finding.",data/processed\ESP_013948_1410\ESP_013948_1410_IRB.NOMAP.browse_enh.png,,0.478,,,,,,,
ESP_013236_1410_IRB.NOMAP.browse_enh.png,768,7880,24,20,0.02,480,1.2,bright,2,0,1,0,False,0.244,1.0,70.69,no,0.7745,0.9808,0.5882,20.1,30.1,CONFIRMED-LEAD,low,small_blob,"Real feature confirmed at the same pixels in the corresponding band variant(s) of one acquisition. Fetch the EDR original, geolocate on Trek, and check for an independent pass at a different lighting before writing a finding.",data/processed\ESP_013236_1410\ESP_013236_1410_IRB.NOMAP.browse_enh.png,,0.498,,,,,,,
